-- phpMyAdmin SQL Dump
-- version 5.1.1
-- https://www.phpmyadmin.net/
--
-- Host: localhost
-- Generation Time: Jun 22, 2023 at 02:10 PM
-- Server version: 10.4.28-MariaDB
-- PHP Version: 7.2.30

SET SQL_MODE = "NO_AUTO_VALUE_ON_ZERO";
START TRANSACTION;
SET time_zone = "+00:00";


/*!40101 SET @OLD_CHARACTER_SET_CLIENT=@@CHARACTER_SET_CLIENT */;
/*!40101 SET @OLD_CHARACTER_SET_RESULTS=@@CHARACTER_SET_RESULTS */;
/*!40101 SET @OLD_COLLATION_CONNECTION=@@COLLATION_CONNECTION */;
/*!40101 SET NAMES utf8mb4 */;

--
-- Database: `d3tisolo_website`
--

-- --------------------------------------------------------

--
-- Table structure for table `d3ti_daily_view`
--

CREATE TABLE `d3ti_daily_view` (
  `daily_view_id` int(11) NOT NULL,
  `daily_view_title` varchar(255) NOT NULL,
  `daily_view_count` int(11) NOT NULL,
  `daily_view_type` enum('Post','Event','Product') NOT NULL,
  `created_at` date NOT NULL,
  `updated_at` date NOT NULL
) ENGINE=InnoDB DEFAULT CHARSET=latin1 COLLATE=latin1_swedish_ci;

--
-- Dumping data for table `d3ti_daily_view`
--

INSERT INTO `d3ti_daily_view` (`daily_view_id`, `daily_view_title`, `daily_view_count`, `daily_view_type`, `created_at`, `updated_at`) VALUES
(1, 'Teknik Informatika SV UNS Berkontribusi dalam MUNAS Aptikom 2022', 23, 'Post', '2023-06-21', '2023-06-21'),
(2, 'Toko Online dengan PHP dan MySQL', 2, 'Post', '2023-06-21', '2023-06-21'),
(3, 'Sismart-Sistem Informasi Disposisi Surat Dan Manajemen Arsip', 4, 'Post', '2023-06-21', '2023-06-21'),
(4, 'Teknik Informatika SV UNS Berkontribusi dalam MUNAS Aptikom 2022', 22, 'Post', '2023-06-20', '2023-06-21'),
(5, 'Toko Online dengan PHP dan MySQL', 2, 'Post', '2023-06-19', '2023-06-21'),
(6, 'Sismart-Sistem Informasi Disposisi Surat Dan Manajemen Arsip', 4, 'Post', '2023-06-18', '2023-06-21'),
(14, 'Gebyar SMART IT FES 2021', 1, 'Event', '2023-06-21', '2023-06-21'),
(15, 'SMART IT FEST COMPETITION 2022', 3, 'Event', '2023-06-22', '2023-06-22'),
(16, 'Information Technology Business Start-up : Ilmu Dasar Merintis Start-up IT', 5, 'Product', '2023-06-22', '2023-06-22'),
(17, 'tes', 2, 'Event', '2023-06-22', '2023-06-22'),
(18, 'Toko Online dengan PHP dan MySQL', 2, 'Post', '2023-06-22', '2023-06-22'),
(19, 'Diskusi Bersama PT. Solusi247 Penguatan Research Bidang Ekonomi Kreatif', 2, 'Post', '2023-06-22', '2023-06-22'),
(20, 'Teknik Informatika SV UNS Berkontribusi dalam MUNAS Aptikom 2022', 4, 'Post', '2023-06-22', '2023-06-22'),
(21, 'Lowongan KEMENTERIAN AGRARIA DAN TATA RUANG/ BADAN PERTANAHAN NASIONAL', 4, 'Post', '2023-06-22', '2023-06-22'),
(22, 'Mudah Membuat dan Berbisnis Aplikasi Android dengan Android Studio', 2, 'Product', '2023-06-22', '2023-06-22'),
(23, 'Mahasiswa D3TI UNS Ciptakan Game Android Save the Water', 2, 'Product', '2023-06-22', '2023-06-22'),
(24, 'Ajarkan Moralitas Lewat Permainan Ponsel', 4, 'Product', '2023-06-22', '2023-06-22'),
(25, 'Transformasi Digital Produk Aromaterapi  Desa Bandar Pacitan', 2, 'Post', '2023-06-22', '2023-06-22');

-- --------------------------------------------------------

--
-- Table structure for table `d3ti_event`
--

CREATE TABLE `d3ti_event` (
  `event_id` int(11) NOT NULL,
  `event_title` varchar(255) NOT NULL,
  `event_featured_image` varchar(255) NOT NULL,
  `event_content` text NOT NULL,
  `event_excerpt` varchar(255) NOT NULL,
  `event_date_of_event` datetime DEFAULT NULL,
  `event_status` enum('Pending','Draft','Published','Trash') NOT NULL,
  `event_date` datetime DEFAULT NULL,
  `event_author` varchar(64) NOT NULL,
  `event_link` varchar(255) NOT NULL,
  `event_meta` varchar(255) NOT NULL,
  `event_view` int(11) NOT NULL,
  `created_at` datetime NOT NULL,
  `updated_at` datetime NOT NULL
) ENGINE=InnoDB DEFAULT CHARSET=utf8mb4 COLLATE=utf8mb4_general_ci;

--
-- Dumping data for table `d3ti_event`
--

INSERT INTO `d3ti_event` (`event_id`, `event_title`, `event_featured_image`, `event_content`, `event_excerpt`, `event_date_of_event`, `event_status`, `event_date`, `event_author`, `event_link`, `event_meta`, `event_view`, `created_at`, `updated_at`) VALUES
(3, 'tes', '31ed3d61-779f-4390-a9fe-326e4237eca0.jpeg', '<p>tes</p>', 'tes', '2023-03-30 04:03:00', 'Trash', '2023-03-30 05:04:00', 'Fitrah Firdaus', 'tes', 'tes', 0, '2023-04-13 16:00:56', '2023-04-13 16:49:46'),
(5, 'tes', '34f21c8d-dd44-4be7-8397-76980d490620.jpeg', '<p>tes</p>', 'tes', '2023-04-14 10:49:00', 'Trash', '2023-04-14 10:49:08', 'Fitrah Firdaus', 'tes-1', 'tes', 0, '2023-04-14 03:49:31', '2023-06-10 15:34:40'),
(6, 'tes', 'f9cb5691-5650-4363-be87-bb9de99ffb70.jpg', '<p>tes</p>', 'tes', '2023-04-14 19:38:00', 'Trash', '2023-04-14 19:38:34', 'Fitrah Firdaus', 'tes-2', 'tes', 0, '2023-04-14 12:38:45', '2023-04-14 12:38:49'),
(7, 'test event', '001220bc-4198-42af-9f84-37e5ad0e1818.jpg', '<p>test</p>', 'test', '2023-05-20 00:05:00', 'Trash', '2023-05-14 00:05:01', 'Humas D3TI-UNS', 'test-event', 'test', 0, '2023-05-13 17:05:45', '2023-06-10 15:34:22'),
(8, 'SMART IT FEST COMPETITION 2022', '7eb0d826-b819-48f4-875f-b089d4bc1360.jpg', '<p>PROUDLY PRESENT &ndash; Sebelas Maret Information Technology Competition atau biasa disingkat SIC merupakan agenda tahunan dari D3 Teknik Informatika Universitas Sebelas Maret untuk mengapresiasi karya-karya dari masyarakat di seluruh Indonesia.</p>\r\n<p>SIF Competition tahun ini bertema &ldquo;Ready to Color the Future&rdquo; dengan arti siap untuk mewarnai masa depan menggambarkan kesiapan D3 Teknik Informatika yang untuk memulai inovasi-inovasi baru dalam bidang teknologi informasi. Kesiapan dalam memulai inovasi baru berkaitan dengan Dies Natalis D3 Teknik Informatika tahun 2022 yang ke 20 tahun yang tentunya menggambarkan kematangan dan kedewasaan untuk mengambil keputusan dalam mempersiapkan masa depan yang penuh warna.</p>\r\n<p>Lomba kompetisi yang akan mewarnai rangkain SIC diantaranya :<br>1. Lomba&nbsp;<strong>Start Up</strong><br>2. Lomba&nbsp;<strong>App Dev</strong><br>3. Lomba&nbsp;<strong>Short Movie</strong></p>\r\n<p>Pendaftaran Lomba Start Up:</p>\r\n<p><a href=\"https://bit.ly/PendaftaranLombaStartUpSIF2022\">Pendaftaran Lomba StartUp SIF2022</a></p>\r\n<p>Pendaftaran dan Pengumpulan Lomba APPS DEV:</p>\r\n<p><a href=\"https://bit.ly/DaftarAppsDevSIF2022\">Daftar AppsDev SIF2022</a></p>\r\n<p>Pendaftaran Lomba Short Movie</p>\r\n<p><a href=\"https://bit.ly/PendaftaranLombaShortMovieSIF2022\">Pendaftaran Lomba ShortMovie SIF2022</a></p>\r\n<p>Guide Book &amp; Contact Person :<br>LOMBA STARTUP<br>link: https://bit.ly/StartUpSIF2022<br>cp: wa.me/6285849540204 (Daaniis)</p>\r\n<p><br>SHORT MOVIE<br>link: https://bit.ly/ShortMovieSIF2022<br>cp : wa.me/6285259553669 (Ariela)</p>\r\n<p><br>APPS DEV<br>link: https://bit.ly/AppsDevSIF2022<br>cp: wa.me/6285607347220 (Meilinda)</p>\r\n<p>&ldquo;Ready to color the future&rdquo; bersama kami? Ikuti terus kami di @smartitfestofficial yaa..&nbsp;</p>\r\n<p>E-Mailkomp 2022<br>Pemuda Aktif dan Kreatif</p>\r\n<p>Media E-Mailkomp<br>IG : @emailkompuns<br>FB, Twitter : @emailkompsvuns<br>Line : @545zhkbq<br>Youtube : E-Mailkomp SV UNS<br>Web : emailkomp.mipa.uns.ac.id</p>\r\n<p>Media SMART IT FEST<br>FB : Smart Itfest<br>IG : smartitfestofficial<br>Email : <a href=\"mailto:smartitfestofficial@gmail.com\">smartitfestofficial@gmail.com</a></p>\r\n<p><img class=\"img-fluid w-100\" style=\"object-fit: cover;\" src=\"https://d3tisolo.vokasi.uns.ac.id/public/storage/images/1684275628.jpg\" alt=\"\" width=\"724\" height=\"724\"></p>\r\n<p>&nbsp;</p>', 'SMART IT FEST COMPETITION 2022', '2022-07-15 05:20:00', 'Published', '2022-06-09 05:14:14', 'Humas D3TI-UNS', 'smart-it-fest-competition-2022', 'SMART IT FEST COMPETITION 2022', 6, '2023-05-16 22:21:58', '2023-06-22 02:08:53'),
(9, 'APICS 2022 – CALL FOR PAPERS', '1d1ffbeb-8908-4c7c-b485-c2a6dcec56a3.png', '<p><strong>CALL FOR PAPERS APICS 2022</strong>&nbsp;&ndash; The 1st International Conference on Smart Technology, Applied Informatics, and Engineering. The 1st APICS 2022 is a prestigious international platform that brings together academicians, researchers, engineers, professionals, and industrial participants around the world to discuss and share knowledge about their research findings, innovative ideas, and experiences to advance the field of Information Technology, Data Engineering, Artificial Intelligence, Smart Technology, Applied Informatics, and Advanced Engineering.</p>\r\n<p><strong>PUBLICATION</strong><br>1. APICS 2022 Conference Proceeding<br>2. Accepted papers will be submitted for possible inclusion subject to IEEE Xplore&rsquo;s scope and quality requirements and expected to be indexed by SCOPUS.<br>3. Selected papers will be considered for publication in IJAI &ndash; Sinta national reputable journal (https://jurnal.uns.ac.id/ijai)</p>\r\n<p><strong>Virtual Conference</strong>: Surakarta, Indonesia; Tuesday to Wednesday (23-24th August 2022)<br>Theme: &ldquo;Driving Digital Transformations toward Society 5.0 through Smart Technology and Artificial Intelligence&rdquo;</p>\r\n<p><strong>Important Dates:</strong><br>Full Manuscript Deadline: 10th July 2022 (extended)<br>Notification of Acceptance: 21st July 2022<br>Early Bird Registration Due: 28th July 2022<br>Final Camera Ready: 12th August 2022<br>Regular Registration Due: 12th August 2022<br>Conference Day: 23-24th August 2022<br>Paper submission link: https://apics.i-kaigi.com/login</p>\r\n<p><strong>For more information,</strong><br>Visit: https://apics.uns.ac.id/<br>Email: apics@mail.uns.ac.id<br>CP: +6285702401789 (Hartatik)<br>+6281226736944 (Nurul)</p>\r\n<p><img class=\"img-fluid w-100\" style=\"object-fit: cover;\" src=\"https://d3tisolo.vokasi.uns.ac.id/public/storage/images/1684275821.png\" alt=\"\" width=\"794\" height=\"1226\"></p>', 'APICS 2022 – CALL FOR PAPERS', '2022-08-24 05:24:00', 'Published', '2023-05-17 05:25:27', 'Humas D3TI-UNS', 'apics-2022---call-for-papers', 'The 1st APICS 2022 is a prestigious international platform that brings together academicians, researchers, engineers, professionals  and industrial participants around the world', 2, '2023-05-16 22:25:47', '2023-06-21 05:50:02'),
(10, 'asdasd', '8835ec25-1c03-460f-b2c1-567e945180b4.jpeg', '<p>sadasdas</p>', 'asdasdasdasdasdasdasd', '2023-06-05 12:47:00', 'Trash', '2023-06-05 12:47:49', 'Fitrah Firdaus', 'asdasd', 'asdasdasdasdas', 0, '2023-06-05 05:48:04', '2023-06-10 02:25:20'),
(11, 'Gebyar SMART IT FES 2021', '7cf1abf6-63ef-4cfc-866f-12415a9cb39b.jpeg', '<p><img class=\"img-fluid w-100\" style=\"object-fit: cover;\" src=\"https://d3ti.vokasi.uns.ac.id/wp-content/uploads/2021/09/opening.png\" alt=\"\" width=\"1017\" height=\"584\"></p>\r\n<figure class=\"wp-block-image size-large\">\r\n<figcaption>SMART IT FEST QUANTUM 2021</figcaption>\r\n</figure>\r\n<p>SMART IT FEST QUANTUM D3 Teknik Informatika Sekolah Vokasi Universitas Sebelas Maret yang dilaksanakan 25 september 2021- 2 oktober 2021 merupakan gebyar IT yang diselengarakan oleh prodi D3 Teknik Informatika dan E-mailkomp dengan ketua umum Armada Muhammad Siswanto. Acara ini dibuka oleh Dekan Sekolah Vokasi Universitas Sebelas Maret surakarta, Bp. Drs. Santoso Tri Hananto, M.Acc., Ak. dalam kesempatan ini bapak Dekan Sekolah Vokasi UNS sebagai upaya peningkatan kualitas lulusan mendukung transformasi lulusan siap kerja. dalam sambutan kepala program Studi d3 Teknik Informatika, Ibu Hartatik S.Si,M.Si mengapresiasi kegiatan SMART IT FEST sebagai wujud sumbang sih untuk membangun Bangsa yang diketuai oleh Muhammad Irfan Pratama dengan Dosen pendamping Ibu Berliana kusuma Riasti, S.T,M.Eng.</p>\r\n<p><img class=\"img-fluid w-100\" style=\"object-fit: cover;\" src=\"https://d3ti.vokasi.uns.ac.id/wp-content/uploads/2021/09/DSC00471-1068x712.jpg\" alt=\"\" width=\"1004\" height=\"669\"></p>\r\n<p>SMART IT FEST QUANTUM D3 Teknik Informatika Sekolah Vokasi Universitas Sebelas Maret ini merupakan salah satu bentuk pengabdian kepada masyarakat sesuai dengan pasal ketiga Tri Dharma Perguruan Tinggi yang mencakup berbagai elemen di dalamnya terutama dalam bidang Teknologi Informasi. Acara ini sebagai wadah publikasi dan promosi serta pengenalan produk-produk Teknologi Informasi yang telah dikembangkan oleh Mahasiswa Tingkat Akhir D3 Teknik Informatika Sekolah Vokasi UNS kepada masyarakat luas terutama masyarakat di daerah Surakarta dan sekitarnya. Selain itu, pada tahun ini kegiatan SMART IT FEST QUANTUM mengusung tema Bangun Indonesia. Yang dimana banyaknya permasalahan yang dihadapi Indonesia akibat pandemi&nbsp;<em>Covid</em>-19 ini memerlukan inovasi dan semangat baru untuk pulih kembali setelah pandemi ini di semua bidang seperti pendidikan, kesehatan, teknologi dll. Dengan diadakannya acara ini, kami berharap dapat memberikan beberapa kontribusi nyata &ldquo;Bangun indonesia&rdquo; dari pandemi ini seperti sebelumnya dan menjadi lebih baik lagi. &rdquo; Terdepan dalam inovasi , kolaborasi, dan prestasi yang Kompetens&rdquo;</p>\r\n<p><img class=\"img-fluid w-100\" style=\"object-fit: cover;\" src=\"https://d3ti.vokasi.uns.ac.id/wp-content/uploads/2021/09/IMG_8167-1068x712.jpg\" alt=\"\" width=\"362\" height=\"241\"></p>\r\n<p>&nbsp;</p>', 'SMART IT FEST QUANTUM D3 Teknik Informatika Sekolah Vokasi Universitas Sebelas Maret dilaksanakan pada 25 september 2021', '2021-09-25 22:40:00', 'Published', '2021-09-29 22:34:54', 'Mohamad Wijdan Arif', 'gebyar-smart-it-fes-2021', 'Gebyar SMART IT FES 2021', 9, '2023-06-10 15:42:46', '2023-06-21 07:29:02'),
(12, 'Kolaborasi IDUKA dan alumni berbasis CBL dan PBL Prodi D3TI SV UNS', 'c4061b86-418b-4148-ae8c-7566d9188a99.jpeg', '<p>Senin, 12 Juli 2021 dilaksanakan Forum Grup Discussion (FGD) Inovasi Pembelajaran Case Based Learning (CBL) dan project Based Learning (PBL) dengan mitra DUDI (Dunia Usaha Dunia Industri)Surakarta via daring yang diikuti oleh direksi SV (Sekolah Vokasi), dosen dan alumni D3TI UNS. Hadir untuk memberikan sambutan Ketua Prodi D3TI, Ibu Hartatik S.Si., M.Si., dilanjutkan sambutan sekaligus pembukaan FGD oleh Dekan SV UNS, Bp Drs. Santoso Tri Hananto M.Acc., Ak., serta paparan pembelajaran CBL (Case based Learning) dan PBL (Project Based Learning) oleh Ketua Lab, Bp Muhammad Asri Safi&rsquo;ie, S.Si., M.Kom.</p>\r\n<p>FGD ini bertujuan untuk menggali teknologi terkini dalam penerapannya di dunia kerja/industri, yang mana akan di link and match-kan dengan pembelajaran CBL dan PBL di kampus. Narasumber diskusi dari mitra DUDI sekaligus juga alumni D3TI ini berasal dari berbagai bidang yaitu software development, animasi (AR/VR technology), game development, jaringan, NOC, dan technopreneur.</p>\r\n<p><img class=\"img-fluid w-100\" style=\"object-fit: cover;\" src=\"https://d3ti.vokasi.uns.ac.id/wp-content/uploads/2021/07/WhatsApp-Image-2021-07-12-at-11.25.18-1-1068x600.jpeg\" alt=\"\" width=\"1068\" height=\"600\"></p>\r\n<p>Pada diskusi inovasi pembelajaran CBL dan PBL ini, mitra DUDI diantaranya GoJek, Ruang Guru, PT PINDAD, Arutala, PT KAI, Leomotions, Jonajo LLC, PT Angkasa Pura I, serta alumni yang berwiraswasta dalam bidang software development dan ISP (Internet Service Provider) diharapkan dapat memberikan problem, real world case atau proyek industri kepada mahasiswa yang nantinya bisa digunakan sebagai materi dalam proses pembelajaran di kampus. Selain itu, prodi juga berharap alumni bisa membagikan ilmu dan pengalaman yang didapatkan didunia kerja kepada adik tingkatnya serta memberikan peluang untuk magang ataupun bekerja.</p>\r\n<p><img class=\"img-fluid w-100\" style=\"object-fit: cover;\" src=\"https://d3ti.vokasi.uns.ac.id/wp-content/uploads/2021/07/WhatsApp-Image-2021-07-12-at-15.08.24-1068x600.jpeg\" alt=\"\" width=\"1068\" height=\"600\"></p>\r\n<p>Target yang ingin prodi capai bersama dengan alumni yang menjadi mitra DUDI ini adalah kolaborasi akademik dan riset serta kerjasama dalam menghadapi perkembangan kurikulum agar link and match dengan kebutuhan DUDI, MBKM (Merdeka Belajar Kampus Merdeka), serta isu-isu penting dan tantangan Society 5.0.</p>', 'Kolaborasi IDUKA dan alumni berbasis CBL dan PBL Prodi D3TI SV UNS', '2021-07-12 22:49:00', 'Published', '2021-07-13 22:46:02', 'Mohamad Wijdan Arif', 'kolaborasi-iduka-dan-alumni-berbasis-cbl-dan-pbl-prodi-d3ti-sv-uns', 'Kolaborasi IDUKA dan alumni berbasis CBL dan PBL Prodi D3TI SV UNS', 0, '2023-06-10 15:50:35', '2023-06-10 15:50:35'),
(13, 'Webinar IT Technopreuner “Menangkap Peluang Bisnis IT, Start Up dan Melejitkan Karir Bidang IT”', '14717442-167b-4223-9b52-317b92220394.jpeg', '<p><img class=\"img-fluid w-100\" style=\"object-fit: cover;\" src=\"https://d3ti.vokasi.uns.ac.id/wp-content/uploads/2021/04/seminar-it-d3ti-uns-vokasi-1.jpg\" alt=\"\" width=\"590\" height=\"900\"></p>\r\n<p>Webinar IT Technopreuner &ldquo;Menangkap Peluang Bisnis IT, Start Up dan Melejitkan Karir Bidang IT&rdquo;</p>\r\n<p><img class=\"img-fluid w-100\" style=\"object-fit: cover;\" src=\"https://d3ti.vokasi.uns.ac.id/wp-content/uploads/2021/04/seminar-it-d3ti-uns-vokasi-dan-smk-sma-768x1087.jpg\" alt=\"\" width=\"596\" height=\"844\"></p>\r\n<p>Buat Lulusan SMA/SMK</p>\r\n<p><img class=\"img-fluid w-100\" style=\"object-fit: cover;\" src=\"https://d3ti.vokasi.uns.ac.id/wp-content/uploads/2021/04/seminar-it-d3ti-uns-vokasi.jpg\" alt=\"\" width=\"590\" height=\"900\"></p>\r\n<p>Seminar TI 2021</p>', 'Webinar IT Technopreuner “Menangkap Peluang Bisnis IT, Start Up dan Melejitkan Karir Bidang IT”', '2021-04-16 08:30:00', 'Published', '2021-04-14 19:32:52', 'Mohamad Wijdan Arif', 'webinar-it-technopreuner--menangkap-peluang-bisnis-it--start-up-dan-melejitkan-karir-bidang-it-', 'Webinar IT Technopreuner “Menangkap Peluang Bisnis IT, Start Up dan Melejitkan Karir Bidang IT”', 0, '2023-06-11 12:36:24', '2023-06-11 12:36:24'),
(14, 'Family Gathering D3TI-UNS 2020', 'b2eded04-e015-4f62-9d18-cbcf1b8233a4.jpeg', '<p><img class=\"img-fluid w-100\" style=\"object-fit: cover;\" src=\"https://d3ti.vokasi.uns.ac.id/wp-content/uploads/2020/02/gathering-d3ti-2020-768x355.jpg\" alt=\"\" width=\"768\" height=\"355\"></p>\r\n<p>Keluarga Besar D3TI UNS mengadakan Family Gathering ke Malang, Jawa Timur dari tgl 22 sd 23 Februari 2020. Semangat Kebersamaan dan Kekeluargaan untuk Kemajuan Bersama</p>', 'Keluarga Besar D3TI UNS mengadakan Family Gathering ke Malang, Jawa Timur dari tgl 22 sd 23 Februari 2020.', '2020-02-22 07:02:00', 'Published', '2020-02-24 19:36:43', 'Mohamad Wijdan Arif', 'family-gathering-d3ti-uns-2020', 'Family Gathering D3TI-UNS 2020', 0, '2023-06-11 12:38:38', '2023-06-11 12:38:38'),
(15, 'Training Conversation di UPTP2B UNS', '380551a5-db89-4ca5-a5d9-4691b437abb8.jpeg', '<p><img class=\"img-fluid w-100\" style=\"object-fit: cover;\" src=\"https://d3ti.vokasi.uns.ac.id/wp-content/uploads/2020/02/training-bahsa-inggris-p2b2-768x575.jpg\" alt=\"\" width=\"768\" height=\"575\"></p>\r\n<p>D3TI SV-UNS dari Februari sd Mei 2020 Mengadakan Kegiatan peningkatan skill Training Conversation di P2B UNS. Tujuan dari kegiatan ini adalah meningkatkan upgrading kemampuan dalam berbahasa Inggris.</p>\r\n<p><img class=\"img-fluid w-100\" style=\"object-fit: cover;\" src=\"https://d3ti.vokasi.uns.ac.id/wp-content/uploads/2020/02/training-bahsa-inggris-p2b-1068x602.jpg\" alt=\"\" width=\"768\" height=\"433\"></p>\r\n<p>Training Percakapan Bahasan Inggris di P2B</p>', 'Training Conversation di UPTP2B UNS', '2020-02-20 08:39:00', 'Published', '2020-02-21 08:38:59', 'Mohamad Wijdan Arif', 'training-conversation-di-uptp2b-uns', 'Training Conversation di UPTP2B UNS', 0, '2023-06-11 12:40:51', '2023-06-11 12:40:51'),
(16, 'Come & Join! SMART IT FEST 2019', '65005e85-f4d3-4846-8899-3ecdddd1c44f.jpeg', '<p><img class=\"img-fluid w-100\" style=\"object-fit: cover;\" src=\"https://d3ti.vokasi.uns.ac.id/wp-content/uploads/2019/09/smart-it-fest-209.jpg\" alt=\"\" width=\"735\" height=\"558\"></p>\r\n<p>Entitas Mahasiswa D3 Teknik Informatika (E-Mailkomp) Fakultas MIPA Universitas Sebelas Maret kembali mengadakan ritual teknologi tahunan &ldquo;SMART IT FEST 2019&rdquo;. Tema yang diusung adalah :&nbsp;<strong>Membangun Generasi Kreatif dengan Semangat Persatuan di Era Revolusi Industri 4.0</strong></p>\r\n<p>Berbagai acara kegiatan telh dirancang dan tentunya sangat berguna bagi siapapun untuk mengikutinya. Selain tempat yang nyaman dan strategis, materi-materi IT nya uptodate dan berguna untuk siapapun.</p>\r\n<p>Berikut adalah berbagai kegiatan yang akan berlangsung :</p>\r\n<p>EXPO TUGAS AKHIR D3 TI</p>\r\n<p>19 &ndash; 21 September 2019</p>\r\n<p>Atrium Hartono Mall Solo Baru</p>\r\n<h1>Seminar IT Nasional</h1>\r\n<p><strong>SECURITY</strong></p>\r\n<p>Know More About Data Security</p>\r\n<p>&nbsp;Kamis, 19 September 2019</p>\r\n<p>13.30 &ndash; 15.30 WIB</p>\r\n<p>Josua M Sinambela (CEO at RootBrain, Computer Network &amp; Infosec Consultant, Digital Forensic Analyst)&nbsp;</p>\r\n<p>Pendaftaran via WhatsApp:<br>http://bit.ly/SIF19-Security<br>Contact Person: Priaji (083856363632)</p>\r\n<p><strong>ANDROID</strong></p>\r\n<p>Explore Your World With Android Technology</p>\r\n<p>Jumat,20 September 2019</p>\r\n<p>13.30 &ndash; 15.30 WIB</p>\r\n<p>Andrew Kurniadi (Enterpreneur &amp; Google Android Developer Expert, Co Founder &amp; CEO at Lumio.id)</p>\r\n<p><br>.Pendaftaran via WhatsApp:<br>http://bit.ly/SIF19-Android<br>Contact Person: Nursiah (082220706828)</p>\r\n<p><strong>Internet of Things</strong></p>\r\n<p>Develop your creativity with IoT in industri&nbsp;</p>\r\n<p>Jumat 20 September 2019</p>\r\n<p>19.00 &ndash; 21.00 WIB</p>\r\n<p>Hisyam Kamil (IoT Product Architect at PT Bobobox Mitra Indonesia)</p>\r\n<p><br>Pendaftaran via WhatsApp:<br>Http://bit.ly/SIF19-IOT<br>Contact Person: Miftah (0895352295115)</p>\r\n<p><strong>STARTUP</strong></p>\r\n<p>THE SECRET OF STARTUP BUSSINES</p>\r\n<p>Sabtu, 21 September 2019</p>\r\n<p>15.30 &ndash; 17.30 WIB</p>\r\n<p>CARL IDEAS PRAMUDITYO (CEO Ideasmart, Co-Founder AKUN.biz)</p>\r\n<p>Pendaftaran via WhatsApp :<br>http://bit.ly/SIF19-Startup<br>.<br>Contact Person: Rendi (085786773800)</p>\r\n<h1>IT COMPETITION</h1>\r\n<p>VISION (WEB SMART IT COMPETION)</p>\r\n<p>Kamis, 19 September 2019</p>\r\n<p>DOTA 2 COMPETITION</p>\r\n<p>Sabtu, 21 September 2019</p>\r\n<p><img class=\"img-fluid w-100\" style=\"object-fit: cover;\" src=\"https://d3ti.vokasi.uns.ac.id/wp-content/uploads/2019/09/smart-it-fest.jpg\" alt=\"\" width=\"735\" height=\"1061\"></p>', 'Come & Join! SMART IT FEST 2019', '2019-09-19 08:48:00', 'Published', '2019-09-18 08:41:12', 'Mohamad Wijdan Arif', 'come---join--smart-it-fest-2019', 'Come & Join! SMART IT FEST 2019', 0, '2023-06-11 12:49:15', '2023-06-11 12:49:15'),
(17, 'SMART-ICET 2019 : Pengembangan IoT dan Game Edukasi', '0a0685cd-5b53-48bf-aac0-cd03a59b8456.jpeg', '<p><img class=\"img-fluid w-100\" style=\"object-fit: cover;\" src=\"https://d3ti.vokasi.uns.ac.id/wp-content/uploads/2019/07/smart-icet-2019-2-768x194.jpg\" alt=\"\" width=\"768\" height=\"194\"></p>\r\n<p>SMART-ICET 2019 mempersembahkan : PELATIHAN PENGEMBANGAN MEDIA PEMBELAJARAN BERBASIS IoT DAN GAME EDUKASI<br>Pelatihan 6 hari bersama :</p>\r\n<p>👤 TAUFIQURRAKHMAN NUR HIDAYAT, S.Kom., M.Cs<br>(Game Edukasi, Dosen D3 Teknik Informatika UNS)</p>\r\n<p>👤 NANANG MAULANA YOSEPH, S.Si., M.Cs<br>(Internet of Things-IoT, Dosen D3 Teknik Informatika UNS)</p>\r\n<p>🎮 Game Edukasi Dengan Adobe Animate</p>\r\n<p>🗓 Tanggal: 8-10 Juli 2019</p>\r\n<p>⏰ Waktu: 08.00-17.00 WIB</p>\r\n<p>🏬 Tempat: Laboratorium Jaringan Gedung A Lt.2 FMIPA UNS<br>📲 Internet of Things Menggunakan ESP8266</p>\r\n<p>🗓 Tanggal: 11-13 Juli 2019</p>\r\n<p>Waktu: 08.00-17.00 WIB</p>\r\n<p>Tempat: Laboratorium Jaringan Gedung A Lt.2 FMIPA UNS</p>\r\n<p>Ingin dapet ilmu banyak dalam 6 hari?</p>\r\n<p>YUK JOIN!!</p>\r\n<p>HTM Rp. 500K/PESERTA<br>(Sudah termasuk Makan &amp; Snack)</p>\r\n<p><br>SEGERA DAFTARKAN diri anda!</p>\r\n<p>Cara pendaftaran:<br>http://bit.ly/Smart-Icet2019</p>\r\n<p>Daftar#Alamat#Lembaga#Usia<br>Kirim ke :<br>WA: http://bit.ly/SMARTICET2019</p>\r\n<p>Nb:<br>Peserta diwajibkan membawa LAPTOP sendiri</p>\r\n<p>Diselenggarakan oleh :<br>D3 Teknik Informatika UNS<br>LABKOM FMIPA UNS</p>\r\n<p>Terimakasih</p>\r\n<p><img class=\"img-fluid w-100\" style=\"object-fit: cover;\" src=\"https://d3ti.vokasi.uns.ac.id/wp-content/uploads/2019/07/SMART-ICET-2019-UNS-768x1086.jpg\" alt=\"\" width=\"768\" height=\"1086\"></p>', 'SMART-ICET 2019 : Pengembangan IoT dan Game Edukasi', '2019-08-08 08:00:00', 'Published', '2019-08-05 08:49:36', 'Mohamad Wijdan Arif', 'smart-icet-2019---pengembangan-iot-dan-game-edukasi', 'SMART-ICET 2019 : Pengembangan IoT dan Game Edukasi', 0, '2023-06-11 12:53:01', '2023-06-11 12:53:01'),
(18, 'Workshop Sosial Media Creator / Influencer', '0e6d16e0-e22b-4a3c-9b52-b027945bad9d.jpeg', '<p><img class=\"img-fluid w-100\" style=\"object-fit: cover;\" src=\"https://d3ti.vokasi.uns.ac.id/wp-content/uploads/2019/04/workshop-sosmed-768x459.png\" alt=\"\" width=\"768\" height=\"459\"></p>\r\n<p><img class=\"img-fluid w-100\" style=\"object-fit: cover;\" src=\"https://d3ti.vokasi.uns.ac.id/wp-content/uploads/2019/04/DSCN6129-1068x801.jpg\" alt=\"\" width=\"768\" height=\"576\"></p>\r\n<figure class=\"wp-block-image\">\r\n<figcaption>Pembicara 1 Oleh Dimas Suyatno</figcaption>\r\n</figure>\r\n<p>Senin (01/04/2019) bertempat di Aula Gedung C lt 5 FMIPA UNS E-Mailkomp bekerja sama dengan Smartfren mengadakan Workshop dengan tema &ldquo;Social Media Creator/Influencer&rdquo;. Dalam acara ini menghadirkan pembicara Dani Akhtiyar dan Dimas Suyatno. Dimana Dani Akhiar sebagai Head of Community Development PT Smartfren Telecom dan Dimas Suyatno sebagai Blogger/Influencer.</p>\r\n<p>Pada materi pertama yang disampaikan oleh Dimas Suyatno membahas tentang menjadi seorang blogger/ influencer pemula. Beliau juga menceritakan kisah awal perjalan karirnya sebagai seorang blogger. Selain itu beliau juga aktif di beberapa sosial media sepert Twitter, Instagram, dan Facebook. Di Instagram beliau aktif mengelola akun yang saat ini cukup populer di kalangan anak muda solo yaitu agendasolo dan jajanansolo.</p>\r\n<p>Pada materi kedua yang disampaikan oleh Dani Akhyar membahas tentang mencari penghasilan dari Youtube. Beliau menceritakan sejarah Youtube yang awalnya berdiri sendiri hingga diakusisi oleh Google. Serta beliau memberikan cara atau tips dan trik untuk mendapatkan uang dari Youtube seperti konten yang berkualitas, dll.</p>\r\n<p>Acara workshop ditutup dengan penyerahan kenangan-kenangan kepada Prodi D3 Teknik Informatika yang diwakilkan oleh Bapak Taufiq dan E-Mailkomp yang diwakilkan oleh Ramadhan Ridwanullah. Selain itu memberikan hadiah kepada peseta yang beruntung seperti Mifi dan Starter Pack.</p>\r\n<p><img class=\"img-fluid w-100\" style=\"object-fit: cover;\" src=\"https://d3ti.vokasi.uns.ac.id/wp-content/uploads/2019/04/DSCN6178-1068x801.jpg\" alt=\"\" width=\"787\" height=\"590\"></p>\r\n<p>Penyerahan Doorprize Utama</p>\r\n<p><img class=\"img-fluid w-100\" style=\"object-fit: cover;\" src=\"https://d3ti.vokasi.uns.ac.id/wp-content/uploads/2019/04/DSCN6188-1068x801.jpg\" alt=\"\" width=\"791\" height=\"593\"></p>\r\n<p>Penyerahan Doorprize bagi penanya</p>', 'Workshop Sosial Media Creator / Influencer', '2019-04-01 08:00:00', 'Published', '2019-04-01 17:53:28', 'Mohamad Wijdan Arif', 'workshop-sosial-media-creator---influencer', 'Workshop Sosial Media Creator / Influencer', 0, '2023-06-11 12:55:53', '2023-06-11 12:55:53'),
(19, 'Pelaksanaan SerKom Mahasiswa D3TI 2020', '292098df-16ab-4d69-9006-5b053934f455.jpeg', '<p><img class=\"img-fluid w-100\" style=\"object-fit: cover;\" src=\"https://d3ti.vokasi.uns.ac.id/wp-content/uploads/2020/09/eacd32f7-893a-48c2-8480-5e00faff98b4-768x432.jpg\" alt=\"\" width=\"768\" height=\"432\"></p>\r\n<p>Pada hari Sabtu-Minggu, 5-6 September 2020 TUK SMART Prodi D3 Teknik Informatika Sekolah Vokasi UNS melaksanakan pembukaan dan pelaksanaan Uji SerKom via daring yang diikuti oleh 90 peserta yang terdiri dari tamu undangan, bapak/ibu assessor, bapak/ibu dosen dan mahasiswa yang akan melaksanakan Uji SerKom. Kompetensi yang akan diujikan meliputi bidang Web Design, Design Grafis dan Networking. Uji SerKom ini bertujuan untuk menguji kompetensi mahasiswa sehingga lulusan berkompeten di bidang Aplikasi IT dan Web.<br>Hadir untuk memberikan sambutan Ketua Prodi D3TI, Ibu Hartatik S.Si., M.Si., dilanjutkan sambutan sekaligus pembukaan uji SerKom mahasiswa D3TI, direksi sekolah vokasi diwakili oleh Wakil Direktur Bidang Akademik Kemahasiswaan dan Kerjasama Sekolah Vokasi Bp. Agus Dwi P, M.Call., serta sambutan dan penjelasan oleh Ketua LSP Informatika, Bp. Muhaimin, S.Kom., MM., M.Kom.<br>Tahun ini merupakan tahun kedua TUK SMART D3 Teknik Infomatika UNS melaksanakan Uji Kompetensi,&rdquo; jelas Hartatik. Agus menambahkan,&ldquo;Mahasiswa diwajibkan mempunyai minimal satu sertifikat untuk bekal memasuki dunia industri&rdquo;. Kemudian Muhaimin memaparkan bahwa &ldquo;Sertifikat yang diterbitkan mempunyai pengesahan secara nasional dan dapat diakui dalam taraf internasional&rdquo;.<br>Pembukaan Uji Serkom diakhiri oleh penjelasan teknis pelaksanaan uji serifikasi kompetensi mahasiswa oleh perwakilan assessor, Bp Jack Zain dan Ketua Panitia TUK SMART D3TI SV UNS, Bp Sahirul Alim TB, M.Eng.</p>', 'Pelaksanaan SerKom Mahasiswa D3TI 2020', '2020-09-05 08:00:00', 'Published', '2020-09-05 19:56:19', 'Mohamad Wijdan Arif', 'pelaksanaan-serkom-mahasiswa-d3ti-2020', 'Pelaksanaan SerKom Mahasiswa D3TI 2020', 0, '2023-06-11 12:58:09', '2023-06-11 12:58:09'),
(20, 'D3 Teknik Informatika UNS Mendirikan TUK Mandiri', '181dc59b-cdbf-4a19-962a-54fa8004608d.jpeg', '<p><img class=\"img-fluid w-100\" style=\"object-fit: cover;\" src=\"https://d3ti.vokasi.uns.ac.id/wp-content/uploads/2019/03/WhatsApp-Image-2019-03-02-at-20.47.46-768x471.jpeg\" alt=\"\" width=\"768\" height=\"471\"></p>\r\n<p><img class=\"img-fluid w-100\" style=\"object-fit: cover;\" src=\"https://d3ti.vokasi.uns.ac.id/wp-content/uploads/2019/03/WhatsApp-Image-2019-03-02-at-20.50.21.jpeg\" alt=\"\" width=\"768\" height=\"256\"></p>\r\n<p>2 Maret 2019 D3 Teknik Informatika mendapat visitasi dari LSP Informatika dalam rangka pengajuan TUK Mandiri. Acara tersebut dihadari oleh Komisoner BNSP Bonardo Aldo Tobing, BSBA dan perwakilan LSP Informatika Mohaemin, S.Kom., MM, M.Kom. Sebelum melaksanakan proses verifikasi administrasi pendirian acara dimulai dengan kuliah umum pada pukul 09.00 sampai 11.30 WIB di Aula Gedung C Fakultas Matematika dan Ilmu Pengetahuan Alam dengan judul Cyber Physical System pada Revolusi Industri 4.0</p>\r\n<p>Kuliah umum di bagi menjadi dua sesi. Sesi pertama disampaikan oleh Bonardo Aldo Tobing, BSBA tentang Sertifikasi dalam Rangka Menyongsong Era Revolusi industri 4.0. Kemudian sesi ke dua oleh bapak Mohaemin, S.Kom., MM, M.Kom. dengan tema Cyber Physical System pada Revolusi Industri 4.0.</p>\r\n<p>Verifikasi administrasi dilaksanakan pukul 13.00 sampai dengan 16.00 di ruang sidang 1 gedung A Fakultas Matematika dan Ilmu Pengetahuan Alam. Hasil yang dicapai dari verifikasi adalah adanya kesepatan pendirian TUK Mandiri dibawah LSP Telematika dengan beberapa revisi dokumen.</p>\r\n<p><img class=\"img-fluid w-100\" style=\"object-fit: cover;\" src=\"https://d3ti.vokasi.uns.ac.id/wp-content/uploads/2019/03/WhatsApp-Image-2019-03-02-at-09.04.30-1068x712.jpeg\" alt=\"\" width=\"782\" height=\"521\"></p>', 'D3 Teknik Informatika UNS Mendirikan TUK Mandiri', '2019-03-02 08:00:00', 'Published', '2019-03-04 18:11:24', 'Mohamad Wijdan Arif', 'd3-teknik-informatika-uns-mendirikan-tuk-mandiri', 'D3 Teknik Informatika UNS Mendirikan TUK Mandiri', 0, '2023-06-12 11:13:40', '2023-06-12 11:13:40'),
(21, 'Hadirkan Para Alumni Berprestasi, Program Studi D3TI FMIPA UNS Siap Meningkatkan Prestasi Mahasiswa', 'a0d6328d-c495-42e7-8fbf-f23551bcab77.jpeg', '<p>Dalam rangka peningkatan prestasi mahasiswa, Program Studi D3TI FMIPA UNS mengadakan workshop dan sarasehan peningkatan prestasi mahasiswa&nbsp;dengan judul LOKAKARYA PENINGKATAN KUALITAS KOMPETISI MAHASISWA DALAM KOMPETISI NASIONAL PRODI D3 TEKNIK INFORMATIKA FMIPA UNS SURAKARTA. Workshop yang diselenggarakan, mengundang para alumni yang telah beberapa kali mengikuti kompetisi dan berhasil mengukir prestasi. Sedangkan sarasehan oleh Program Studi bersama alumni dan mahasiswa, membahas mengenai teknis dan strategi pelaksanaan keikutsertaan kompetisi.</p>\r\n<p><img class=\"img-fluid w-100\" style=\"object-fit: cover;\" src=\"https://d3ti.vokasi.uns.ac.id/wp-content/uploads/2018/11/2-IMG-20181129-WA0148-768x384.jpg\" alt=\"\" width=\"768\" height=\"384\"></p>\r\n<p><img class=\"img-fluid w-100\" style=\"object-fit: cover;\" src=\"https://d3ti.vokasi.uns.ac.id/wp-content/uploads/2018/11/3-IMG-20181129-WA0136-768x384.jpg\" alt=\"\" width=\"768\" height=\"384\"></p>\r\n<p>Sambutan acara diberikan oleh Taufiqurrakhman Nur Hidayat selaku perwakilan dari Divisi Kemahasiswaan Program Studi D3TI FMIPA UNS, yang menyampaikan mengenai tujuan dari diselenggarakannya workshop dan sarasehan yaitu peningkatan prestasi mahasiswa baik secara kualitatif maupun kuantitatif. Pada sesi workshop pemateri disampaikan oleh para alumni secara bergantian. Dimulai oleh Candra Tri Cahyo Adi, dilanjutkan oleh&nbsp; Helmi Adi Prasetyo, Abdul Rohim Bayu Aji Prayogo, Ahzan Miftahudin Zuhri dan Haidar Yusuf Al Hambra. Para alumni berbagi cerita mengenai pengalaman mereka dalam mengikuti kompetisi. Selain itu, didalam sesi workshop yang dimoderatori oleh bapak Yudho Yudhanto, para alumni juga berbagi tips dan trik untuk mengukir prestasi dalam kompetisi.</p>\r\n<p><img class=\"img-fluid w-100\" style=\"object-fit: cover;\" src=\"https://d3ti.vokasi.uns.ac.id/wp-content/uploads/2018/11/4-IMG-20181129-WA0071-150x300.jpg\" alt=\"\" width=\"150\" height=\"300\"> <img class=\"img-fluid w-100\" style=\"object-fit: cover;\" src=\"https://d3ti.vokasi.uns.ac.id/wp-content/uploads/2018/11/5-IMG-20181129-WA0075-150x300.jpg\" alt=\"\" width=\"150\" height=\"300\"> <img class=\"img-fluid w-100\" style=\"object-fit: cover;\" src=\"https://d3ti.vokasi.uns.ac.id/wp-content/uploads/2018/11/6-IMG-20181129-WA0120-150x300.jpg\" alt=\"\" width=\"150\" height=\"300\"> <img class=\"img-fluid w-100\" style=\"object-fit: cover;\" src=\"https://d3ti.vokasi.uns.ac.id/wp-content/uploads/2018/11/7-IMG-20181129-WA0147-150x300.jpg\" alt=\"\" width=\"150\" height=\"300\"></p>\r\n<p>Pada sesi kedua dilakukan diskusi bersama antara pihak Program Studi yang dihadiri langsung oleh bapak Abdul Aziz selaku kepala program studi D3TI FMIPA UNS dan ibu Hartatik selaku pengelola keuangan, para alumni yang berprestasi dan perwakilan mahasiswa dari seluruh angkatan mahasiswa aktif, yang berjumlah 37 mahasiswa. Sesi kedua yang dimoderatori oleh bapak Fendi Aji Purnomo ini membahas mengenai teknis dan strategi bagaimana teman-teman mahasiswa program studi D3TI FMIPA UNS mempersiapkan diri guna mengikuti berbagai macam komptesi pada tahun 2019.</p>\r\n<p><img class=\"img-fluid w-100\" style=\"object-fit: cover;\" src=\"https://d3ti.vokasi.uns.ac.id/wp-content/uploads/2018/11/8-IMG-20181129-WA0163-768x384.jpg\" alt=\"\" width=\"768\" height=\"384\"></p>\r\n<p><img class=\"img-fluid w-100\" style=\"object-fit: cover;\" src=\"https://d3ti.vokasi.uns.ac.id/wp-content/uploads/2018/11/9-IMG-20181129-WA0206-768x384.jpg\" alt=\"\" width=\"768\" height=\"384\"></p>\r\n<p>Sebelum acara diakhiri, alumni Ahzan Miftahudin Zuhri dan Haidar Yusuf Al Hambra membagi-begikan stiker QR code mengenai green living. Dan alumni Helmi Adi Prasetyo memberikan sebuah kenang-kenangan buku berjudul Panduan Mudah Belajar Framework Laravel yang ditulis oleh bapak Yudho Yudhanto dan Helmi Adi Prasetyo sendiri. Acara workshop dan sarasehan ini diakhiri dengan sesi foto dan makan bersama antara pihak program studi D3TI FMIPA UNS, para alumni dan teman-teman mahasiswa.</p>\r\n<p><img class=\"img-fluid w-100\" style=\"object-fit: cover;\" src=\"https://d3ti.vokasi.uns.ac.id/wp-content/uploads/2018/11/10-IMG-20181129-WA0188-768x384.jpg\" alt=\"\" width=\"768\" height=\"384\"></p>\r\n<p><img class=\"img-fluid w-100\" style=\"object-fit: cover;\" src=\"https://d3ti.vokasi.uns.ac.id/wp-content/uploads/2018/11/11-IMG-20181129-WA0033-768x576.jpg\" alt=\"\" width=\"768\" height=\"576\"></p>', 'Hadirkan Para Alumni Berprestasi, Program Studi D3TI FMIPA UNS Siap Meningkatkan Prestasi Mahasiswa', '2018-11-30 08:00:00', 'Published', '2018-11-30 18:13:51', 'Mohamad Wijdan Arif', 'hadirkan-para-alumni-berprestasi--program-studi-d3ti-fmipa-uns-siap-meningkatkan-prestasi-mahasiswa', 'Hadirkan Para Alumni Berprestasi, Program Studi D3TI FMIPA UNS Siap Meningkatkan Prestasi Mahasiswa', 0, '2023-06-12 11:17:56', '2023-06-12 11:17:56'),
(22, 'Kuliah Pakar IoT & PHP', 'f43f3dbd-d54e-4ef4-a968-570322502c34.jpeg', '<p><img class=\"img-fluid w-100\" style=\"object-fit: cover;\" src=\"https://d3ti.vokasi.uns.ac.id/wp-content/uploads/2018/11/kuliah-pakar-768x768.jpg\" alt=\"\" width=\"768\" height=\"768\"></p>\r\n<p>Program Prodi D3TI wajib tahunan untuk mahasiswa dan umum adalah memberikan Kuliah Pakar. Menghadirkan pakar-pakar spesialis dibidang IT untuk memberikan ilmu terbaru. Kali ini adalah tentang IoT dan Pemrograman PHP.</p>', 'Kuliah Pakar IoT & PHP', '2018-11-27 08:00:00', 'Published', '2018-11-26 18:18:18', 'Mohamad Wijdan Arif', 'kuliah-pakar-iot---php', 'Kuliah Pakar IoT & PHP', 0, '2023-06-12 11:20:56', '2023-06-12 11:20:56'),
(23, 'Smart Fest 2018 “Membangun semangat Technopreneurship untuk meningkatkan persaingan di era global”', 'b27b3d25-ed1b-4e93-9da3-5e1878728f19.jpeg', '<p><img class=\"img-fluid w-100\" style=\"object-fit: cover;\" src=\"https://d3ti.vokasi.uns.ac.id/wp-content/uploads/2018/09/sift2018-768x1084.jpg\" alt=\"\" width=\"768\" height=\"1084\"></p>', 'Smart Fest 2018 “Membangun semangat Technopreneurship untuk meningkatkan persaingan di era global”', '2018-09-20 08:00:00', 'Published', '2018-09-14 18:21:21', 'Mohamad Wijdan Arif', 'smart-fest-2018--membangun-semangat-technopreneurship-untuk-meningkatkan-persaingan-di-era-global-', 'Smart Fest 2018 “Membangun semangat Technopreneurship untuk meningkatkan persaingan di era global”', 0, '2023-06-12 11:23:08', '2023-06-12 11:23:08'),
(24, 'Celebration of D3 Informatics Engineering 2018 ” Bersama Semakin Bermakna “', 'a2e87f54-9bc4-4588-b25a-bd0b2c217536.jpeg', '<p><img class=\"img-fluid w-100\" style=\"object-fit: cover;\" src=\"https://d3ti.vokasi.uns.ac.id/wp-content/uploads/2018/05/WhatsApp-Image-2018-05-05-at-19.30.31-768x1024.jpeg\" alt=\"\" width=\"768\" height=\"1024\"></p>\r\n<p>CODING ( Celebration of D3 Informatics Engineering )<br>&rdquo; Bersama Semakin Bermakna &rdquo;<br>Dalam rangka merayakan ulang tahun Program Studi D3 Teknik Informatika FMIPA UNS , E-Mailkomp (Entitas Mahasiswa D3 Teknik Informatika) mengadakan acara yang ditujukan untuk seluruh sivitas akademik D3 Teknik Informatika pada :</p>\r\n<p>Hari , Tanggal : Rabu , 9 Mei 2018<br>Waktu : 09.00 &ndash; Selesai<br>Tempat : Aula Gedung C , lt.5 Fakultas MIPA UNS</p>\r\n<p>Acara ini akan dimeriahkan dengan lomba antar mahasiswa dan banyak kegiatan lainnya.<br>Jadi jangan lupa untuk hadir dan memeriahkan acara CODING 2018 ini !!</p>\r\n<p><a href=\"https://www.instagram.com/p/Bibc3Gnhv2n/?taken-by=emailkompuns\">https://www.instagram.com/p/Bibc3Gnhv2n/?taken-by=emailkompuns</a></p>\r\n<p>Terimakasih kepada :<br>Program Studi D3 Teknik Informatika UNS<br>Alumni D3 Teknik Informatika UNS<br>Sponsor</p>', 'Celebration of D3 Informatics Engineering 2018 ” Bersama Semakin Bermakna “', '2018-05-09 09:00:00', 'Published', '2018-05-06 18:23:25', 'Mohamad Wijdan Arif', 'celebration-of-d3-informatics-engineering-2018---bersama-semakin-bermakna--', 'Celebration of D3 Informatics Engineering 2018 ” Bersama Semakin Bermakna “', 0, '2023-06-12 11:27:44', '2023-06-12 11:27:44'),
(25, 'Lokakarya “Standarisasi Mutu Pembelajaran dan Kelengkapan Dokumen Kurikulum” 1 Mei 2018', 'bd1bac62-30f1-4395-94a2-d6c7d3a6fb35.jpeg', '<p>Program Studi D3 Teknik Informatika, Fakultas Matematika dan Ilmu Pengetahuan Alam telah menyelenggarakan Lokakarya Kurikulum pada tanggal 1 &ndash; Mei 2018 dengan Judul/Tema &ldquo;Standarisasi Mutu Pembelajaran dan Kelengkapan Dokumen Kurikulum&rdquo; di Hotel Loji, Banjarsari, Solo sedangkan sebagai Narasumber/Pemateri adalah Bp. Budi Legowo, S.Si, M.Si sebagai perwakilan LPPMP (Lembaga Pengembangan dan Penjaminan Mutu Pendidikan) Universitas Sebelas Maret.</p>\r\n<p>Pada Lokakarya tersebut berisikan pengarahan tentang pembuatan dokumen pembelajaran yang berisikan tentang pembuatan RPS (Rencana Perkuliahan Semester), RRP (Rancangan Ringkas Perkuliahan), RPP (Rencana Pelaksanaan Pembelajaran). Dokumen-dokumen tersebut dilakukan perubahan dikarenakan mengikuti regulasi yang dikeluarkan oleh Kemenristekdikti dalam Permendikti No 44 Tahun 2015 tentang Standar Nasional Pendidikan Tinggi. Peraturan Menteri tersebut menyatakan bahwa perlu adanya Standarisasi Nasional Pendidikan Tinggi. Standar Nasional Pendidikan merupakan salah satu bagian dari Standar Nasional Pendidikan Tinggi yang berisi tentang standar kompetensi lulusan, isi pembelajaran, proses pembelajaran, penilaian pembelajaran, dosen dan tenaga kependidikan, sarana dan prasarana, pengelolaan pembelajaran dan pembiayaan pembelajaran.</p>\r\n<p>Dalam standar kompetensi lulusan tercantum tentang capaian pembelajaran lulusan yang mengacu pada deskripsi capaian pembelajaran lulusan KKNI dan memiliki kesetraan dengan jenjang kualifikasi pada KKNI. Sehingga perlu dilakukan perubahan tentang Kurikulum yang sebelumnya berjalan dalam standar KBK untuk disesuaikan ke dalam standar KKNI, yang berdampak pada perubahan isi pembelajaran, proses pembelajaran dan penilaian pembelajaran.</p>\r\n<p>Diharapkan dengan adanya lokakarya tersebut dapat terhimpun dokumen kurikulum yang komprehensif dan sesuai dengan Standar Nasional Pendidikan seperti yang ditetapkan oleh Pemerintah pada Program Studi Diploma 3 Teknik Informatika, Fakultas Matematika dan Ilmu Pengetahuan, Universitas Sebelas Maret.</p>\r\n<p><img class=\"img-fluid w-100\" style=\"object-fit: cover;\" src=\"https://d3ti.vokasi.uns.ac.id/wp-content/uploads/2018/05/IMG-20180503-WA0032-1-741x486-640x480.jpg\" alt=\"\" width=\"640\" height=\"420\"> <img class=\"img-fluid w-100\" style=\"object-fit: cover;\" src=\"https://d3ti.vokasi.uns.ac.id/wp-content/uploads/2018/05/IMG-20180501-WA0002-741x486-640x480.jpg\" alt=\"\" width=\"640\" height=\"420\"></p>\r\n<p><img class=\"img-fluid w-100\" style=\"object-fit: cover;\" src=\"https://d3ti.vokasi.uns.ac.id/wp-content/uploads/2018/05/IMG-20180501-WA0000-e1525339812742-741x486-640x480.jpg\" alt=\"\" width=\"640\" height=\"420\"> <img class=\"img-fluid w-100\" style=\"object-fit: cover;\" src=\"https://d3ti.vokasi.uns.ac.id/wp-content/uploads/2018/05/IMG-20180503-WA0032-741x486-640x480.jpg\" alt=\"\" width=\"640\" height=\"420\"></p>', 'Lokakarya “Standarisasi Mutu Pembelajaran dan Kelengkapan Dokumen Kurikulum” 1 Mei 2018', '2018-05-01 08:00:00', 'Published', '2018-05-03 18:28:01', 'Mohamad Wijdan Arif', 'lokakarya--standarisasi-mutu-pembelajaran-dan-kelengkapan-dokumen-kurikulum--1-mei-2018', 'Lokakarya “Standarisasi Mutu Pembelajaran dan Kelengkapan Dokumen Kurikulum” 1 Mei 2018', 0, '2023-06-12 11:31:08', '2023-06-12 11:31:08'),
(26, 'Roadshow – DILo Solo Goes to Campus D3 TI UNS', '67932ec2-8aff-4a9b-bc0a-cd415ef5fdb0.jpeg', '<p><img class=\"img-fluid w-100\" style=\"object-fit: cover;\" src=\"https://d3ti.vokasi.uns.ac.id/wp-content/uploads/2018/03/DAFTAR-UKURANKAOS-768x768.jpg\" alt=\"\" width=\"768\" height=\"768\"></p>\r\n<p>DILo Solo on Campus&nbsp;<a href=\"https://www.instagram.com/explore/tags/3/\">#</a>5<br>Goes to D3 Teknik Informatika UNS<br>Hai teman teman pegiat startup!<br>Bagi yang penasaran dan ingin mulai membangun usaha dibidang teknologi atau yang punya ide tapi bingung mewujudkannya boleh banget nih gabung.<br>Yuk gabung:<br><strong>Kamis, 22 Maret 2018</strong><br><strong>&nbsp;13.00 &ndash; 15.00</strong><br><strong>&nbsp;Aula Gedung C Lantai 5</strong></p>\r\n<p>Dengan pemateri yang luar biasa, yaitu<br>&ndash; Gery Gebyar (Manager DILo Solo, Founder Mobilan.id)<br>&ndash; Carl Ideas (Founder &amp; CEO Akun.biz)<br>Yuk segera daftar di link berikut ini ya</p>\r\n<h3 id=\"eb-event-properties-heading\">Event Properties</h3>\r\n<table class=\"table table-bordered table-striped\">\r\n<tbody>\r\n<tr>\r\n<td><strong>Event Date</strong></td>\r\n<td>22-03-2018 1:00 pm</td>\r\n</tr>\r\n<tr>\r\n<td><strong>Event End Date</strong></td>\r\n<td>22-03-2018 3:00 pm</td>\r\n</tr>\r\n<tr>\r\n<td><strong>Registration Start Date</strong></td>\r\n<td>18-03-2018 1:00 pm</td>\r\n</tr>\r\n<tr>\r\n<td><strong>Capacity</strong></td>\r\n<td>200</td>\r\n</tr>\r\n<tr>\r\n<td><strong>Available place</strong></td>\r\n<td>199</td>\r\n</tr>\r\n<tr>\r\n<td><strong>Cut off date</strong></td>\r\n<td>22-03-2018 12:00 pm</td>\r\n</tr>\r\n</tbody>\r\n</table>\r\n<p>&nbsp;</p>\r\n<p>Please&nbsp;<a href=\"http://solo.dilo.id/event-solo/index.php?option=com_users&amp;view=login&amp;return=aHR0cDovL3NvbG8uZGlsby5pZC9ldmVudC1zb2xvLzE3MDMtcm9hZHNob3ctZGlsby1zb2xvLWdvZXMtdG8tY2FtcHVzLWQzLXRpLXVucw==\">login</a>&nbsp;to register for this event</p>\r\n<p>Sumber berita:<a href=\"http://solo.dilo.id/event-solo/1703-roadshow-dilo-solo-goes-to-campus-d3-ti-uns\">&nbsp;http://solo.dilo.id/event-solo/1703-roadshow-dilo-solo-goes-to-campus-d3-ti-uns</a></p>', 'Roadshow – DILo Solo Goes to Campus D3 TI UNS', '2018-03-22 13:00:00', 'Published', '2018-03-19 12:59:09', 'Mohamad Wijdan Arif', 'roadshow---dilo-solo-goes-to-campus-d3-ti-uns', 'Roadshow – DILo Solo Goes to Campus D3 TI UNS', 0, '2023-06-13 06:01:02', '2023-06-13 06:01:02'),
(27, 'IKUTILAH KULIAH UMUM GRATIS : “Transformation Mindset in Creative Industry”', '0635a100-827f-43c1-ac53-6507d7d6fdba.jpeg', '<p><img class=\"img-fluid w-100\" style=\"object-fit: cover;\" src=\"https://d3ti.vokasi.uns.ac.id/wp-content/uploads/2018/02/the-liter-768x768.jpg\" alt=\"\" width=\"768\" height=\"768\"></p>\r\n<p>PEMBICARA DARI PERUSAHAAN ANIMASI SKALA INTERNASIONAL</p>\r\n<p>Aditya Triantoro,<br>CEO The Little Giantz Indonesia</p>\r\n<p>SELASA, 20 FEBRUARI 2018<br>Pukul 09.00 &ndash; 13.00 WIB<br>di Aula lt. 5 Gd. C FMIPA UNS</p>\r\n<p>Event ini kerja Sama dengan<br>Prodi D3 Teknik Informatika FMIPA &amp; DKV UNS</p>\r\n<p>Jangan Lupa bawa CV &amp; Demo-reel<br>Bagi Anda yang ingin bergabung dengan The Little Giantz<br>TEMPAT TERBATAS</p>\r\n<p>Kunjungi : https://d3ti.mipa.uns.ac.id<br>link Pendaftaran (Umum):</p>', 'KULIAH UMUM GRATIS : “Transformation Mindset in Creative Industry”', '2018-02-20 09:00:00', 'Published', '2018-02-15 13:03:30', 'Mohamad Wijdan Arif', 'ikutilah-kuliah-umum-gratis----transformation-mindset-in-creative-industry-', 'KULIAH UMUM GRATIS : “Transformation Mindset in Creative Industry”', 0, '2023-06-13 06:04:11', '2023-06-13 06:04:11'),
(28, 'Transformation Mindset In Creative Industry-Kuliah umum Bersama Bapak Aditya Triantoro (CEO The Little Giants)', '02a6cc8f-c9f8-4430-a583-fd68325b02c2.jpeg', '<p><img class=\"img-fluid w-100\" style=\"object-fit: cover;\" src=\"https://d3ti.vokasi.uns.ac.id/wp-content/uploads/2018/02/the-liter-768x768.jpg\" alt=\"\" width=\"768\" height=\"768\"></p>', 'Transformation Mindset In Creative Industry-Kuliah umum Bersama Bapak Aditya Triantoro (CEO The Little Giants)', '2018-02-20 09:00:00', 'Published', '2018-02-06 13:04:21', 'Mohamad Wijdan Arif', 'transformation-mindset-in-creative-industry-kuliah-umum-bersama-bapak-aditya-triantoro--ceo-the-little-giants-', 'Transformation Mindset In Creative Industry-Kuliah umum Bersama Bapak Aditya Triantoro (CEO The Little Giants)', 0, '2023-06-13 06:05:42', '2023-06-13 06:05:42'),
(29, 'Koordinasi Perdana Research Group Informatika Terapan', '3b3ea764-1ad0-4899-ac78-9be38fcbfbcb.jpeg', '<p><img class=\"img-fluid w-100\" style=\"object-fit: cover;\" src=\"https://d3ti.vokasi.uns.ac.id/wp-content/uploads/2018/01/P_20180124_115742_BF-768x432.jpg\" alt=\"\" width=\"768\" height=\"432\"></p>\r\n<p>D3ti fmipa uns. Hari ini 23 januari 2018 dilakukan koordinasi research groups informatika terapan</p>', 'D3ti fmipa uns. Hari ini 23 januari 2018 dilakukan koordinasi research groups informatika terapan', '2018-01-23 08:00:00', 'Published', '2018-01-24 13:05:54', 'Mohamad Wijdan Arif', 'koordinasi-perdana-research-group-informatika-terapan', 'D3ti fmipa uns. Hari ini 23 januari 2018 dilakukan koordinasi research groups informatika terapan', 0, '2023-06-13 06:07:34', '2023-06-13 06:07:34'),
(30, 'Lokakarya Fiksasi Borang Menuju Reakreditasi Program Studi D3ti Fmipa UNS', 'cd7809ba-2795-4076-8e4f-c83b3ea14592.jpeg', '<p>D3TI FMIPA UNS, pada hari ini Selasa,23 Januari 2018 dengan mengucapkan Bismillahirohmanirohim Bapak Abdul Aziz S.KOM., M.CS. acara lokakarya fiksasi penyusunan borang reakreditasi telah dibuka. Lokakarya diselenggarakan di UNS IN surakarta dari jam 08.00 &ndash; 16.30 WIB yang diikuti seluruh dosen program studi D3TI FMIPA UNS. Akreditasi B diperoleh pada reakreditasi pada tahun 2014 dan akan berakhir pada tanggal 22 Mei 2019. Persiapan akreditasi telah disiapkan mulai pertengahan tahun 2017 dan berlanjut sampai saat ini dengan tujuan hasil akreditasi dapat maksimal. Target tahun 2018 ini sudah bisa dilakukan submit reakreditasi ke BanPT. Terimakasih kami ucapkan kepada institusi Fakultas FMIPA UNS dan semua pihak dalam memberikan dukungan &nbsp;kegiatan Reakreditasi.</p>\r\n<p><img class=\"img-fluid w-100\" style=\"object-fit: cover;\" src=\"https://d3ti.vokasi.uns.ac.id/wp-content/uploads/2018/01/63024a95-eb67-4585-b735-ef768d0a6238-741x486-640x480.jpg\" alt=\"\" width=\"640\" height=\"420\"></p>\r\n<p><img class=\"img-fluid w-100\" style=\"object-fit: cover;\" src=\"https://d3ti.vokasi.uns.ac.id/wp-content/uploads/2018/01/65826a8f-7d55-4eed-b841-c4784cf021ee-1-741x486-640x480.jpg\" alt=\"\" width=\"640\" height=\"420\"></p>\r\n<p><img class=\"img-fluid w-100\" style=\"object-fit: cover;\" src=\"https://d3ti.vokasi.uns.ac.id/wp-content/uploads/2018/01/ea6695ee-23c2-4fb9-9cec-25db5ecf39f1-741x486-640x480.jpg\" alt=\"\" width=\"640\" height=\"420\"></p>', 'Lokakarya Fiksasi Borang Menuju Reakreditasi Program Studi D3ti Fmipa UNS', '2018-01-23 08:00:00', 'Published', '2018-01-23 13:07:43', 'Mohamad Wijdan Arif', 'lokakarya-fiksasi-borang-menuju-reakreditasi-program-studi-d3ti-fmipa-uns', 'Lokakarya Fiksasi Borang Menuju Reakreditasi Program Studi D3ti Fmipa UNS', 0, '2023-06-13 06:09:36', '2023-06-13 06:09:36'),
(31, 'Penandatanganan Nota Kesepahaman Pendidikan antara Program Diploma III Teknik Informatika dengan HIMPAUDI Colomadu Karanganyar', '23d1a6a3-5166-48e5-a30d-19225bab7538.jpeg', '<p>Pada hari Rabu tanggal 1 November 2017 di Prodi Diploma III Teknik Informatika FMIPA UNS telah dilakukan penandatanganan nota kesepahaman bidang pendidikan antara HIMPAUDI Colomadu dengan Prodi Diploma III Teknik Informatika. Program Diploma III Teknik Informatika diwakili oleh Kepala Prodi Diploma III Teknik Informatika Bapak Abdul Aziz, S.Kom., M.Cs. dan HIMPAUDI diwakili oleh Ketua HIMPAUDI Colomadu Ibu Wiwin Lawandriati. Kerja sama ini didasarkan karena kebutuhan penguasaan Teknologi Informasi pada Guru-Guru yang sekarang ini dibutuhkan dalam menunjang pembelajaran. Kerja sama yang telah disepakati yaitu Prodi Diploma III Teknik Informatika akan menyediakan instruktur dalam melatih Guru-Guru HIMPAUDI dalam penguasaan Teknologi Informasi dan sebagai konsultan IT bagi Guru-Guru HIMPAUDI. Sebaliknya HIMPAUDI terbuka sebagai mitra dalam penelitian maupun pengabdian yang telah di Programkan Program Diploma III Teknik Informatika FMIPA UNS. Harapannya kerja sama yang saling menguntungkan ini dapat dimanfaatkan oleh kedua belah pihak dengan baik.</p>', 'Penandatanganan Nota Kesepahaman Pendidikan antara Program Diploma III Teknik Informatika dengan HIMPAUDI Colomadu', '2017-11-01 08:00:00', 'Published', '2017-11-01 13:09:44', 'Mohamad Wijdan Arif', 'penandatanganan-nota-kesepahaman-pendidikan-antara-program-diploma-iii-teknik-informatika-dengan-himpaudi-colomadu-karanganyar', 'Penandatanganan Nota Kesepahaman Pendidikan antara Program Diploma III Teknik Informatika dengan HIMPAUDI Colomadu Karanganyar', 0, '2023-06-13 06:11:24', '2023-06-13 06:11:24');
INSERT INTO `d3ti_event` (`event_id`, `event_title`, `event_featured_image`, `event_content`, `event_excerpt`, `event_date_of_event`, `event_status`, `event_date`, `event_author`, `event_link`, `event_meta`, `event_view`, `created_at`, `updated_at`) VALUES
(32, 'Dota 2 Tournament Smart IT Fest 2017', '4a486e02-baca-4626-8736-bdb20d6fa9aa.jpeg', '<p><img class=\"img-fluid w-100\" style=\"object-fit: cover;\" src=\"https://d3ti.vokasi.uns.ac.id/wp-content/uploads/2018/01/dota-640x300.png\" alt=\"\" width=\"640\" height=\"300\"></p>\r\n<p>Acara Tahunan dari D3 Teknik Informatika UNS ini selalu mengadakan acara Tournament Dota 2 di Solo dan sekitarnya , mulai dari tahun 2015-2017 dan tahun ini merupakan tahun ke 3 diselenggarakan acara Tournament Dota 2 ini. Acara ini akan di selenggarakan dengan 2 fase yaitu kualifikasi secara online dan LAN Final yang akan di adakan di Hartono Mall Solo dengan total hadiah Rp 2.000.000,- lebih, mari ramaikan lagi kancah Dota 2 di Solo dan sekitarnya.</p>\r\n<p>COME AND JOIN US!!<br>Entitas Mahasiswa D3 Teknik Informatika<br>Fakultas MIPA Universitas Sebelas Maret<br>Proudly Presents :<br>SMART IT FEST<br>&mdash;&mdash;&mdash;&mdash;&mdash;&mdash;&mdash;-<br>DOTA 2 TOURNAMENT<br>&mdash;&mdash;&mdash;&mdash;&mdash;&mdash;&mdash;-<br>DOTA 2<br>Kategori : Team (@ 5 Orang)<br>REGISTRATION FEE : Rp 50.000/ team (Multi Slot Allowed, Max 2)<br>Pendaftaran: 10-28 Agustus 2017<br>Pembayaran: BRI Syariah (1024674181 a/n Syahrir Ikhsan Aprianto)<br>Online qualification : 1 September 2017- 12 September 2017<br>Final: 17 september 2017<br>Registration at: bit.ly/dota2-sif2017<br>CP : 081329732663 (Syahrir)<br>0895331910230(deo)</p>\r\n<p>Do you dare to accept this challenge..??!!<br>Come and Join us Prove your skill here!!<br>#Dota22017<br>#SIF2017<br>#KoploGaming<br>#Dota2Solo</p>\r\n<p><img class=\"img-fluid w-100\" style=\"object-fit: cover;\" src=\"https://d3ti.vokasi.uns.ac.id/wp-content/uploads/2018/01/Dota-2-Tournament-Smart-IT-Fest-2017-725x1024.jpg\" alt=\"\" width=\"725\" height=\"1024\"></p>', 'Dota 2 Tournament Smart IT Fest 2017', '2017-09-17 19:00:00', 'Published', '2017-08-22 13:11:30', 'Mohamad Wijdan Arif', 'dota-2-tournament-smart-it-fest-2017', 'Dota 2 Tournament Smart IT Fest 2017', 0, '2023-06-13 06:15:03', '2023-06-13 06:15:03'),
(33, 'Smart it fest 2017 “sinergisitas teknologi pada era industri kreatif”', 'b51f510d-691e-4271-8d61-e71179ac3607.jpeg', '<p><img class=\"img-fluid w-100\" style=\"object-fit: cover;\" src=\"https://d3ti.vokasi.uns.ac.id/wp-content/uploads/2018/01/SMART_IT_FEST_2017-768x1086.jpeg\" alt=\"\" width=\"768\" height=\"1086\"></p>\r\n<p>Pada tanggal 15-17 September 2017 mendatang D3 Teknik Informatika UNS bersama Entitas Mahasiswa D3 Teknik Informatika (E-Mailkomp) akan menyelenggarakan acara SMART IT FEST 2017 (Sebelas Maret IT Festival) di atrium Hartono Mall Solo Baru, Jawa Tengah. Acara ini merupakan agenda tahunan dari prodi D3 Teknik Informatikan UNS berkerjasama dengan Entitas Mahasiswa D3 Teknik (E-Mailkomp) yang merupakan himpunan mahasiswa prodi D3 Teknik Informatika. Sesuai dengan keahlian dan bidang disiplin ilmu acara ini sarat akan edukasi mengenai dunia teknologi saat ini.</p>\r\n<p>Pada acara SMART IT FEST 2017 kali ini kita mengambil tema &ldquo;SINERGISITAS TEKNOLOGI PADA ERA INDUSTRI KREATIF&rdquo;. Dengan tema tersebut kita berharap semakin berkembangnya teknologi dapat menimbulkan dampak positif untuk perkembangan industri kreatif yang saat ini sedang berkembang di Indonesia.</p>\r\n<p>Adapun rangkaian acara pada SMART IT FEST 2017 ini dimulai dengan pembukaan pada tanggal 15 September 2017 kemudian akan diselenggarakan berbagai macam kegiatan yang akan meramaikan acara tersebut, antara lain:</p>\r\n<ol>\r\n<li>PAMERAN TUGAS AKHIR D3 TEKNIK INFORMATIKA UNS Acara ini berlangsung dari tanggal 15-17 September 2017 pukul 09.00 &ndash; 21.00. Pada acara ini akan ditampilkan karya-karya tugas akhir dari mahasiswa D3 Teknik Informatika UNS. Nantinya pengunjung secara bebas untuk melihat dan mencoba produk-produk tugas akhir mahasiswa D3 Teknik Informatika UNS. Dalam acara ini terdapat 3 kategori yang akan ditampilkan yaitu:\r\n<ul>\r\n<li>Sistem Informasi dan Mobile Apps</li>\r\n<li>Multimedia</li>\r\n<li>Game</li>\r\n</ul>\r\n</li>\r\n<li>ITC (INFORMATION TECHNOLOGY COMPETITION) ITC merupakan lomba di bidang teknologi yang akan di isi dengan Lomba Server Security (Capture The Flag (CTF)) dan Lomba Dota 2. Untuk lomba server security pendaftaran sudah dimulai dari tanggal 9 Agustus dan akan ditutup tanggal 21 Agustus 2017. Lomba ini ditujukan untuk SMA/SMK sederajat dalam bentuk tim yang beranggotakan 3 orang. Untuk info lebih lanjut mengenai lomba ini dapat menghubungi Burhan (081548659542) atau Dila (085234423425).</li>\r\n</ol>\r\n<p>Kemudian lomba dota 2. Untuk lomba dota 2 pendaftaran sudah dimulai dari tanggal 10 Agustus sampai 22 Agustus secara online. Lomba ini ditujukan untuk umum, siapa pun dapat mendaftar pada lomba ini. Lomba ini berbentuk team, multi slot allowed, Max 2. Untuk info lebih lanjut mengenai lomba ini dapat menghubungi Syahrir (081329732663) atau Deo (0895331910230).</p>\r\n<ol>\r\n<li>TALKSHOW &ldquo;PENYEBARAN BERITA HOAX&rdquo; Pada acara ini kami berkerjasama dengan Komunitas Masyarakat Anti Hoax Solo untuk memberikan pemahaman dan pengertian tentang bahaya dari penyebaran berita hoax dan juga cara mengurangi penyebaran berita hoax. Acara ini akan diselenggarakan pada tanggal 16 September 2017. Nantinya dengan acara ini diharapkan dapat memberi pemahaman tentang berita hoax dan menjadikan kita lebih bijak dalam menyikapi hal tersebut.</li>\r\n<li>SEMINAR IT Pada acara seminar ini terdapat 4 sesi yaitu 2 sesi Seminar Nasional dan 2 sesi Seminar IT. Berikut daftar seminar yang akan diadakan di acara SMART IT FEST 2017 :</li>\r\n</ol>\r\n<p><strong>Security : Secure Your Data From Carding</strong></p>\r\n<ul>\r\n<li>Pembicara : Rizky Eka Maulana (Penasihat IBT Sub Regional Solo)</li>\r\n<li>Hari/Tanggal : Jumat, 15 September 2017.</li>\r\n<li>Waktu : Pukul 15.30 &ndash; Selesai.</li>\r\n</ul>\r\n<p><strong>(SEMINAR NASIONAL) Android : Smart Building an Awesome App For Every People</strong></p>\r\n<ul>\r\n<li>Pembicara : Sidiq Permana (Google Developer Expert, CIO &ndash; Nusantara Beta Studio)</li>\r\n<li>Hari/Tanggal : Sabtu, 16 September 2017.</li>\r\n<li>Waktu : Pukul 13.30 &ndash; Selesai.</li>\r\n</ul>\r\n<p><strong>Start Up : Execute Locally Potential, Innovate Globally</strong></p>\r\n<ul>\r\n<li>Pembicara : Ardhi Kusuma (CFO dan Founder Virtupeer Jogjakarta)</li>\r\n<li>Hari/Tanggal : Sabtu, 16 September 2017.</li>\r\n<li>Waktu : Pukul 19.00 &ndash; Selesai.</li>\r\n</ul>\r\n<p><strong>(SEMINAR NASIONAL) IOT : Building Smart Energy With Internet Of Things</strong></p>\r\n<ul>\r\n<li>Pembicara : Lintang Wisesa (Komunitas Arduino Joglosemar)</li>\r\n<li>Hari/Tanggal : Sabtu, 17 September 2017.</li>\r\n<li>Waktu : Pukul 15.00 &ndash; Selesai.</li>\r\n</ul>\r\n<p>Untuk info lebih lanjut mengenai seminar ini dapat menghubungi Dani (082387045706) atau Surya (089631408518).</p>\r\n<p>Selain acara-acara diatas, terdapat juga beberapa hiburan yang akan disugguhkan antara lain dari Gamelan Keseso FKIP UNS, Javapella FKIP UNS, ORKES FMIPA UNS, dan Stand Up Comedy Solo. Ayo, ajak keluarga dan teman kalian untuk hadir dan memeriahkan acara ini. Dapatkan pengetahuan mengenai teknologi saat ini secara gratis dengan pengalaman baru yang berbeda.</p>\r\n<h4 class=\"title-segment\">&nbsp;Status: Free</h4>\r\n<h4 class=\"title-segment\">&nbsp;Waktu Pelaksanaan</h4>\r\n<p>Tanggal : Sep 15, 2017 s/d Sep 17, 2017<br>Waktu: 09.00 &ndash; 22.00</p>\r\n<h4 class=\"title-segment\">&nbsp;Lokasi</h4>\r\n<p>Atrium Hartono Mall Solo Baru, Jl. Ir. Soekarno, Grogol, Madegondo, Grogol, Kabupaten Sukoharjo, Jawa Tengah 57552.</p>', 'Smart it fest 2017 “sinergisitas teknologi pada era industri kreatif”', '2017-09-15 09:00:00', 'Published', '2017-08-12 13:15:26', 'Mohamad Wijdan Arif', 'smart-it-fest-2017--sinergisitas-teknologi-pada-era-industri-kreatif-', 'Smart it fest 2017 “sinergisitas teknologi pada era industri kreatif”', 0, '2023-06-13 06:17:13', '2023-06-13 06:17:13'),
(34, 'tes', '11ad1704-d5b8-4fb5-9bf2-7a96d1328cf6.jpeg', '<p>tes</p>', 'tes', '2023-06-23 11:08:00', 'Published', '2023-06-22 11:08:55', 'Fitrah Firdaus', 'tes-3', 'tes', 2, '2023-06-22 04:10:11', '2023-06-22 04:11:23');

-- --------------------------------------------------------

--
-- Table structure for table `d3ti_event_comment`
--

CREATE TABLE `d3ti_event_comment` (
  `event_comment_id` int(11) NOT NULL,
  `event_id` int(11) NOT NULL,
  `event_comment_name` varchar(64) NOT NULL,
  `event_comment_email` varchar(128) NOT NULL,
  `event_comment_value` varchar(255) NOT NULL,
  `event_comment_ip` varchar(30) NOT NULL,
  `event_comment_status` enum('Pending','Approved','Rejected') NOT NULL,
  `created_at` datetime NOT NULL,
  `updated_at` datetime NOT NULL
) ENGINE=InnoDB DEFAULT CHARSET=utf8mb4 COLLATE=utf8mb4_general_ci;

--
-- Dumping data for table `d3ti_event_comment`
--

INSERT INTO `d3ti_event_comment` (`event_comment_id`, `event_id`, `event_comment_name`, `event_comment_email`, `event_comment_value`, `event_comment_ip`, `event_comment_status`, `created_at`, `updated_at`) VALUES
(6, 8, 'tes', 'fitrahf87@gmail.com', 'tes', '36.68.8.111', 'Pending', '2023-06-22 09:05:57', '2023-06-22 02:05:57');

-- --------------------------------------------------------

--
-- Table structure for table `d3ti_event_tags_link`
--

CREATE TABLE `d3ti_event_tags_link` (
  `event_tags_link_id` int(11) NOT NULL,
  `event_id` int(11) NOT NULL,
  `tags_id` int(11) NOT NULL,
  `created_at` date NOT NULL,
  `updated_at` date NOT NULL
) ENGINE=InnoDB DEFAULT CHARSET=utf8mb4 COLLATE=utf8mb4_general_ci;

--
-- Dumping data for table `d3ti_event_tags_link`
--

INSERT INTO `d3ti_event_tags_link` (`event_tags_link_id`, `event_id`, `tags_id`, `created_at`, `updated_at`) VALUES
(15, 3, 1, '2023-04-13', '2023-04-13'),
(16, 3, 2, '2023-04-13', '2023-04-13'),
(26, 5, 2, '2023-04-14', '2023-04-14'),
(27, 6, 1, '2023-04-14', '2023-04-14'),
(28, 7, 1, '2023-05-13', '2023-05-13'),
(29, 7, 2, '2023-05-13', '2023-05-13'),
(30, 7, 3, '2023-05-13', '2023-05-13'),
(31, 7, 4, '2023-05-13', '2023-05-13'),
(32, 8, 1, '2023-05-16', '2023-05-16'),
(33, 8, 2, '2023-05-16', '2023-05-16'),
(34, 8, 3, '2023-05-16', '2023-05-16'),
(35, 9, 1, '2023-05-16', '2023-05-16'),
(36, 9, 2, '2023-05-16', '2023-05-16'),
(37, 9, 3, '2023-05-16', '2023-05-16'),
(38, 10, 1, '2023-06-05', '2023-06-05'),
(39, 11, 1, '2023-06-10', '2023-06-10'),
(40, 11, 2, '2023-06-10', '2023-06-10'),
(41, 11, 3, '2023-06-10', '2023-06-10'),
(42, 11, 4, '2023-06-10', '2023-06-10'),
(43, 12, 1, '2023-06-10', '2023-06-10'),
(44, 12, 2, '2023-06-10', '2023-06-10'),
(45, 12, 3, '2023-06-10', '2023-06-10'),
(46, 12, 4, '2023-06-10', '2023-06-10'),
(47, 13, 1, '2023-06-11', '2023-06-11'),
(48, 13, 2, '2023-06-11', '2023-06-11'),
(49, 13, 3, '2023-06-11', '2023-06-11'),
(50, 13, 4, '2023-06-11', '2023-06-11'),
(51, 14, 1, '2023-06-11', '2023-06-11'),
(52, 14, 2, '2023-06-11', '2023-06-11'),
(53, 14, 3, '2023-06-11', '2023-06-11'),
(54, 14, 4, '2023-06-11', '2023-06-11'),
(55, 15, 1, '2023-06-11', '2023-06-11'),
(56, 15, 2, '2023-06-11', '2023-06-11'),
(57, 15, 3, '2023-06-11', '2023-06-11'),
(58, 15, 4, '2023-06-11', '2023-06-11'),
(59, 16, 1, '2023-06-11', '2023-06-11'),
(60, 16, 2, '2023-06-11', '2023-06-11'),
(61, 16, 3, '2023-06-11', '2023-06-11'),
(62, 16, 4, '2023-06-11', '2023-06-11'),
(63, 17, 1, '2023-06-11', '2023-06-11'),
(64, 17, 2, '2023-06-11', '2023-06-11'),
(65, 17, 3, '2023-06-11', '2023-06-11'),
(66, 18, 2, '2023-06-11', '2023-06-11'),
(67, 18, 3, '2023-06-11', '2023-06-11'),
(68, 18, 4, '2023-06-11', '2023-06-11'),
(69, 19, 1, '2023-06-11', '2023-06-11'),
(70, 19, 2, '2023-06-11', '2023-06-11'),
(71, 19, 3, '2023-06-11', '2023-06-11'),
(72, 19, 4, '2023-06-11', '2023-06-11'),
(73, 20, 1, '2023-06-12', '2023-06-12'),
(74, 20, 2, '2023-06-12', '2023-06-12'),
(75, 20, 3, '2023-06-12', '2023-06-12'),
(76, 20, 4, '2023-06-12', '2023-06-12'),
(77, 21, 2, '2023-06-12', '2023-06-12'),
(78, 21, 3, '2023-06-12', '2023-06-12'),
(79, 21, 4, '2023-06-12', '2023-06-12'),
(80, 22, 1, '2023-06-12', '2023-06-12'),
(81, 22, 2, '2023-06-12', '2023-06-12'),
(82, 22, 3, '2023-06-12', '2023-06-12'),
(83, 22, 4, '2023-06-12', '2023-06-12'),
(84, 23, 1, '2023-06-12', '2023-06-12'),
(85, 23, 2, '2023-06-12', '2023-06-12'),
(86, 23, 3, '2023-06-12', '2023-06-12'),
(87, 23, 4, '2023-06-12', '2023-06-12'),
(88, 24, 1, '2023-06-12', '2023-06-12'),
(89, 24, 2, '2023-06-12', '2023-06-12'),
(90, 24, 3, '2023-06-12', '2023-06-12'),
(91, 24, 4, '2023-06-12', '2023-06-12'),
(92, 25, 1, '2023-06-12', '2023-06-12'),
(93, 25, 2, '2023-06-12', '2023-06-12'),
(94, 25, 3, '2023-06-12', '2023-06-12'),
(95, 25, 4, '2023-06-12', '2023-06-12'),
(96, 26, 1, '2023-06-13', '2023-06-13'),
(97, 26, 2, '2023-06-13', '2023-06-13'),
(98, 26, 3, '2023-06-13', '2023-06-13'),
(99, 26, 4, '2023-06-13', '2023-06-13'),
(100, 27, 1, '2023-06-13', '2023-06-13'),
(101, 27, 2, '2023-06-13', '2023-06-13'),
(102, 27, 3, '2023-06-13', '2023-06-13'),
(103, 27, 4, '2023-06-13', '2023-06-13'),
(104, 28, 1, '2023-06-13', '2023-06-13'),
(105, 28, 2, '2023-06-13', '2023-06-13'),
(106, 28, 3, '2023-06-13', '2023-06-13'),
(107, 28, 4, '2023-06-13', '2023-06-13'),
(108, 29, 1, '2023-06-13', '2023-06-13'),
(109, 29, 2, '2023-06-13', '2023-06-13'),
(110, 29, 3, '2023-06-13', '2023-06-13'),
(111, 30, 1, '2023-06-13', '2023-06-13'),
(112, 30, 2, '2023-06-13', '2023-06-13'),
(113, 30, 3, '2023-06-13', '2023-06-13'),
(114, 30, 4, '2023-06-13', '2023-06-13'),
(115, 31, 1, '2023-06-13', '2023-06-13'),
(116, 31, 2, '2023-06-13', '2023-06-13'),
(117, 31, 3, '2023-06-13', '2023-06-13'),
(118, 31, 4, '2023-06-13', '2023-06-13'),
(119, 32, 1, '2023-06-13', '2023-06-13'),
(120, 32, 2, '2023-06-13', '2023-06-13'),
(121, 32, 3, '2023-06-13', '2023-06-13'),
(122, 32, 4, '2023-06-13', '2023-06-13'),
(123, 33, 1, '2023-06-13', '2023-06-13'),
(124, 33, 2, '2023-06-13', '2023-06-13'),
(125, 33, 3, '2023-06-13', '2023-06-13'),
(126, 33, 4, '2023-06-13', '2023-06-13'),
(127, 34, 1, '2023-06-22', '2023-06-22');

-- --------------------------------------------------------

--
-- Table structure for table `d3ti_options`
--

CREATE TABLE `d3ti_options` (
  `d3ti_options_id` int(11) NOT NULL,
  `d3ti_options_name` varchar(255) NOT NULL,
  `d3ti_options_value` text NOT NULL,
  `created_at` date NOT NULL,
  `updated_at` date NOT NULL
) ENGINE=InnoDB DEFAULT CHARSET=utf8mb4 COLLATE=utf8mb4_general_ci;

--
-- Dumping data for table `d3ti_options`
--

INSERT INTO `d3ti_options` (`d3ti_options_id`, `d3ti_options_name`, `d3ti_options_value`, `created_at`, `updated_at`) VALUES
(1, 'dashboard_content_grid_title_1', 'Diploma TI Terbaik', '2023-05-26', '2023-05-26'),
(2, 'dashboard_content_grid_1', 'Tempat Kuliah Teknik Informatika Sekolah Vokasi UNS', '2023-05-26', '2023-05-26'),
(3, 'dashboard_content_grid_title_2', 'Kampus Mesen UNS', '2023-05-26', '2023-05-26'),
(4, 'dashboard_content_grid_2', 'Jl. Jend. Urip Sumoharjo No. 116 Jebres, Kota Surakarta, Jawa Tengah 57129', '2023-05-26', '2023-05-26'),
(5, 'dashboard_content_grid_title_3', 'Teknik Informatika UNS', '2023-05-26', '2023-05-26'),
(6, 'dashboard_content_grid_3', 'Beretika dengan Teknologi Unggul Bertaraf Internasional', '2023-05-26', '2023-05-26');

-- --------------------------------------------------------

--
-- Table structure for table `d3ti_post`
--

CREATE TABLE `d3ti_post` (
  `post_id` int(11) NOT NULL,
  `post_title` varchar(255) NOT NULL,
  `post_featured_image` varchar(255) NOT NULL,
  `post_content` text NOT NULL,
  `post_excerpt` varchar(255) NOT NULL,
  `post_status` enum('Pending','Draft','Published','Trash') NOT NULL,
  `post_date` datetime DEFAULT NULL,
  `post_author` varchar(64) NOT NULL,
  `post_link` varchar(255) NOT NULL,
  `post_meta` varchar(255) NOT NULL,
  `post_view` int(11) NOT NULL,
  `created_at` datetime NOT NULL,
  `updated_at` datetime NOT NULL
) ENGINE=InnoDB DEFAULT CHARSET=utf8mb4 COLLATE=utf8mb4_general_ci;

--
-- Dumping data for table `d3ti_post`
--

INSERT INTO `d3ti_post` (`post_id`, `post_title`, `post_featured_image`, `post_content`, `post_excerpt`, `post_status`, `post_date`, `post_author`, `post_link`, `post_meta`, `post_view`, `created_at`, `updated_at`) VALUES
(35, 'D3TI UNS Andil dalam Pembahasan Kurikulum INFOKOM', '3bf372b5-0617-4082-8901-8af73ce7b26b.jpg', '<p>Dalam rangka memasuki era revolusi industri 4.0, peran IPTEK bidang informatika dan komputer akan menjadi leading sector yang berada di garis depan untuk mengintegrasi berbagai aspek kehidupan. Sejarah telah mencatat bahwa kontribusi teknologi informasi terbukti memberikan nilai tambah lebih dalam meningkatkan mutu kehidupan. Oleh karena itu penguatan sektor informatika dan komputer bagi Bangsa Indonesia bukan hanya sekedar pemenuhan kebutuhan saja tetapi sudah menjadi tututan dari bangsa ini untuk bisa sejajar dengan bangsa-bangsa yang lain.<span id=\"more-4793\"></span></p>\n<p>Perguruan tinggi sudah selayaknya menjadi garda depan untuk menghasilkan para pelaku penggerak mesin teknologi di bidang Informatika dan komputer. Asosiasi Perguruan Tinggi Informatika dan Komputer (APTIKOM) bertujuan mensinergikan seluruh elemen dalam mengoptimalkan peran dan kontribusi pada penguasaan IPTEK dibidang informatika dan komputer salah satunya dalam hal pengembangan kurikulum bidang teknologi Informasi dan computer.</p>\n<p><img class=\"aligncenter size-full wp-image-4799\" src=\"http://d3ti.vokasi.uns.ac.id/wp-content/uploads/2022/12/rapat-kerja-aptikom2.jpg\" sizes=\"(max-width: 1071px) 100vw, 1071px\" srcset=\"https://d3ti.vokasi.uns.ac.id/wp-content/uploads/2022/12/rapat-kerja-aptikom2.jpg 1071w, https://d3ti.vokasi.uns.ac.id/wp-content/uploads/2022/12/rapat-kerja-aptikom2-300x243.jpg 300w, https://d3ti.vokasi.uns.ac.id/wp-content/uploads/2022/12/rapat-kerja-aptikom2-1024x829.jpg 1024w, https://d3ti.vokasi.uns.ac.id/wp-content/uploads/2022/12/rapat-kerja-aptikom2-768x622.jpg 768w, https://d3ti.vokasi.uns.ac.id/wp-content/uploads/2022/12/rapat-kerja-aptikom2-696x563.jpg 696w, https://d3ti.vokasi.uns.ac.id/wp-content/uploads/2022/12/rapat-kerja-aptikom2-1068x865.jpg 1068w, https://d3ti.vokasi.uns.ac.id/wp-content/uploads/2022/12/rapat-kerja-aptikom2-519x420.jpg 519w\" alt=\"rapat kerja aptikom2\" width=\"696\" height=\"563\"></p>\n<p>Dalam menghadapi era revolusi industri 4.0, Perguruan tinggi diharapkan untuk terus melakukan update kurikulum khusunya sesuai dengan kebutuhan industry saat ini. dan saling berkolaborasi dalam rangka memajukan pendidikan, penelitian dan pengabdian kepada masyarakat. Kurikulum musti disesuaikan dengan teknologi &nbsp;era industri 4.0 seperti : Internet of Things, Big Data dan Data Mining, Artificial Intelligent, Machine Learning dan Deep Learning telah diprediksi menjadi topik penting di masa yang akan datang . Untuk itu , diperlukan kontribusi dan peran dosen program studi sebagai insan institusi perguruan tinggi dalam kegiatan asosiasi yang berkaitan dengan pembahasan kurikulum INFOKOM berbasis OBE</p>\n<p>.Tujuan dari dilaksanakan kegiatana ini antara lain :</p>\n<ol>\n<li>Pembahasan Kurikulum INFOKOM berbasis OBE</li>\n<li>Menyiapkan teknis implementasi kurikulum yang siap terhadap konsep MBKM</li>\n</ol>\n<p><strong>Mekanisme dan Design Kegiatan</strong></p>\n<ol>\n<li>Peserta/dosen mempersiapkan dan mempelajari materi berupa :</li>\n<li>CC 2020 (ACM/IEEE)</li>\n<li>IS 2020</li>\n<li>CS 2013</li>\n<li>IT 2017</li>\n<li>SE 2014</li>\n<li>Diskusi yang dilaksanakan secara parallel sesuai dengan bidang</li>\n<li>Pelaksanaan diskusi dan presesntasi hasil</li>\n</ol>\n<p><strong>Uraian Pelaksanaan Kegiatan</strong></p>\n<p>Kegiatan dilaksanakan tanggal 10-12 November 2022 yaitu bertempat di hotel Grand Keisha Yogyakarta dan di AMIKOM Yogyakarta. Kegiatan ini dihadiri dari perguruan tinggi berbagai prodi dengan jurusan yang relevan, ada kelompok system informaasi, informatika, rekayasa perangkat lunak, system computer, data science dan sekolah vokasi.</p>\n<p>Dalam pelaksanaannya, diskusi sesuai dengan kelompok bidang, dalam hal ini sekolah vokasi melaksanakan diskusi guna Menyusun draft buku kurikulum berbasis OBE.</p>\n<p>Kegiatan dihari pertama 10 november 2022, diawali dengan diskusi dan sharing informasi antar program studi dan masing masing karakteristik dari prodi sesuai dengan peserta yang hadir. Hasil dari diskusi hari pertama adalah draft profil lulusan.</p>\n<p>Selanjutnya di hari yang kedua 11 november 2022, ada pengarahan dari Bp. Prohandoko dan selanjutnya presesntasi per bidang /kelompok prodi serta diberikan masukan untuk profil lulusan dan capaian pembelaran. Berdasarkan diskusi ini selanjutnya nanti sebagai dasar untuk mneyusun CPMK dan bahan kuliah.</p>\n<p>Hasil diskusi pada hari pertama dan kedua dipimpin oleh Ibu Hartatik S.Si,M.Si sebagagi Ketua Fordi Vokasi dan selnajutnya dipresesntasikan di hari ketiga. Hasil presesntasi diikuti oleh seluruh peserta dan diberikan masukan oleh Bp. Prohandoko serta diskusi Bersama seluruh peserta dari semua bidang.</p>\n<p><img class=\"aligncenter size-full wp-image-4802\" src=\"http://d3ti.vokasi.uns.ac.id/wp-content/uploads/2022/12/hartatik-d3ti-uns-sv-vokasi.jpg\" sizes=\"(max-width: 846px) 100vw, 846px\" srcset=\"https://d3ti.vokasi.uns.ac.id/wp-content/uploads/2022/12/hartatik-d3ti-uns-sv-vokasi.jpg 846w, https://d3ti.vokasi.uns.ac.id/wp-content/uploads/2022/12/hartatik-d3ti-uns-sv-vokasi-300x166.jpg 300w, https://d3ti.vokasi.uns.ac.id/wp-content/uploads/2022/12/hartatik-d3ti-uns-sv-vokasi-768x425.jpg 768w, https://d3ti.vokasi.uns.ac.id/wp-content/uploads/2022/12/hartatik-d3ti-uns-sv-vokasi-696x385.jpg 696w, https://d3ti.vokasi.uns.ac.id/wp-content/uploads/2022/12/hartatik-d3ti-uns-sv-vokasi-759x420.jpg 759w\" alt=\"\" width=\"696\" height=\"385\" loading=\"lazy\"></p>\n<p>Gambar 2. Diskusi oleh&nbsp; Ibu Hartatik S.Si,M.Si selaku ketua Koordinator Fordi Vokasi</p>\n<p><strong>Kendala yang dihadapi dan alternative solusi</strong></p>\n<p>Pelaksanaan kegiatan berjalan dengan lancer. Kegiatan diskusi penyusunan buku membutuhkan waktu cukup banyak karena keberagaman vokasi dengan banyaknya program studi dan juga keberagaman nama prodi. Sehingga agak sulit dalam mengelompkkan rumpun.</p>\n<p><strong>Kesimpulan</strong></p>\n<p>Pelaksanaan kegiatan berjalan dengan lancer dan ke depan sangat penting diagendakan untuk keikutsertaan dosen sebagai kontribusi dan peran prodi pada asosiasi dan perluasan jaringan sehingga berdampak baik terhadap perkembangan kurikulum sesuai dengan prodi TI.</p>\n<p><strong><img class=\"aligncenter size-full wp-image-4801\" src=\"http://d3ti.vokasi.uns.ac.id/wp-content/uploads/2022/12/rapat-kerja-aptikom3.jpg\" sizes=\"(max-width: 1528px) 100vw, 1528px\" srcset=\"https://d3ti.vokasi.uns.ac.id/wp-content/uploads/2022/12/rapat-kerja-aptikom3.jpg 1528w, https://d3ti.vokasi.uns.ac.id/wp-content/uploads/2022/12/rapat-kerja-aptikom3-300x120.jpg 300w, https://d3ti.vokasi.uns.ac.id/wp-content/uploads/2022/12/rapat-kerja-aptikom3-1024x410.jpg 1024w, https://d3ti.vokasi.uns.ac.id/wp-content/uploads/2022/12/rapat-kerja-aptikom3-768x308.jpg 768w, https://d3ti.vokasi.uns.ac.id/wp-content/uploads/2022/12/rapat-kerja-aptikom3-696x279.jpg 696w, https://d3ti.vokasi.uns.ac.id/wp-content/uploads/2022/12/rapat-kerja-aptikom3-1068x428.jpg 1068w, https://d3ti.vokasi.uns.ac.id/wp-content/uploads/2022/12/rapat-kerja-aptikom3-1049x420.jpg 1049w\" alt=\"\" width=\"696\" height=\"279\" loading=\"lazy\"></strong></p>', 'D3TI UNS Andil dalam Pembahasan Kurikulum INFOKOM', 'Trash', '2022-12-03 14:16:35', 'Humas D3TI-UNS', 'd3ti-uns-andil-dalam-pembahasan-kurikulum-infokom', 'D3TI UNS Andil dalam Pembahasan Kurikulum INFOKOM', 0, '2023-05-13 07:20:47', '2023-05-29 02:52:33'),
(36, 'Dosen D3TI Sukses Mengikuti NPTC Competency Certification', '9b251c79-ea8d-47b5-932b-2bd51d74a59e.jpg', '<p>Program Studi D3 Teknik Informatika UNS mengirimkan 1 orang dosen,&nbsp; M. Asri Safi&rsquo;Ie, S.Si.,M.Kom untuk mengikuti Hibah Pelatihan dan Sertifikasi Kompetensi dengan Skema A2 yang diadakan oleh Direktorat Kelembagaan Dan Sumber Daya Pendidikan Tinggi Vokasi.<span id=\"more-4836\"></span></p>\r\n<p>Pelatihan dan Serkom yang diikuti berjudul NPTC Competency Certification Immersion programme in Information Technology and Communication yang di selenggarakan di NPTC Group of Colleges kota Neath, United Kingdom.</p>\r\n<p><img class=\"aligncenter size-full wp-image-4838\" src=\"http://d3ti.vokasi.uns.ac.id/wp-content/uploads/2023/03/safii-dosen-d3ti-uns3.jpg\" sizes=\"(max-width: 1173px) 100vw, 1173px\" srcset=\"https://d3ti.vokasi.uns.ac.id/wp-content/uploads/2023/03/safii-dosen-d3ti-uns3.jpg 1173w, https://d3ti.vokasi.uns.ac.id/wp-content/uploads/2023/03/safii-dosen-d3ti-uns3-300x170.jpg 300w, https://d3ti.vokasi.uns.ac.id/wp-content/uploads/2023/03/safii-dosen-d3ti-uns3-1024x579.jpg 1024w, https://d3ti.vokasi.uns.ac.id/wp-content/uploads/2023/03/safii-dosen-d3ti-uns3-768x434.jpg 768w, https://d3ti.vokasi.uns.ac.id/wp-content/uploads/2023/03/safii-dosen-d3ti-uns3-696x393.jpg 696w, https://d3ti.vokasi.uns.ac.id/wp-content/uploads/2023/03/safii-dosen-d3ti-uns3-1068x604.jpg 1068w, https://d3ti.vokasi.uns.ac.id/wp-content/uploads/2023/03/safii-dosen-d3ti-uns3-743x420.jpg 743w\" alt=\"safii dosen d3ti uns3\" width=\"696\" height=\"393\"></p>\r\n<p>Kegiatan ini diselenggarakan pada tanggal 27 November 2022 &ndash; 7 Desember 2022 yang diikuti oleh 10 peserta yang kesemuanya merupakan Dosen PTV dari berbagai daerah di Indonesia.</p>\r\n<p><img class=\"aligncenter size-full wp-image-4839\" src=\"http://d3ti.vokasi.uns.ac.id/wp-content/uploads/2023/03/safii-dosen-d3ti-uns4.jpg\" sizes=\"(max-width: 1280px) 100vw, 1280px\" srcset=\"https://d3ti.vokasi.uns.ac.id/wp-content/uploads/2023/03/safii-dosen-d3ti-uns4.jpg 1280w, https://d3ti.vokasi.uns.ac.id/wp-content/uploads/2023/03/safii-dosen-d3ti-uns4-300x142.jpg 300w, https://d3ti.vokasi.uns.ac.id/wp-content/uploads/2023/03/safii-dosen-d3ti-uns4-1024x483.jpg 1024w, https://d3ti.vokasi.uns.ac.id/wp-content/uploads/2023/03/safii-dosen-d3ti-uns4-768x362.jpg 768w, https://d3ti.vokasi.uns.ac.id/wp-content/uploads/2023/03/safii-dosen-d3ti-uns4-696x328.jpg 696w, https://d3ti.vokasi.uns.ac.id/wp-content/uploads/2023/03/safii-dosen-d3ti-uns4-1068x504.jpg 1068w, https://d3ti.vokasi.uns.ac.id/wp-content/uploads/2023/03/safii-dosen-d3ti-uns4-890x420.jpg 890w\" alt=\"safii dosen d3ti uns4\" width=\"696\" height=\"328\" loading=\"lazy\"></p>\r\n<p>Bentuk kegiatannya berupa pelatihan dan magang dan materi yang diberikan bervariasi dari pemanfaatan teknologi informasi di bidang pendidikan, pengelolaan perguruan tinggi vokasi, kunjungan industri, kerjasama dengan industri, pengembangan karir, dan lain sebagainya.</p>\r\n<p><img class=\"aligncenter size-full wp-image-4842\" src=\"http://d3ti.vokasi.uns.ac.id/wp-content/uploads/2023/03/safii-dosen-d3ti-uns2.jpg\" sizes=\"(max-width: 712px) 100vw, 712px\" srcset=\"https://d3ti.vokasi.uns.ac.id/wp-content/uploads/2023/03/safii-dosen-d3ti-uns2.jpg 712w, https://d3ti.vokasi.uns.ac.id/wp-content/uploads/2023/03/safii-dosen-d3ti-uns2-300x276.jpg 300w, https://d3ti.vokasi.uns.ac.id/wp-content/uploads/2023/03/safii-dosen-d3ti-uns2-696x640.jpg 696w, https://d3ti.vokasi.uns.ac.id/wp-content/uploads/2023/03/safii-dosen-d3ti-uns2-457x420.jpg 457w\" alt=\"\" width=\"696\" height=\"640\" loading=\"lazy\"></p>\r\n<p>Pematerinya memiliki pengalaman lama di dunia kerja yang kemudian memiliki motivasi tinggi untuk menyebarkan pengalaman mereka.</p>\r\n<p><img class=\"aligncenter size-full wp-image-4840\" src=\"http://d3ti.vokasi.uns.ac.id/wp-content/uploads/2023/03/safii-dosen-d3ti-uns5.jpg\" sizes=\"(max-width: 684px) 100vw, 684px\" srcset=\"https://d3ti.vokasi.uns.ac.id/wp-content/uploads/2023/03/safii-dosen-d3ti-uns5.jpg 684w, https://d3ti.vokasi.uns.ac.id/wp-content/uploads/2023/03/safii-dosen-d3ti-uns5-285x300.jpg 285w, https://d3ti.vokasi.uns.ac.id/wp-content/uploads/2023/03/safii-dosen-d3ti-uns5-399x420.jpg 399w\" alt=\"safii dosen d3ti uns5\" width=\"696\" height=\"733\" loading=\"lazy\"></p>\r\n<p>Semangat Berinovasi dan berlatih dengan data.</p>', 'Dosen D3TI Sukses Mengikuti NPTC Competency Certification', 'Trash', '2023-03-01 14:21:25', 'Humas D3TI-UNS', 'dosen-d3ti-sukses-mengikuti-nptc-competency-certification', 'Dosen D3TI Sukses Mengikuti NPTC Competency Certification', 0, '2023-05-13 07:23:50', '2023-05-29 02:52:22'),
(37, 'D3TI SV-UNS mengikuti Indonesia Research & Innovation Expo (InaRI 2022)', '2b5fef27-dd81-463f-bf2d-e32a5243261d.jpg', '<p>(Kamis 27/10/2022) Indonesia Research &amp; Innovation Expo 2022 (InaRI Expo 2022) diadakan di Gedung ICC, Cibinong Science Center, Jawa Barat. Pameran riset dan inovasi terbesar ini diharapkan mendorong para periset Indonesia untuk meraih prestasi yang lebih tinggi.&nbsp;<span id=\"more-4760\"></span>InaRI Expo 2022 yang berlangsung mulai 27 &ndash; 30 Oktober 2022 merupakan event pertama yang diselenggarakan Badan Riset dan Inovasi Nasional (BRIN) sebagai ruang ekspresi dan apresiasi bagi para periset, inovator, dan inventor yang telah memberikan kontribusi bagi masyarakat dan negara.</p>\r\n<p><img class=\"aligncenter size-full wp-image-4765\" src=\"http://d3ti.vokasi.uns.ac.id/wp-content/uploads/2022/10/inariexpo2022-vr.jpg\" sizes=\"(max-width: 1556px) 100vw, 1556px\" srcset=\"https://d3ti.vokasi.uns.ac.id/wp-content/uploads/2022/10/inariexpo2022-vr.jpg 1556w, https://d3ti.vokasi.uns.ac.id/wp-content/uploads/2022/10/inariexpo2022-vr-300x143.jpg 300w, https://d3ti.vokasi.uns.ac.id/wp-content/uploads/2022/10/inariexpo2022-vr-1024x489.jpg 1024w, https://d3ti.vokasi.uns.ac.id/wp-content/uploads/2022/10/inariexpo2022-vr-768x367.jpg 768w, https://d3ti.vokasi.uns.ac.id/wp-content/uploads/2022/10/inariexpo2022-vr-1536x733.jpg 1536w, https://d3ti.vokasi.uns.ac.id/wp-content/uploads/2022/10/inariexpo2022-vr-696x332.jpg 696w, https://d3ti.vokasi.uns.ac.id/wp-content/uploads/2022/10/inariexpo2022-vr-1068x510.jpg 1068w, https://d3ti.vokasi.uns.ac.id/wp-content/uploads/2022/10/inariexpo2022-vr-880x420.jpg 880w\" alt=\"inariexpo2022-vr\" width=\"696\" height=\"332\"></p>\r\n<p>UNS yang diwakili oleh LPPM UNS yang didukung beberapa peneliti, salah satunya adalah Tim VR dari D3 Teknik Informatika Sekolah Vokasi. Dalam event selama 4 hari ini, Teknik Informatika menampilkan produk-produk VR terbaru seperti : ViRa &ndash; Virtual Reality untuk game memanah, VR Edukasi dan Game Penanganan Bencana Banjir, Game Math Kabur dan terakhir adalah VR untuk edukasi Pemadam Kebakaran.</p>\r\n<p><img class=\"aligncenter size-full wp-image-4762\" src=\"http://d3ti.vokasi.uns.ac.id/wp-content/uploads/2022/10/taufik-inari-2.jpg\" sizes=\"(max-width: 1600px) 100vw, 1600px\" srcset=\"https://d3ti.vokasi.uns.ac.id/wp-content/uploads/2022/10/taufik-inari-2.jpg 1600w, https://d3ti.vokasi.uns.ac.id/wp-content/uploads/2022/10/taufik-inari-2-300x225.jpg 300w, https://d3ti.vokasi.uns.ac.id/wp-content/uploads/2022/10/taufik-inari-2-1024x768.jpg 1024w, https://d3ti.vokasi.uns.ac.id/wp-content/uploads/2022/10/taufik-inari-2-768x576.jpg 768w, https://d3ti.vokasi.uns.ac.id/wp-content/uploads/2022/10/taufik-inari-2-1536x1152.jpg 1536w, https://d3ti.vokasi.uns.ac.id/wp-content/uploads/2022/10/taufik-inari-2-80x60.jpg 80w, https://d3ti.vokasi.uns.ac.id/wp-content/uploads/2022/10/taufik-inari-2-265x198.jpg 265w, https://d3ti.vokasi.uns.ac.id/wp-content/uploads/2022/10/taufik-inari-2-696x522.jpg 696w, https://d3ti.vokasi.uns.ac.id/wp-content/uploads/2022/10/taufik-inari-2-1068x801.jpg 1068w, https://d3ti.vokasi.uns.ac.id/wp-content/uploads/2022/10/taufik-inari-2-560x420.jpg 560w\" alt=\"\" width=\"696\" height=\"522\" loading=\"lazy\"></p>\r\n<p>Tahun ini InaRI Expo 2022 mengusung tema &ldquo;Digital, Blue, &amp; Green Economy: Riset dan Inovasi untuk Kedaulatan Pangan dan Energi&rdquo;.</p>\r\n<p><img class=\"aligncenter size-full wp-image-4766\" src=\"http://d3ti.vokasi.uns.ac.id/wp-content/uploads/2022/10/inariexpo2022-vr-d3ti-sv-uns.jpg\" sizes=\"(max-width: 2000px) 100vw, 2000px\" srcset=\"https://d3ti.vokasi.uns.ac.id/wp-content/uploads/2022/10/inariexpo2022-vr-d3ti-sv-uns.jpg 2000w, https://d3ti.vokasi.uns.ac.id/wp-content/uploads/2022/10/inariexpo2022-vr-d3ti-sv-uns-300x169.jpg 300w, https://d3ti.vokasi.uns.ac.id/wp-content/uploads/2022/10/inariexpo2022-vr-d3ti-sv-uns-1024x576.jpg 1024w, https://d3ti.vokasi.uns.ac.id/wp-content/uploads/2022/10/inariexpo2022-vr-d3ti-sv-uns-768x432.jpg 768w, https://d3ti.vokasi.uns.ac.id/wp-content/uploads/2022/10/inariexpo2022-vr-d3ti-sv-uns-1536x864.jpg 1536w, https://d3ti.vokasi.uns.ac.id/wp-content/uploads/2022/10/inariexpo2022-vr-d3ti-sv-uns-696x392.jpg 696w, https://d3ti.vokasi.uns.ac.id/wp-content/uploads/2022/10/inariexpo2022-vr-d3ti-sv-uns-1068x601.jpg 1068w, https://d3ti.vokasi.uns.ac.id/wp-content/uploads/2022/10/inariexpo2022-vr-d3ti-sv-uns-747x420.jpg 747w\" alt=\"\" width=\"696\" height=\"392\" loading=\"lazy\"></p>\r\n<p>Melalui tema ini, BRIN ingin mendorong kolaborasi dengan berbagai pihak untuk memperkuat ekosistem riset dan inovasi guna mewujudkan ekonomi yang berbasis digital, berwawasan lingkungan, dan memanfaatkan sumber daya alam yang dimiliki Indonesia.</p>\r\n<p><img class=\"aligncenter size-full wp-image-4763\" src=\"http://d3ti.vokasi.uns.ac.id/wp-content/uploads/2022/10/taufik-inari.jpg\" sizes=\"(max-width: 1600px) 100vw, 1600px\" srcset=\"https://d3ti.vokasi.uns.ac.id/wp-content/uploads/2022/10/taufik-inari.jpg 1600w, https://d3ti.vokasi.uns.ac.id/wp-content/uploads/2022/10/taufik-inari-300x169.jpg 300w, https://d3ti.vokasi.uns.ac.id/wp-content/uploads/2022/10/taufik-inari-1024x576.jpg 1024w, https://d3ti.vokasi.uns.ac.id/wp-content/uploads/2022/10/taufik-inari-768x432.jpg 768w, https://d3ti.vokasi.uns.ac.id/wp-content/uploads/2022/10/taufik-inari-1536x864.jpg 1536w, https://d3ti.vokasi.uns.ac.id/wp-content/uploads/2022/10/taufik-inari-696x392.jpg 696w, https://d3ti.vokasi.uns.ac.id/wp-content/uploads/2022/10/taufik-inari-1068x601.jpg 1068w, https://d3ti.vokasi.uns.ac.id/wp-content/uploads/2022/10/taufik-inari-747x420.jpg 747w\" alt=\"\" width=\"696\" height=\"392\" loading=\"lazy\"></p>\r\n<p>InaRi Expo 2022 diiikuti sebanyak 239 peserta. Adapun dari 239 booth peserta pameran itu terdiri dari Perwakilan BUMN, Perwakilan BUMD, Asean-India Startup Festival, Perwakilan Negara G20, Perusahaan Swasta Nasional, Perguruan Tinggi (PT), Startup binaan BRIN, dan Sekolah-sekolah peserta National Young Inventors Award (NYIA)</p>\r\n<p><img class=\"aligncenter size-full wp-image-4764\" src=\"http://d3ti.vokasi.uns.ac.id/wp-content/uploads/2022/10/yuda-inari-2022.jpg\" sizes=\"(max-width: 1008px) 100vw, 1008px\" srcset=\"https://d3ti.vokasi.uns.ac.id/wp-content/uploads/2022/10/yuda-inari-2022.jpg 1008w, https://d3ti.vokasi.uns.ac.id/wp-content/uploads/2022/10/yuda-inari-2022-300x225.jpg 300w, https://d3ti.vokasi.uns.ac.id/wp-content/uploads/2022/10/yuda-inari-2022-768x576.jpg 768w, https://d3ti.vokasi.uns.ac.id/wp-content/uploads/2022/10/yuda-inari-2022-80x60.jpg 80w, https://d3ti.vokasi.uns.ac.id/wp-content/uploads/2022/10/yuda-inari-2022-265x198.jpg 265w, https://d3ti.vokasi.uns.ac.id/wp-content/uploads/2022/10/yuda-inari-2022-696x522.jpg 696w, https://d3ti.vokasi.uns.ac.id/wp-content/uploads/2022/10/yuda-inari-2022-560x420.jpg 560w\" alt=\"\" width=\"696\" height=\"522\" loading=\"lazy\"></p>\r\n<p>Berikut ini adalah video dokumentasi INARI 2022 :</p>\r\n<p><iframe src=\"https://www.youtube.com/embed/NnDARAA9Fbk\" width=\"696\" height=\"390\" allowfullscreen=\"allowfullscreen\"></iframe></p>', 'D3TI SV-UNS mengikuti Indonesia Research & Innovation Expo (InaRI 2022)', 'Trash', '2023-05-13 14:26:37', 'Humas D3TI-UNS', 'd3ti-sv-uns-mengikuti-indonesia-research---innovation-expo--inari-2022-', 'D3TI SV-UNS mengikuti Indonesia Research & Innovation Expo (InaRI 2022)', 0, '2023-05-13 07:30:09', '2023-05-29 02:52:14'),
(38, 'UNS Kembangkan Produk EWS Banjir Inklusi untuk masyarakat Difable', 'ab442013-7d23-420f-9912-01a4d1bc448a.jpg', '<p>Sekolah Vokasi UNS berkolaborasi dengan Pusat Studi Bencana (PSB) UNS mengembangkan produk terapan peringatan dini banjir di Dusun Pecakaran Kabupaten Pekalongan, Jawa Tengah. Dosen D3 Teknik Informatika SV UNS Fendi Aji Purnomo, S.Si., M.Eng. dan Tim pengabdian berkolaborasi dengan Pusat Studi Bencana (PSB) melalui Sorja Koesuma, S.Si., M.Si. mengembangkan Produk Terapan Peringatan Dini Banjir (EWS) Inklusi untuk masyarakat difable yang berada di Dusun Pecakaran, Pekalongan.</p>\r\n<p><span id=\"more-4738\"></span></p>\r\n<p>Produk Terapan alat EWS inklusi banjir dikembangkan menggunakan teknologi LoRA. LoRA merupakan sistem komunikasi nirkabel untuk IoT yang menawarkan komunikasi secara jarak jauh dan berdaya rendah. Dengan teknologi ini maka biaya bulanan seperti pulsa sudah tidak perlu dilakukan. Catu daya EWS diambil dari tenaga matahari dan disimpan sehingga dapat beroperasi 24 jam. &nbsp;Alarm atau notifikasi yang diberikan kepada masyarakat difable apabila terjadi kenaikan level air yaitu berupa sirine dan lampu indikator. Dengan sistem peringatan tersebut diharapkan kepada masyarakat difable dan komunitas tersebut dapat menerima peringatan dini banjir.</p>\r\n<p>Kegiatan implementasi Alat EWS Banjir diawali dengan observasi bersama BPBD Kabupaten Pekalongan dan Pemerintah Desa Pecakaran, penentuan titik rawan banjir, pemasangan alat EWS Banjir, uji coba dan kalibrasi level peringatan dan terakhir yaitu sosialisasi cara kerja alat EWS banjir dan cara perawatan alat kepada masyarakat Desa Pecakaran beserta masyarakat difabel.</p>\r\n<p>Dalam sosialisasi produk terapan EWS Banjir tersebut turut hadir Pemerintah Desa Pecakaran, BPBD Kab. Pekalongan, BPD Desa Pecakaran, Bintari Foundation, Pokja APII Pecakaran, kelompok Disabilitas Pecakaran dan Tokoh Masyarakat. Untuk berkomunikasi dengan beberapa masyarakat tuna rungu dihadirkan Juru Bicara Isyarat sehingga informasi dapat tersamoaikan. Dukungan oleh Pemerintah setempat sangat besar dalam&nbsp; implementasi alat EWS Banjir di Desa Pecakaran dan besar harapan dapat membantu warga dalam peringatan dini sehingga masyarakat dapat bersiap-siap apabila terjadi kenaikan level air.</p>\r\n<p>Tanggapan dari Ketua Paguyuban Disabiltas Desa Pecakaran akan hadirnya Alat EWS Banjir yaitu sangat senang dan dapat membantu teman-teman difabel dalam memahami adanya kenaikan level air yaitu ditandai dengan adanya lampu yang berwarna warni dan ada suara sirine saat level air tertinggi terjadi.</p>\r\n<p>Akhir sosialisasi dilakukan serah terima Produk terapan EWS Banjir dari UNS kepada Pemerintah Desa Pecakaran dan dilakukan penandatanganan pernyataan komitmen pemerintah tersebut untuk menjaga dan menggunakan alat EWS Banjir dalam sistem peringatan dini banjir di Desa Pecakaran.</p>\r\n<p><img class=\"aligncenter size-full wp-image-4743\" src=\"http://d3ti.vokasi.uns.ac.id/wp-content/uploads/2022/10/ews-uns5.jpg\" sizes=\"(max-width: 1410px) 100vw, 1410px\" srcset=\"https://d3ti.vokasi.uns.ac.id/wp-content/uploads/2022/10/ews-uns5.jpg 1410w, https://d3ti.vokasi.uns.ac.id/wp-content/uploads/2022/10/ews-uns5-300x169.jpg 300w, https://d3ti.vokasi.uns.ac.id/wp-content/uploads/2022/10/ews-uns5-1024x577.jpg 1024w, https://d3ti.vokasi.uns.ac.id/wp-content/uploads/2022/10/ews-uns5-768x432.jpg 768w, https://d3ti.vokasi.uns.ac.id/wp-content/uploads/2022/10/ews-uns5-696x392.jpg 696w, https://d3ti.vokasi.uns.ac.id/wp-content/uploads/2022/10/ews-uns5-1068x601.jpg 1068w, https://d3ti.vokasi.uns.ac.id/wp-content/uploads/2022/10/ews-uns5-746x420.jpg 746w\" alt=\"\" width=\"696\" height=\"392\"></p>\r\n<p>Gambar : Pemasangan dan kalibrasi alat EWS Banjir</p>\r\n<p><img class=\"aligncenter size-full wp-image-4744\" src=\"http://d3ti.vokasi.uns.ac.id/wp-content/uploads/2022/10/ews-uns6.jpg\" sizes=\"(max-width: 973px) 100vw, 973px\" srcset=\"https://d3ti.vokasi.uns.ac.id/wp-content/uploads/2022/10/ews-uns6.jpg 973w, https://d3ti.vokasi.uns.ac.id/wp-content/uploads/2022/10/ews-uns6-300x198.jpg 300w, https://d3ti.vokasi.uns.ac.id/wp-content/uploads/2022/10/ews-uns6-768x508.jpg 768w, https://d3ti.vokasi.uns.ac.id/wp-content/uploads/2022/10/ews-uns6-696x460.jpg 696w, https://d3ti.vokasi.uns.ac.id/wp-content/uploads/2022/10/ews-uns6-636x420.jpg 636w\" alt=\"\" width=\"696\" height=\"460\" loading=\"lazy\"></p>\r\n<p>Gambar : Observasi dan penentuan titik rawan banjir bersama BPBD Kab. Pekalongan dan Pemerintah Desa Pecakaran</p>\r\n<p><img class=\"aligncenter size-full wp-image-4742\" src=\"http://d3ti.vokasi.uns.ac.id/wp-content/uploads/2022/10/ews-uns4.jpg\" sizes=\"(max-width: 1216px) 100vw, 1216px\" srcset=\"https://d3ti.vokasi.uns.ac.id/wp-content/uploads/2022/10/ews-uns4.jpg 1216w, https://d3ti.vokasi.uns.ac.id/wp-content/uploads/2022/10/ews-uns4-300x181.jpg 300w, https://d3ti.vokasi.uns.ac.id/wp-content/uploads/2022/10/ews-uns4-1024x618.jpg 1024w, https://d3ti.vokasi.uns.ac.id/wp-content/uploads/2022/10/ews-uns4-768x464.jpg 768w, https://d3ti.vokasi.uns.ac.id/wp-content/uploads/2022/10/ews-uns4-696x420.jpg 696w, https://d3ti.vokasi.uns.ac.id/wp-content/uploads/2022/10/ews-uns4-1068x645.jpg 1068w\" alt=\"\" width=\"696\" height=\"420\" loading=\"lazy\"></p>\r\n<p>Gambar : Serah terima alat EWS kepada masyarakat Difable</p>\r\n<p><img class=\"aligncenter size-full wp-image-4741\" src=\"http://d3ti.vokasi.uns.ac.id/wp-content/uploads/2022/10/ews-uns3.jpg\" sizes=\"(max-width: 1200px) 100vw, 1200px\" srcset=\"https://d3ti.vokasi.uns.ac.id/wp-content/uploads/2022/10/ews-uns3.jpg 1200w, https://d3ti.vokasi.uns.ac.id/wp-content/uploads/2022/10/ews-uns3-300x196.jpg 300w, https://d3ti.vokasi.uns.ac.id/wp-content/uploads/2022/10/ews-uns3-1024x667.jpg 1024w, https://d3ti.vokasi.uns.ac.id/wp-content/uploads/2022/10/ews-uns3-768x500.jpg 768w, https://d3ti.vokasi.uns.ac.id/wp-content/uploads/2022/10/ews-uns3-696x454.jpg 696w, https://d3ti.vokasi.uns.ac.id/wp-content/uploads/2022/10/ews-uns3-1068x696.jpg 1068w, https://d3ti.vokasi.uns.ac.id/wp-content/uploads/2022/10/ews-uns3-645x420.jpg 645w\" alt=\"ews-uns3\" width=\"696\" height=\"454\" loading=\"lazy\"></p>\r\n<p>Gambar : Penjelasan kerja alat EWS kepada Tuna Rungu di Desa Pecakaran melalui Juru Bahas Isyarat</p>\r\n<p><img class=\"aligncenter size-full wp-image-4740\" src=\"http://d3ti.vokasi.uns.ac.id/wp-content/uploads/2022/10/ews-uns2.jpg\" sizes=\"(max-width: 1402px) 100vw, 1402px\" srcset=\"https://d3ti.vokasi.uns.ac.id/wp-content/uploads/2022/10/ews-uns2.jpg 1402w, https://d3ti.vokasi.uns.ac.id/wp-content/uploads/2022/10/ews-uns2-300x149.jpg 300w, https://d3ti.vokasi.uns.ac.id/wp-content/uploads/2022/10/ews-uns2-1024x508.jpg 1024w, https://d3ti.vokasi.uns.ac.id/wp-content/uploads/2022/10/ews-uns2-768x381.jpg 768w, https://d3ti.vokasi.uns.ac.id/wp-content/uploads/2022/10/ews-uns2-324x160.jpg 324w, https://d3ti.vokasi.uns.ac.id/wp-content/uploads/2022/10/ews-uns2-696x346.jpg 696w, https://d3ti.vokasi.uns.ac.id/wp-content/uploads/2022/10/ews-uns2-1068x530.jpg 1068w, https://d3ti.vokasi.uns.ac.id/wp-content/uploads/2022/10/ews-uns2-846x420.jpg 846w\" alt=\"ews-uns2\" width=\"696\" height=\"346\" loading=\"lazy\"></p>\r\n<p>Gambar : Masyarakat Desa pecakaran menerima bantuan alat EWS Banjir dari UNS</p>\r\n<p><img class=\"aligncenter size-full wp-image-4739\" src=\"http://d3ti.vokasi.uns.ac.id/wp-content/uploads/2022/10/ews-uns.jpg\" sizes=\"(max-width: 1080px) 100vw, 1080px\" srcset=\"https://d3ti.vokasi.uns.ac.id/wp-content/uploads/2022/10/ews-uns.jpg 1080w, https://d3ti.vokasi.uns.ac.id/wp-content/uploads/2022/10/ews-uns-300x162.jpg 300w, https://d3ti.vokasi.uns.ac.id/wp-content/uploads/2022/10/ews-uns-1024x554.jpg 1024w, https://d3ti.vokasi.uns.ac.id/wp-content/uploads/2022/10/ews-uns-768x415.jpg 768w, https://d3ti.vokasi.uns.ac.id/wp-content/uploads/2022/10/ews-uns-696x376.jpg 696w, https://d3ti.vokasi.uns.ac.id/wp-content/uploads/2022/10/ews-uns-1068x578.jpg 1068w, https://d3ti.vokasi.uns.ac.id/wp-content/uploads/2022/10/ews-uns-777x420.jpg 777w\" alt=\"ews-uns\" width=\"696\" height=\"376\" loading=\"lazy\"></p>\r\n<p>Gambar : Serah terima produk terapan EWS Banjir Inklusi dari UNS kepada Pemerintah Desa Pecakaran</p>', 'UNS Kembangkan Produk EWS Banjir Inklusi untuk masyarakat Difable', 'Trash', '2023-05-13 14:31:16', 'Humas D3TI-UNS', 'uns-kembangkan-produk-ews-banjir-inklusi-untuk-masyarakat-difable', 'UNS Kembangkan Produk EWS Banjir Inklusi untuk masyarakat Difable', 0, '2023-05-13 07:34:25', '2023-05-29 02:53:04'),
(39, 'Sosiaslisasi dan Uji Aplikasi: Implementasi Digitalisasi Desa Wisata Watu Gambir', '3ded5150-7815-409a-a8a9-bcadc1286e79.jpg', '<p>Group Riset Data Science and AI (DSAI) melakukan kegiatan sosialisasi dan uji aplikasi dalam rangka implementasi digitalisasi desa wisata watu gambir (<a href=\"http://www.watugambir.com/\">www.watugambir.com</a>) yang merupakan diseminasi penelitian fundamental tahun ke-2. Kegiatan dilaksanakan pada 25 September 2022 di Javanologi jam 09.00 -12.00 WIB.<span id=\"more-4772\"></span></p>\r\n<p><img class=\"aligncenter size-full wp-image-4774\" src=\"http://d3ti.vokasi.uns.ac.id/wp-content/uploads/2022/11/watugamping2.jpg\" sizes=\"(max-width: 862px) 100vw, 862px\" srcset=\"https://d3ti.vokasi.uns.ac.id/wp-content/uploads/2022/11/watugamping2.jpg 862w, https://d3ti.vokasi.uns.ac.id/wp-content/uploads/2022/11/watugamping2-300x158.jpg 300w, https://d3ti.vokasi.uns.ac.id/wp-content/uploads/2022/11/watugamping2-768x404.jpg 768w, https://d3ti.vokasi.uns.ac.id/wp-content/uploads/2022/11/watugamping2-696x366.jpg 696w, https://d3ti.vokasi.uns.ac.id/wp-content/uploads/2022/11/watugamping2-799x420.jpg 799w\" alt=\"watugamping2\" width=\"696\" height=\"366\"></p>\r\n<p>Kegiatan diawali dengan paparan dan urgensi digitalisasi desa wisata, kemudian demo aplikasi desa wisata dan user acceptance testing (UAT) atau menguji langsung aplikasi dari sisi&nbsp;<em>end user&nbsp;</em>secara serentak. Masukan ketika UAT sangat bermanfaat untuk pengembangan aplikasi desa wisata selanjutnya.</p>', 'Sosiaslisasi dan Uji Aplikasi: Implementasi Digitalisasi Desa Wisata Watu Gambir', 'Trash', '2023-05-13 14:34:39', 'Humas D3TI-UNS', 'sosiaslisasi-dan-uji-aplikasi--implementasi-digitalisasi-desa-wisata-watu-gambir', 'Sosiaslisasi dan Uji Aplikasi: Implementasi Digitalisasi Desa Wisata Watu Gambir', 0, '2023-05-13 07:36:28', '2023-05-26 10:58:58'),
(40, 'Tim PBL Mahasiswa D3TI UNS Membuat Solusi Aplikasi Teras Malioboro', 'e345da82-a80f-43a8-83dc-01c522da1caf.jpg', '<p>Hari Senin tanggal 30 Mei 2022, sebanyak 18 anggota yang terdiri dari tim mahasiswa-mahasiswi dan didampingi dengan 4 dosen D3TI bertolak ke Yogyakarta. Kegiatan ini dalam rangka menyelesaikan tahapan Program PBL (Project Base Learning). PBL ini mempunyai output perancangan dan pembuatan solusi Aplikasi dari permasalahan yang diberikan PT. SARANA INSAN MUDA SELARAS (JOGJA MEDIANET) sebagai mitra D3TI.</p>\n<p><img class=\"alignnone size-full wp-image-4620\" src=\"http://d3ti.vokasi.uns.ac.id/wp-content/uploads/2022/05/02-pbl-malioboro4.jpg\" sizes=\"(max-width: 1270px) 100vw, 1270px\" srcset=\"https://d3ti.vokasi.uns.ac.id/wp-content/uploads/2022/05/02-pbl-malioboro4.jpg 1270w, https://d3ti.vokasi.uns.ac.id/wp-content/uploads/2022/05/02-pbl-malioboro4-300x300.jpg 300w, https://d3ti.vokasi.uns.ac.id/wp-content/uploads/2022/05/02-pbl-malioboro4-1024x1024.jpg 1024w, https://d3ti.vokasi.uns.ac.id/wp-content/uploads/2022/05/02-pbl-malioboro4-150x150.jpg 150w, https://d3ti.vokasi.uns.ac.id/wp-content/uploads/2022/05/02-pbl-malioboro4-768x768.jpg 768w, https://d3ti.vokasi.uns.ac.id/wp-content/uploads/2022/05/02-pbl-malioboro4-696x696.jpg 696w, https://d3ti.vokasi.uns.ac.id/wp-content/uploads/2022/05/02-pbl-malioboro4-1068x1068.jpg 1068w, https://d3ti.vokasi.uns.ac.id/wp-content/uploads/2022/05/02-pbl-malioboro4-420x420.jpg 420w\" alt=\"teras malioboro\" width=\"696\" height=\"696\"></p>\n<p>Studi kasus yang diberikan adalah bagaimana memberikan nilai tambah dalam publikasi dan penjualan melalui digital marketing terhadap keberadaan lapak dan penjual di Teras Malioboro.</p>\n<p><img class=\"alignnone size-full wp-image-4617\" src=\"http://d3ti.vokasi.uns.ac.id/wp-content/uploads/2022/05/02-pbl-malioboro.jpg\" sizes=\"(max-width: 1270px) 100vw, 1270px\" srcset=\"https://d3ti.vokasi.uns.ac.id/wp-content/uploads/2022/05/02-pbl-malioboro.jpg 1270w, https://d3ti.vokasi.uns.ac.id/wp-content/uploads/2022/05/02-pbl-malioboro-300x300.jpg 300w, https://d3ti.vokasi.uns.ac.id/wp-content/uploads/2022/05/02-pbl-malioboro-1024x1024.jpg 1024w, https://d3ti.vokasi.uns.ac.id/wp-content/uploads/2022/05/02-pbl-malioboro-150x150.jpg 150w, https://d3ti.vokasi.uns.ac.id/wp-content/uploads/2022/05/02-pbl-malioboro-768x768.jpg 768w, https://d3ti.vokasi.uns.ac.id/wp-content/uploads/2022/05/02-pbl-malioboro-696x696.jpg 696w, https://d3ti.vokasi.uns.ac.id/wp-content/uploads/2022/05/02-pbl-malioboro-1068x1068.jpg 1068w, https://d3ti.vokasi.uns.ac.id/wp-content/uploads/2022/05/02-pbl-malioboro-420x420.jpg 420w\" alt=\"teras malioboro\" width=\"696\" height=\"696\" loading=\"lazy\"></p>\n<p>Proses perancangan dan pembuatan Aplikasi Teras Malioboro dibimbing langsung oleh PT. SIMS (Jogja Medianet). Saat ini proses pembuatan, telah sampai kepada tahap akhir, yakni : Testing dan finishing. Sehingga secepatnya dapat diimplementasikan kepada para penghuni Teras Malioboro.</p>\n<p><img class=\"alignnone size-full wp-image-4619\" src=\"http://d3ti.vokasi.uns.ac.id/wp-content/uploads/2022/05/02-pbl-malioboro3.jpg\" sizes=\"(max-width: 1270px) 100vw, 1270px\" srcset=\"https://d3ti.vokasi.uns.ac.id/wp-content/uploads/2022/05/02-pbl-malioboro3.jpg 1270w, https://d3ti.vokasi.uns.ac.id/wp-content/uploads/2022/05/02-pbl-malioboro3-300x300.jpg 300w, https://d3ti.vokasi.uns.ac.id/wp-content/uploads/2022/05/02-pbl-malioboro3-1024x1024.jpg 1024w, https://d3ti.vokasi.uns.ac.id/wp-content/uploads/2022/05/02-pbl-malioboro3-150x150.jpg 150w, https://d3ti.vokasi.uns.ac.id/wp-content/uploads/2022/05/02-pbl-malioboro3-768x768.jpg 768w, https://d3ti.vokasi.uns.ac.id/wp-content/uploads/2022/05/02-pbl-malioboro3-696x696.jpg 696w, https://d3ti.vokasi.uns.ac.id/wp-content/uploads/2022/05/02-pbl-malioboro3-1068x1068.jpg 1068w, https://d3ti.vokasi.uns.ac.id/wp-content/uploads/2022/05/02-pbl-malioboro3-420x420.jpg 420w\" alt=\"teras malioboro\" width=\"696\" height=\"696\" loading=\"lazy\"></p>\n<p>Jangka waktu pembuatan Aplikasi Teras Malioboro berakhir pada akhir Juni 2022. Semoga Sukses dan Semangat Selalu.</p>\n<p><iframe src=\"https://www.youtube.com/embed/ymnMhytZ0xM\" width=\"696\" height=\"390\" allowfullscreen=\"allowfullscreen\"></iframe></p>', 'Tim PBL Mahasiswa D3TI UNS Membuat Solusi Aplikasi Teras Malioboro', 'Trash', '2022-05-31 14:37:37', 'Humas D3TI-UNS', 'tim-pbl-mahasiswa-d3ti-uns-membuat-solusi-aplikasi-teras-malioboro', 'Tim PBL Mahasiswa D3TI UNS Membuat Solusi Aplikasi Teras Malioboro', 0, '2023-05-13 07:45:11', '2023-05-29 02:52:05'),
(41, 'Kegiatan FGD Upgrade Program Studi Sarjana Terapan', '48c6752a-69ad-4f2f-9392-105d9c1ae420.jpg', '<p>Dalam rangka Peningkatan Kualitas lulusan Teknik Informatika sebagai langkah persiapan Upgrade Program Studi Sarjana Terapan, Program Studi Diploma 3 Teknik Informatika SV UNS, kami mengharapkan kehadiran Bapak/Ibu dalam kegiatan Forum Group Discussion (FGD) &ldquo;Membangun Sistem Penjaminan Mutu Akademik Program Vokasi yang Berkualitas dalam rangka persiapan Upgrade Program Studi Sarjana Terapan&rdquo; yang akan diselenggarakan pada : Selasa, Rabu, dan Jum&rsquo;at (24 s.d 27 Mei 2022)</p>\r\n<p>Kegiatanya adalah Forum Group Discussion (FGD) &ldquo;Membangun Sistem Penjaminan Mutu Akademik Program Vokasi yang Berkualitas dalam rangka persiapan Upgrade Program Studi Sarjana Terapan&rdquo; dengan nara sumber :</p>\r\n<p>1. Prof. Dr. Ir. Budiyono, M.Si<br>2. Hendro Nurhadi, Dipl., Ing., Ph.D.</p>\r\n<p>Disetiap sesi diberikan ruang tanya jawab agar pendalaman materi menjadi lebih detail dan bermanfaat untuk semua.</p>', 'Kegiatan FGD Upgrade Program Studi Sarjana Terapan', 'Trash', '2023-05-13 14:47:18', 'Humas D3TI-UNS', 'kegiatan-fgd-upgrade-program-studi-sarjana-terapan', 'Kegiatan FGD Upgrade Program Studi Sarjana Terapan', 0, '2023-05-13 07:48:23', '2023-05-29 02:53:12'),
(42, 'Program SIE (Smart IT Education) Mewisuda 78 Siswa-siswi Angkatan ke-3', 'dff74dea-208e-4f4c-a993-c05021582f07.jpg', '<p>Bertempat di SMA Negeri 1 Widodaren, Kamis 12 Mei 2022. Direktur SIE mewisuda siswa dan siswi program Smart IT Education (SIE) angkatan ke-3. SIE merupakan program kerjasama pendidikan antara Prodi D3 Teknik Informatikan SV UNS bersama SMA Negeri 1 Widodaren. Visi dari program ini adalah menyiapkan lulusan SMA/SMK siap memasuki DUDI, Perguruan Tinggi atau menjadi Technopreneur dengan kualitas skill teknologi informasi.<span id=\"more-4409\"></span></p>\r\n<p>&ldquo;Tahun 2022 ini Wisudawan/wati SIE angkatan ke-3 berjumlah 78 orang. Tahun sebelumnya yakni angkatan ke-2 meluluskan 77 orang dan angkatan ke-1 meluluskan 74 orang di tahun 2020. Ada sepuluh Materi yang wajib diterima siswa SIE selama 5 semester yakni mata kursus PTI, App Perkantoran, Internet, Jaringan Komputer, Dasar Pemrograman, Desain Grafis, Pemrograman Web, Video Editing, Short Movie dan Tugas Akhir (TA) atau Final Project.&rdquo; Ujar Direktur SIE Bapak Fendi Aji Purnomo, S.Si, M.Eng.</p>\r\n<p>Gbr. Sambutan Direktur SIE Bapak Fendi Aji Purnomo, S.Si, M.Eng.</p>\r\n<p>Tugas Akhir yang diselesaikan siswa/siswi angkatan ke-3 ini adalah membuat berbagai Sistem Informasi sesuai tema yang dipilih dengan masa waktu 3-4 bulan dengan dibimbing dosen dari D3TI SV UNS dan Guru SMA N 1 Widodaren. Sidang Ujian dan presentasi TA diuji oleh tim dari UNS, Guru dan Praktisi IT.</p>\r\n<p>Gbr. Wisuda dan penyerahan Sertifikat SIE kepada Peserta Angkatan 3 tahun 2022.</p>\r\n<p>Acara wisuda ini berbarengan dengan kegiatan tahunan, yakni Acara pelepasan lulusan semua siswa-siswi kelas XII yang sudah menjadi Alumni. Acara ini dihadiri semua siswa, orangtua, guru, komite dan kepala sekolah disaksikan Bapak Camat, Tim dosen SIE dari UNS dan juga Bapak Supardi, S.H, M.Pd Kepala Cabang Dinas Pendidikan Wilayah Madiun.</p>\r\n<p><img class=\"alignnone size-full wp-image-4636\" src=\"http://d3ti.vokasi.uns.ac.id/wp-content/uploads/2022/05/sie-uns-sma-wiododaren-ngawi-d3ti-2.jpg\" sizes=\"(max-width: 1000px) 100vw, 1000px\" srcset=\"https://d3ti.vokasi.uns.ac.id/wp-content/uploads/2022/05/sie-uns-sma-wiododaren-ngawi-d3ti-2.jpg 1000w, https://d3ti.vokasi.uns.ac.id/wp-content/uploads/2022/05/sie-uns-sma-wiododaren-ngawi-d3ti-2-300x168.jpg 300w, https://d3ti.vokasi.uns.ac.id/wp-content/uploads/2022/05/sie-uns-sma-wiododaren-ngawi-d3ti-2-768x430.jpg 768w, https://d3ti.vokasi.uns.ac.id/wp-content/uploads/2022/05/sie-uns-sma-wiododaren-ngawi-d3ti-2-696x390.jpg 696w, https://d3ti.vokasi.uns.ac.id/wp-content/uploads/2022/05/sie-uns-sma-wiododaren-ngawi-d3ti-2-750x420.jpg 750w\" alt=\"\" width=\"696\" height=\"390\"></p>\r\n<p>Gbr. Bapak Supardi, S.H, M.Pd Kepala Cabang Dinas Pendidikan Wilayah Madiun beserta Kepala Sekolah SMA N 1 Widodaren</p>\r\n<p>Didalam sambutan wisudanya beliau Kacabdin Pendidikan menyampaikan bahwa para siswa-siswi lulusan SMA plus SIE telah membuat profil lulusan SMA menjadi lebih berkualitas. Alumnni yang siap bekerja, menjadi wirausaha ataupun mampu melanjutkan pendidikan di Perguruan Tinggi.</p>\r\n<p>Sedangkan Bapak Sugiyo, Spd., M.M selaku Kepala Sekolah SMA Negeri 1 Widodaren menyampaikan apresiasi kepada seluruh siswa angkatan-3 dan seluruh tim penyelenggara SIE serta berpesan agar alumni mampu menerapkan ilmu dan keahlian yang didapatkan dalam program SIE dengan sebaik-baiknya.</p>\r\n<p>Saat ini, program SIE sedang mendidik menjalankan untuk angkatan ke-4. Mentor dan pelatihnya melibatkan guru-guru. Semua guru telah dibekali dengan ToT (Training of Trainer) dan sertifikasi kompetensi yang diselesaikan sebelumnya bersama tim D3 Teknik Informatika UNS.</p>', 'CODING 2022: “D3TI SV UNS BERSINERGI DALAM KARYA DI USIA KE-20”', 'Trash', '2023-05-13 14:48:48', 'Humas D3TI-UNS', 'program-sie--smart-it-education--mewisuda-78-siswa-siswi-angkatan-ke-3', 'CODING 2022: “D3TI SV UNS BERSINERGI DALAM KARYA DI USIA KE-20”', 0, '2023-05-13 07:50:34', '2023-05-29 02:51:58'),
(43, 'D3 TI Mengundang DJKI bidang Paten dan Merek dalam FGD HKI Perangkat Lunak', '6eb4f737-1167-459a-9341-a06bc7ea6b1b.jpg', '<p>(Rabu,05.10.2022) Dalam praktek sehari-hari kita sering mencampuradukan antara paten dan merek, misalnya dengan mengatakan: mematenkan merek. Ini sebenarnya miskonsepsi. Merek dan paten, keduanya adalah hak kekayaan intelektual (HKI) yang berdiri sendiri, punya konsepnya masing-masing dan diatur berdasarkan undang-undangnya sendiri, jadi secara hukum tidak dapat dicampur aduk.<span id=\"more-4748\"></span></p>\r\n<p><img class=\"aligncenter size-full wp-image-4749\" src=\"http://d3ti.vokasi.uns.ac.id/wp-content/uploads/2022/10/peringkat-paten-perguruan-tinggi-2021.jpg\" sizes=\"(max-width: 611px) 100vw, 611px\" srcset=\"https://d3ti.vokasi.uns.ac.id/wp-content/uploads/2022/10/peringkat-paten-perguruan-tinggi-2021.jpg 611w, https://d3ti.vokasi.uns.ac.id/wp-content/uploads/2022/10/peringkat-paten-perguruan-tinggi-2021-300x172.jpg 300w\" alt=\"peringkat paten perguruan tinggi 2021\" width=\"611\" height=\"350\"></p>\r\n<p>UNS dalam hal ini adalah Prodi D3 Teknik Informatika (Sekolah Vokasi) mengundang dua pembicara dari DJKI langsung yang menangani Paten dan Merek.</p>\r\n<p><img class=\"aligncenter size-full wp-image-4750\" src=\"http://d3ti.vokasi.uns.ac.id/wp-content/uploads/2022/10/iklan-webinar-djki.jpg\" sizes=\"(max-width: 1270px) 100vw, 1270px\" srcset=\"https://d3ti.vokasi.uns.ac.id/wp-content/uploads/2022/10/iklan-webinar-djki.jpg 1270w, https://d3ti.vokasi.uns.ac.id/wp-content/uploads/2022/10/iklan-webinar-djki-300x300.jpg 300w, https://d3ti.vokasi.uns.ac.id/wp-content/uploads/2022/10/iklan-webinar-djki-1024x1024.jpg 1024w, https://d3ti.vokasi.uns.ac.id/wp-content/uploads/2022/10/iklan-webinar-djki-150x150.jpg 150w, https://d3ti.vokasi.uns.ac.id/wp-content/uploads/2022/10/iklan-webinar-djki-768x768.jpg 768w, https://d3ti.vokasi.uns.ac.id/wp-content/uploads/2022/10/iklan-webinar-djki-696x696.jpg 696w, https://d3ti.vokasi.uns.ac.id/wp-content/uploads/2022/10/iklan-webinar-djki-1068x1068.jpg 1068w, https://d3ti.vokasi.uns.ac.id/wp-content/uploads/2022/10/iklan-webinar-djki-420x420.jpg 420w\" alt=\"webinar merk dan paten djki dan uns\" width=\"1270\" height=\"1270\" loading=\"lazy\"></p>\r\n<p>Masing-masing pembicara&nbsp; adalah :<br>1. NICO ENDRIARKO SOELISTYONO, S.T (PEMERIKSA PATEN MADYA)</p>\r\n<p><img class=\"aligncenter size-full wp-image-4753\" src=\"http://d3ti.vokasi.uns.ac.id/wp-content/uploads/2022/10/bapak-niko-paten-djki.jpg\" sizes=\"(max-width: 566px) 100vw, 566px\" srcset=\"https://d3ti.vokasi.uns.ac.id/wp-content/uploads/2022/10/bapak-niko-paten-djki.jpg 566w, https://d3ti.vokasi.uns.ac.id/wp-content/uploads/2022/10/bapak-niko-paten-djki-300x190.jpg 300w\" alt=\"bapak niko paten djki\" width=\"566\" height=\"359\" loading=\"lazy\"><br>2. RIZKI SAPUTRA, S.T. (PEMERIKSA MEREK MUDA)</p>\r\n<p><img class=\"aligncenter wp-image-4754\" src=\"http://d3ti.vokasi.uns.ac.id/wp-content/uploads/2022/10/bapak-rizki-saputra-merek-djki.jpg\" sizes=\"(max-width: 566px) 100vw, 566px\" srcset=\"https://d3ti.vokasi.uns.ac.id/wp-content/uploads/2022/10/bapak-rizki-saputra-merek-djki.jpg 1300w, https://d3ti.vokasi.uns.ac.id/wp-content/uploads/2022/10/bapak-rizki-saputra-merek-djki-300x165.jpg 300w, https://d3ti.vokasi.uns.ac.id/wp-content/uploads/2022/10/bapak-rizki-saputra-merek-djki-1024x564.jpg 1024w, https://d3ti.vokasi.uns.ac.id/wp-content/uploads/2022/10/bapak-rizki-saputra-merek-djki-768x423.jpg 768w, https://d3ti.vokasi.uns.ac.id/wp-content/uploads/2022/10/bapak-rizki-saputra-merek-djki-696x385.jpg 696w, https://d3ti.vokasi.uns.ac.id/wp-content/uploads/2022/10/bapak-rizki-saputra-merek-djki-1068x588.jpg 1068w, https://d3ti.vokasi.uns.ac.id/wp-content/uploads/2022/10/bapak-rizki-saputra-merek-djki-763x420.jpg 763w\" alt=\"bapak rizki saputra merek djki\" width=\"566\" height=\"312\" loading=\"lazy\"></p>\r\n<p>Tanggal 05-Okt-2022, mulai Jam 08.00 s.d Selesai via ZOOM</p>\r\n<p>Untuk selengkapnya bisa menyimak video rekamannya sebagai berikut :</p>\r\n<p><iframe title=\"05.10.2022 - Webinar Merk dan Paten DJKI dan Sekolah Vokasi\" src=\"https://www.youtube.com/embed/fsGjDmki0WY?feature=oembed\" width=\"100%\" height=\"392\" frameborder=\"0\" allow=\"accelerometer; autoplay; clipboard-write; encrypted-media; gyroscope; picture-in-picture\" allowfullscreen=\"allowfullscreen\" loading=\"lazy\"></iframe></p>', 'D3 TI Mengundang DJKI bidang Paten dan Merek dalam FGD HKI Perangkat Lunak', 'Trash', '2023-05-13 18:34:44', 'Humas D3TI-UNS', 'd3-ti-mengundang-djki-bidang-paten-dan-merek-dalam-fgd-hki-perangkat-lunak', 'D3 TI Mengundang DJKI bidang Paten dan Merek dalam FGD HKI Perangkat Lunak', 0, '2023-05-13 11:36:46', '2023-06-08 06:31:47'),
(47, 'Teknik Informatika SV UNS Berkontribusi dalam MUNAS Aptikom 2022', 'df5f9e1c-4da7-44cc-a98f-294392088f33.png', '<p>Asosiasi Pendidikan Tinggi Informatika dan Komputer (Aptikom) menggelar Musyawarah Nasional (Munas) VI Tahun 2022 di Bali pada 8 -10 Desember 2022 di Sanur, Denpasar dengan tema Memberdayakan Kecerdasan Artifisial untuk Percepatan Transformasi Digital di Era Revolusi Industri 4.0 Menuju Masyarakat 5.0. Kegiatan Munas Aptikom 2022, Dadang Hermawan mengatakan kegiatan ini dihadiri 784 peserta Perguruan Tinggi Informatika dan Komputer dari 38 provinsi di Indonesia.<span id=\"more-4815\"></span></p>\r\n<p>Ketua Umum DPP Aptikom, Prof. Zainal Arifin (Ketua APTIKOM Periode 2018-2022) menyampaikan APTIKOM akan terus berusaha memperkuat kompetensi sumber daya manusia di bidang teknologi informasi komumikasi (TIK). &ldquo;Sebagai akademisi akan memberikan pengetahuan, keterampilan yang terbaru, relevan dalam menyongsong generasi emas di tahun 2045 sebagai tanggungjawab kita untuk mempersiapkannya sekarang.Beliau mengatakan, pada pertemuan Aptikom 2022 terdapat 3 kegiatan yaitu Munas, International Conference dan Seminar Nasional dengan tema Kecerdasan Artifisial untuk Percepatan Transformasi Digital di Era Revolusi Industri 4.0 Menuju Masyarakat 5.0. Hal ini sesuai arahan Presiden Republik Indonesia, Joko Widodo untuk melakukan percepatan transformasi digital. &ldquo;Karena teknologi sudah hadir di hadapan kita. Kita sudah dipaksa oleh alam, Covid-19 bahwa penggunaan teknologi digunakan dalam kehidupan sehari-hari.</p>\r\n<p>Aptikom siap menahkodai kecepatan transformasi digital ini. Di semua aspek kehidupan kita menggunakan teknologi bukan hanya literasi digital tapi untuk kehidupan bangsa. Salah satu agenda Munas adalah pemilihan Ketua Umum Aptikom periode 2022-2026 dan hasil Munas APTIKOM bahwa Prof. Dr. rer.nat. Achmad Benny Mutiara, S.Si, S.Kom dan Dr. Husni Teja Sukmana, ST, M.Sc mendapat amanah dari anggota Asosiasi Pergurun Tinggi Informatika dan komputer (Aptikom) seluruh Indonesia dalam musyawarah nasional yang digelar di Sanur, Bali, 9 Desember 2022, malam. Segenap Prodi D3 Teknik Informatika Sekolah Vokasi UNS Mengucapkan selamat kepada ketua umum dan sekretaris jenderal (sekjen) Aptikom Periode 2022 &ndash; 2026, Prof. Dr. rer.nat. Achmad Benny Mutiara, S.Si, S.Kom dan Dr. Husni Teja Sukmana, ST, M.Sc ,semoga aptikom semakin Jaya.</p>\r\n<p>Munas APTIKOM sebagai wadah kolaborasi antara perguruan tinggi dan industry sehingga bisa saling berkolaborasi dan bekerjasama untuk kemajuan teknologi informasi dalam Memberdayakan Kecerdasan Artifisial untuk Percepatan Transformasi Digital di Era Revolusi Industri 4.0 Menuju Masyarakat 5.0. Pada munas tahun 2022 ini prodi D3 Teknik Informatika berperan aktif dalam kegiatan Munas APTIKOM 2022 yaitu diantaranya terjalinya Kerjasama dengan Perguruan Tinggi lain dan Industri, keikutsertaan konferensi ICIC dan juga keikutsertaan dalam expo karya produk D3TI go-wisata.id supported Matcing Fund kedaireka 2022.</p>\r\n<p><img class=\"img-fluid w-100\" style=\"object-fit: cover;\" src=\"https://d3tisolo.vokasi.uns.ac.id/storage/images/1683998007.png\" alt=\"Kerjasama dengan UIN\" width=\"1536\" height=\"866\"><br><img class=\"img-fluid w-100\" style=\"object-fit: cover;\" src=\"https://d3tisolo.vokasi.uns.ac.id/storage/images/1683998031.png\" alt=\"Kerjasama dengan BSI\" width=\"1068\" height=\"544\"></p>\r\n<p><img class=\"img-fluid w-100\" style=\"object-fit: cover;\" src=\"https://d3tisolo.vokasi.uns.ac.id/storage/images/1683998050.png\" alt=\"Kerjasama dengan industri\" width=\"946\" height=\"552\"></p>\r\n<p><img class=\"img-fluid w-100\" style=\"object-fit: cover;\" src=\"https://d3tisolo.vokasi.uns.ac.id/storage/images/1683998065.png\" alt=\"Expo karya produk d3TI SV UNS\" width=\"874\" height=\"491\"></p>\r\n<p>Segenap Prodi D3 Teknik Informatika Sekolah Vokasi UNS Mengucapkan selamat kepada ketua umum dan sekretaris jenderal (sekjen) Aptikom Periode 2022 &ndash; 2026, Prof. Dr. rer.nat. Achmad Benny Mutiara, S.Si, S.Kom dan Dr. Husni Teja Sukmana, ST, M.Sc ,semoga aptikom semakin Jaya.<br><img class=\"img-fluid w-100\" style=\"object-fit: cover;\" src=\"https://d3tisolo.vokasi.uns.ac.id/storage/images/1683998083.png\" alt=\"Kaprodi D3 TI SV UNS Bersama Sekjen APTIMOM 2022-2026 Dr. Husni Teja Sukmana, ST, M.Sc\" width=\"1536\" height=\"866\"></p>\r\n<p>&nbsp;</p>', 'APTIKOM gelar Munas VI di Bali dengan tema Memberdayakan Kecerdasan Artifisial untuk Percepatan Transformasi Digital.', 'Published', '2022-12-19 00:12:21', 'Fitrah Firdaus', 'teknik-informatika-sv-uns-berkontribusi-dalam-munas-aptikom-2022-1', 'Asosiasi Pendidikan Tinggi Informatika dan Komputer (Aptikom) menggelar Musyawarah Nasional (Munas) VI Tahun 2022 di Bali pada 8 -10 Desember 2022 di Sanur.', 28, '2023-05-13 17:26:11', '2023-06-22 04:49:47');
INSERT INTO `d3ti_post` (`post_id`, `post_title`, `post_featured_image`, `post_content`, `post_excerpt`, `post_status`, `post_date`, `post_author`, `post_link`, `post_meta`, `post_view`, `created_at`, `updated_at`) VALUES
(48, 'D3 Teknik Informatika UNS Berhasil Menggelar Konferensi Internasional APICS 2022', 'd060806f-d90b-4fdf-8f08-6e2a9e93b6c9.png', '<p>(SV-UNS)- Program Studi D3 Teknik Informatika SV-UNS berkerjasama dengan IEEE Indonesia Section menggelar konferensi Internasional bertajuk APICS 2022 (The 1st International Conference on Smart Technology, Applied Informatics, and Engineering) dengan tema &ldquo;Driving Digital Transformations Toward Society 5.0 through Smart Technology and Artificial Intelligence&rdquo; secara hybrid Selasa-Rabu (23-24/08/2022) di Kampus Sekolah Vokasi UNS.<span id=\"more-4721\"></span></p>\r\n<p>Konferensi Internasional ini menghadirkan empat (4) pembicara utama; Pertama, Heri Prasetyo, S.Kom, M.Sc.Eng., Ph.D dari Fakultas MIPA Universitas Sebelas Maret, Surakarta dengan tema makalah : &ldquo;Smart Technology on Content-Based Batik Image Retrieval Toward Society 5.0&rdquo;. Dengan moderator bapak Agus Dwi Priyanto, S.S.,M.CALL dari Sekolah Vokasi UNS.</p>\r\n<p><img class=\"img-fluid w-100\" style=\"object-fit: cover;\" src=\"https://d3tisolo.vokasi.uns.ac.id/storage/images/1684125045.png\" alt=\"\"></p>\r\n<p>Kedua, Assoc. Prof. Nik Thompson dai Discipline of Business Information System School of Management and Marketing Curtin University, Australia dengan membahas tema : &ldquo;Security and privacy challenges in smart society (Society 5.0)&rdquo;</p>\r\n<p><img class=\"img-fluid w-100\" style=\"object-fit: cover;\" src=\"https://d3tisolo.vokasi.uns.ac.id/storage/images/1684124834.png\" alt=\"\"></p>\r\n<p>Ketiga, Assoc. Prof. Naoki Fukuta dari College of Informatics, Academic Institute Shizuoka University, Japan dengan judul makalah &ldquo;Towards an Artificial Intelligence and IoT based application for Digital Industry&rdquo;. Pemateri ke-2 dan ke-3 dimoderatori oleh Drs. Bambang Harjito, M.App.Sc.,Ph.D dari Fakultas MIPA UNS.</p>\r\n<p><img class=\"img-fluid w-100\" style=\"object-fit: cover;\" src=\"https://d3tisolo.vokasi.uns.ac.id/storage/images/1684124864.png\" alt=\"\"></p>\r\n<p>Sedangkan yang ke-empat adalah Assoc. Prof. Wei-Cheng Wang ( Research Center for Information Technology Innovation, National Cheng Kung University &ndash; (NCKU) Taiwan ) dengan judul makalah &ldquo;Technological Innovation in Engineering for Facing the Era of Society 5.0&rdquo; dengan moderator Dr. Eng. Herman Saputro, S.Pd., M.Pd., M. T dari Sekolah Vokasi UNS.</p>\r\n<p><iframe src=\"https://www.youtube.com/embed/5nLQr1PEjjE\" width=\"560\" height=\"314\" allowfullscreen=\"allowfullscreen\"></iframe></p>\r\n<p>Dalam sambutannya, Ketua panitia APICS 2022, Hartatik, M.Si menyampaikan bahwa dalam penyelenggaraan konferensi yang pertama kali ini tidak hanya dihadiri dari kampus dalam negeri tetapi juga kampus dari luar negeri. Beliau juga menyampaikan terimakasih kepada semua elemen panitia, partner dan peserta dalam kegiatan APICS ini.</p>\r\n<p><img class=\"img-fluid w-100\" style=\"object-fit: cover;\" src=\"https://d3tisolo.vokasi.uns.ac.id/storage/images/1684124903.png\" alt=\"\" width=\"1024\" height=\"576\"></p>\r\n<p>Didalam pembukaan hari pertama, Dekan Sekolah Vokasi UNS Santoso Tri Hananto, Drs., M.Si., Ak., menegaskan bahwa kegiatan APICS ini diharapkan menjadi konferensi Information Technology yang pertama di Sekolah Vokasi UNS, dengan lima tema Jurnal yakni : Big Data Analytics, Smart Technology, Immersive Technology, Information Systems dan General Topics for Engineers (Math, Science &amp; Engineering). &ldquo;Dalam konferensi ini dapat dilakukan dengan bertukar ide, pengetahuan dan inovasi dalam perkembangan teknologi terutama bagi sektor pendidikan, pemerintah dan industri,&rdquo; tegasnya.<img class=\"img-fluid w-100\" style=\"object-fit: cover;\" src=\"https://d3tisolo.vokasi.uns.ac.id/storage/images/1684124928.png\" alt=\"Albertus Agung Yuwono, S.S., M.Hum as Master of Ceremony\" width=\"1536\" height=\"864\"></p>\r\n<p>Konferensi Internasional ini juga dibuka oleh Prof. Dr. Ir. Ahmad Yunus, M.S selaku Vice Rector for Academic and Student Affairs, Universitas Sebelas Maret. Beliau menyampaikan pentingnya inovasi, kolaborasi dan pengembangan tanpa batas pada hasil-hasil karya produk teknologi informasi sehingga mampu memberikan manfaat secara nyata kepada rakyat Indonesia.</p>\r\n<p><img class=\"img-fluid w-100\" style=\"object-fit: cover;\" src=\"https://d3tisolo.vokasi.uns.ac.id/storage/images/1684124967.png\" alt=\"\" width=\"1024\" height=\"575\"></p>\r\n<p>Kegiatan APICS 2022 yang dilaksanakan selama 2 hari ini berlangsung secara offline dan online untuk sesi parallel session, dan hasilnya akan di publish di IEEE yang terindex scopus.</p>\r\n<p><img class=\"img-fluid w-100\" style=\"object-fit: cover;\" src=\"https://d3tisolo.vokasi.uns.ac.id/storage/images/1684124985.png\" alt=\"\"></p>\r\n<p>Sampai jumpa di Konferensi APICS yang ke-2 di tahun 2023 di Surakarta, Indonesia.</p>\r\n<p><img class=\"img-fluid w-100\" style=\"object-fit: cover;\" src=\"https://d3tisolo.vokasi.uns.ac.id/storage/images/1684125009.png\" alt=\"\"></p>', 'Program Studi D3 Teknik Informatika SV-UNS berkerjasama dengan IEEE Indonesia Section menggelar konferensi Internasional', 'Published', '2022-09-22 11:25:10', 'Fitrah Firdaus', 'd3-teknik-informatika-uns-berhasil-menggelar-konferensi-internasional-apics-2022-1', 'Program Studi D3 Teknik Informatika SV-UNS berkerjasama dengan IEEE Indonesia Section menggelar konferensi Internasional bertajuk APICS 2022.', 0, '2023-05-15 04:32:37', '2023-05-15 04:32:37'),
(49, 'Jadwal Pembayaran UKT, Her Registrasi dan KRS (Agust 2022 – Jan 2023)', 'a53d81ad-b892-4c42-ad26-941d43d7127a.jpg', '<p><strong>A.&nbsp;</strong><span class=\"fontstyle0\"><strong>PERPANJANGAN STUDI</strong><br></span><span class=\"fontstyle0\">1.&nbsp;</span><span class=\"fontstyle0\">Perpanjangan studi bagi mahasiswa seperti tersebut di&nbsp;</span><span class=\"fontstyle0\">bawah ini&nbsp;</span><span class=\"fontstyle0\">:<br></span><span class=\"fontstyle0\">a.&nbsp;</span><span class=\"fontstyle0\">Program S-3&nbsp;</span><span class=\"fontstyle0\">angkatan&nbsp;</span><span class=\"fontstyle0\">2015-2,&nbsp;</span><span class=\"fontstyle0\">2016-1,&nbsp;</span><span class=\"fontstyle0\">2016-2&nbsp;</span><span class=\"fontstyle0\">dan 2017-1<br></span><span class=\"fontstyle0\">b.&nbsp;</span><span class=\"fontstyle0\">Program S-2&nbsp;</span><span class=\"fontstyle0\">angkatan2OlS-2,2019-1,2019-2, dan&nbsp;</span><span class=\"fontstyle0\">2020-1<br></span><span class=\"fontstyle0\">c.&nbsp;</span><span class=\"fontstyle0\">Program S-1&nbsp;</span><span class=\"fontstyle0\">Regulerdan D,4angkatan 2016,2017, dan&nbsp;</span><span class=\"fontstyle0\">2018<br></span><span class=\"fontstyle0\">d.&nbsp;</span><span class=\"fontstyle0\">Program S-1&nbsp;</span><span class=\"fontstyle0\">Transferangkatan 2019dan2020<br></span><span class=\"fontstyle0\">e.&nbsp;</span><span class=\"fontstyle0\">Program D-3&nbsp;</span><span class=\"fontstyle0\">angkatan&nbsp;</span><span class=\"fontstyle0\">2018&nbsp;</span><span class=\"fontstyle0\">dan&nbsp;</span><span class=\"fontstyle0\">2019<br>dengan mengajukan perpanjangan secara online&nbsp;</span><span class=\"fontstyle0\">di www.siakad.uns.ac.id&nbsp;</span><span class=\"fontstyle0\">melalui&nbsp;</span><span class=\"fontstyle0\">akun SSO.&nbsp;</span><span class=\"fontstyle0\">Pengajuan perpanjangan&nbsp;</span><span class=\"fontstyle0\">studi&nbsp;</span><span class=\"fontstyle0\">mulai tanggal 20&nbsp;</span><span class=\"fontstyle0\">Juli&nbsp;</span><span class=\"fontstyle0\">s/d&nbsp;</span><span class=\"fontstyle0\">5&nbsp;</span><span class=\"fontstyle0\">Agustus2022.</span></p>\r\n<p><span class=\"fontstyle0\">2.&nbsp;</span><span class=\"fontstyle0\">Verifikasi perpanjangan&nbsp;</span><span class=\"fontstyle0\">oleh&nbsp;</span><span class=\"fontstyle0\">fakultas dimulai&nbsp;</span><span class=\"fontstyle0\">pada&nbsp;</span><span class=\"fontstyle0\">tanggal&nbsp;</span><span class=\"fontstyle0\">25&nbsp;</span><span class=\"fontstyle0\">Juli&nbsp;</span><span class=\"fontstyle0\">s/d&nbsp;</span><span class=\"fontstyle0\">5&nbsp;</span><span class=\"fontstyle0\">Agustus&nbsp;</span><span class=\"fontstyle0\">2022.</span></p>\r\n<p><strong><span class=\"fontstyle0\">B.&nbsp;</span></strong><span class=\"fontstyle0\"><strong>PENUNDAAN PEMBAYARAN DAN PENGAJUAN KERINGANAN UKT</strong><br></span><span class=\"fontstyle0\">1.&nbsp;</span><span class=\"fontstyle0\">Pengajuan penundaan pembayaran UKT melalui Akademik Fakultas mulai tanggal 25&nbsp;</span><span class=\"fontstyle0\">Juli s/d&nbsp;</span><span class=\"fontstyle0\">4 Agustus 2022.<br></span><span class=\"fontstyle0\">2.&nbsp;</span><span class=\"fontstyle0\">Pelunasan bagi mahasis&rsquo;,va&nbsp;</span><span class=\"fontstyle0\">yang&nbsp;</span><span class=\"fontstyle0\">mengajukan&nbsp;</span><span class=\"fontstyle0\">penundaan pembayaran UKT&nbsp;</span><span class=\"fontstyle0\">maksimal 30&nbsp;</span><span class=\"fontstyle0\">September 2022.<br></span><span class=\"fontstyle0\">3.&nbsp;</span><span class=\"fontstyle0\">Pengajuan&nbsp;</span><span class=\"fontstyle0\">keringanan UKT reguler&nbsp;</span><span class=\"fontstyle0\">mulai tanggal&nbsp;</span><span class=\"fontstyle0\">23 eld&nbsp;</span><span class=\"fontstyle0\">3O&nbsp;</span><span class=\"fontstyle0\">Juli&nbsp;</span><span class=\"fontstyle0\">2O22.<br></span><span class=\"fontstyle0\">4.&nbsp;</span><span class=\"fontstyle0\">Verifikasi keringanan&nbsp;</span><span class=\"fontstyle0\">UKT oleh&nbsp;</span><span class=\"fontstyle0\">fakultas&nbsp;</span><span class=\"fontstyle0\">mulai&nbsp;</span><span class=\"fontstyle0\">tanggal&nbsp;</span><span class=\"fontstyle0\">23&nbsp;</span><span class=\"fontstyle0\">s/d&nbsp;</span><span class=\"fontstyle0\">31&nbsp;</span><span class=\"fontstyle0\">Juli&nbsp;</span><span class=\"fontstyle0\">2O22dan&nbsp;</span><span class=\"fontstyle0\">verifikasi keringanan&nbsp;</span><span class=\"fontstyle0\">UKT oleh kemahasiswaan universitas mulai tanggal 23&nbsp;</span><span class=\"fontstyle0\">Juli s/d&nbsp;</span><span class=\"fontstyle0\">2&nbsp;</span><span class=\"fontstyle0\">Agustus&nbsp;</span><span class=\"fontstyle0\">2022.<br></span><span class=\"fontstyle0\">5.&nbsp;</span><span class=\"fontstyle0\">Keringanan&nbsp;</span><span class=\"fontstyle0\">6&nbsp;</span><span class=\"fontstyle0\">SKS bagi mahasiswa jenjang&nbsp;</span><span class=\"fontstyle0\">S{&nbsp;</span><span class=\"fontstyle0\">dan&nbsp;</span><span class=\"fontstyle0\">D4 angkatan 2018&nbsp;</span><span class=\"fontstyle0\">sefta&nbsp;</span><span class=\"fontstyle0\">D3 angkatan 2019&nbsp;</span><span class=\"fontstyle0\">dengan&nbsp;</span><span class=\"fontstyle0\">besaran UKT 50% dapat diajukan mahasiswa di vurwv.siakad.uns.ac.id melalui SSO masing-masing&nbsp;</span><span class=\"fontstyle0\">mulai&nbsp;</span><span class=\"fontstyle0\">tanggal&nbsp;</span><span class=\"fontstyle0\">25&nbsp;</span><span class=\"fontstyle0\">Juli&nbsp;</span><span class=\"fontstyle0\">s/d&nbsp;</span><span class=\"fontstyle0\">6&nbsp;</span><span class=\"fontstyle0\">Agustus&nbsp;</span><span class=\"fontstyle0\">2022,&nbsp;</span><span class=\"fontstyle0\">dengan konsekuensi&nbsp;</span><span class=\"fontstyle0\">jlka&nbsp;</span><span class=\"fontstyle0\">mengajukan keringanan&nbsp;</span><span class=\"fontstyle0\">jenis&nbsp;</span><span class=\"fontstyle0\">ini&nbsp;</span><span class=\"fontstyle0\">tidak&nbsp;</span><span class=\"fontstyle0\">bisa dibatalkan dan&nbsp;</span><span class=\"fontstyle0\">tidak&nbsp;</span><span class=\"fontstyle0\">bisa mengajukan keringanan lainnya.</span></p>\r\n<p><strong><span class=\"fontstyle0\">C.&nbsp;</span></strong><span class=\"fontstyle0\"><strong>SELANG/CUTI</strong><br></span><span class=\"fontstyle0\">1.&nbsp;</span><span class=\"fontstyle0\">Pengajuan&nbsp;</span><span class=\"fontstyle0\">selang/cuti&nbsp;</span><span class=\"fontstyle0\">studi&nbsp;</span><span class=\"fontstyle0\">pada&nbsp;</span><span class=\"fontstyle0\">semester&nbsp;</span><span class=\"fontstyle0\">Agustus&nbsp;</span><span class=\"fontstyle0\">2A22&nbsp;</span><span class=\"fontstyle0\">&ndash;&nbsp;</span><span class=\"fontstyle0\">Januari&nbsp;</span><span class=\"fontstyle0\">2023&nbsp;</span><span class=\"fontstyle0\">dilakukan secara&nbsp;</span><span class=\"fontstyle0\">online&nbsp;</span><span class=\"fontstyle0\">di www.</span><span class=\"fontstyle0\">siakad.uns.ac.id dengan akun SSO mulai tanggal 25&nbsp;</span><span class=\"fontstyle0\">Juli s/d&nbsp;</span><span class=\"fontstyle0\">7&nbsp;</span><span class=\"fontstyle0\">Agustus&nbsp;</span><span class=\"fontstyle0\">2022, setelah itu&nbsp;</span><span class=\"fontstyle0\">mengurus berkas selang/cuti studi ke akademik&nbsp;</span><span class=\"fontstyle0\">fakultas&nbsp;</span><span class=\"fontstyle0\">masing-masing.<br></span><span class=\"fontstyle0\">2.&nbsp;</span><span class=\"fontstyle0\">Pembayaran selang/cuti studi untuk&nbsp;</span><span class=\"fontstyle0\">jenjang 52, 53&nbsp;</span><span class=\"fontstyle0\">dan PPDS&nbsp;</span><span class=\"fontstyle0\">sebesar&nbsp;</span><span class=\"fontstyle0\">50o/o&nbsp;</span><span class=\"fontstyle0\">dari&nbsp;</span><span class=\"fontstyle0\">UKT, sedangkan untuk&nbsp;</span><span class=\"fontstyle0\">jenjang&nbsp;</span><span class=\"fontstyle0\">D3, D4 dan&nbsp;</span><span class=\"fontstyle0\">51&nbsp;</span><span class=\"fontstyle0\">tidak ada pembayaran.</span></p>\r\n<p><strong><span class=\"fontstyle0\">D.&nbsp;</span></strong><span class=\"fontstyle0\"><strong>PEMBAYARAN UKT</strong><br></span><span class=\"fontstyle0\">1.&nbsp;</span><span class=\"fontstyle0\">Pembayaran UKT dapat dilakukan&nbsp;</span><span class=\"fontstyle0\">di&nbsp;</span><span class=\"fontstyle0\">Bank&nbsp;</span><span class=\"fontstyle0\">BNl, BRI, BTN,&nbsp;</span><span class=\"fontstyle0\">MANDIRI&nbsp;</span><span class=\"fontstyle0\">dan BANK JATENG mulaitanggal&nbsp;</span><span class=\"fontstyle0\">25&nbsp;</span><span class=\"fontstyle0\">Juli&nbsp;</span><span class=\"fontstyle0\">s/d&nbsp;</span><span class=\"fontstyle0\">7&nbsp;</span><span class=\"fontstyle0\">Agustus&nbsp;</span><span class=\"fontstyle0\">2022.<br></span><span class=\"fontstyle0\">2.&nbsp;</span><span class=\"fontstyle0\">Ketentuan pembayaran UKT,&nbsp;</span><span class=\"fontstyle0\">harus sudah melunasi&nbsp;</span><span class=\"fontstyle0\">UKT&nbsp;</span><span class=\"fontstyle0\">semester-&nbsp;</span><span class=\"fontstyle0\">semester sebelumnya.<br></span><span class=\"fontstyle0\">3.&nbsp;</span><span class=\"fontstyle0\">Pembayaran UKT setelah&nbsp;</span><span class=\"fontstyle0\">tanggal&nbsp;</span><span class=\"fontstyle0\">7&nbsp;</span><span class=\"fontstyle0\">Agustus&nbsp;</span><span class=\"fontstyle0\">2022,&nbsp;</span><span class=\"fontstyle0\">akan&nbsp;</span><span class=\"fontstyle0\">dikenakan&nbsp;</span><span class=\"fontstyle0\">sanksi.<br></span><span class=\"fontstyle0\">4-&nbsp;</span><span class=\"fontstyle0\">PIN&nbsp;</span><span class=\"fontstyle0\">/&nbsp;</span><span class=\"fontstyle0\">Kode Akses dari&nbsp;</span><span class=\"fontstyle0\">Bank&nbsp;</span><span class=\"fontstyle0\">bisa digunakan untuk melakukan pengisian&nbsp;</span><span class=\"fontstyle0\">KRS&nbsp;</span><span class=\"fontstyle0\">pada tanggal&nbsp;</span><span class=\"fontstyle0\">I&nbsp;</span><span class=\"fontstyle0\">s/d&nbsp;</span><span class=\"fontstyle0\">18&nbsp;</span><span class=\"fontstyle0\">Agustus&nbsp;</span><span class=\"fontstyle0\">2022.</span></p>\r\n<p><span class=\"fontstyle0\"><br><strong>CATATAN:</strong><br></span><span class=\"fontstyle0\">1.&nbsp;</span><span class=\"fontstyle0\">Mahasisrrya&nbsp;</span><span class=\"fontstyle0\">yang&nbsp;</span><span class=\"fontstyle0\">melakukan&nbsp;</span><span class=\"fontstyle0\">henegistrasi&nbsp;</span><span class=\"fontstyle0\">wajib&nbsp;</span><span class=\"fontstyle0\">update data pribadi&nbsp;</span><span class=\"fontstyle0\">di&nbsp;</span><span class=\"fontstyle0\">SIAKAD, mengisikan NlK,&nbsp;</span><span class=\"fontstyle0\">NISN dan menginputkan&nbsp;</span><span class=\"fontstyle0\">nomor handphone&nbsp;</span><span class=\"fontstyle0\">(semua operator) yang&nbsp;</span><span class=\"fontstyle0\">aktif, bukan telepon rumah.<br></span><span class=\"fontstyle0\">2.&nbsp;</span><span class=\"fontstyle0\">Bagi&nbsp;</span><span class=\"fontstyle0\">Mahasiswa&nbsp;</span><span class=\"fontstyle0\">KKN, Konsultasi KRS menyesuaikan&nbsp;</span><span class=\"fontstyle0\">jadwaldi&nbsp;</span><span class=\"fontstyle0\">Fakultas masing-masing.</span></p>\r\n<p><span class=\"fontstyle0\"><img class=\"img-fluid w-100\" style=\"object-fit: cover;\" src=\"https://d3tisolo.vokasi.uns.ac.id/storage/images/1684149512.jpg\" alt=\"\" width=\"676\" height=\"1053\"></span></p>\r\n<p>&nbsp;</p>', 'Jadwal Pembayaran UKT, Her Registrasi dan KRS (Agust 2022 – Jan 2023)', 'Published', '2022-07-11 18:16:34', 'Humas D3TI-UNS', 'jadwal-pembayaran-ukt--her-registrasi-dan-krs--agust-2022---jan-2023-', 'Informasi mengenai Jadwal Pembayaran UKT, Her Registrasi dan KRS (Agust 2022 – Jan 2023) dapat dilihat secara online di www.siakad.uns.ac.id', 0, '2023-05-15 11:23:54', '2023-05-15 11:23:54'),
(50, 'D3 TI Mengundang DJKI bidang Paten dan Merek dalam FGD HKI Perangkat Lunak', 'e22e5dce-9eac-4cba-98c3-0cf20c67b8e3.jpg', '<p>(Rabu,05.10.2022) Dalam praktek sehari-hari kita sering mencampuradukan antara paten dan merek, misalnya dengan mengatakan: mematenkan merek. Ini sebenarnya miskonsepsi. Merek dan paten, keduanya adalah hak kekayaan intelektual (HKI) yang berdiri sendiri, punya konsepnya masing-masing dan diatur berdasarkan undang-undangnya sendiri, jadi secara hukum tidak dapat dicampur aduk.</p>\r\n<p><img class=\"img-fluid w-100\" style=\"object-fit: cover;\" src=\"https://d3tisolo.vokasi.uns.ac.id/storage/images/1684207339.jpg\" alt=\"\"></p>\r\n<p>UNS dalam hal ini adalah Prodi D3 Teknik Informatika (Sekolah Vokasi) mengundang dua pembicara dari DJKI langsung yang menangani Paten dan Merek.</p>\r\n<p><img class=\"img-fluid w-100\" style=\"object-fit: cover;\" src=\"https://d3tisolo.vokasi.uns.ac.id/storage/images/1684207376.jpg\" alt=\"\" width=\"650\" height=\"650\"></p>\r\n<p>Masing-masing pembicara&nbsp; adalah :<br>1. NICO ENDRIARKO SOELISTYONO, S.T (PEMERIKSA PATEN MADYA)</p>\r\n<p><img class=\"img-fluid w-100\" style=\"object-fit: cover;\" src=\"https://d3tisolo.vokasi.uns.ac.id/storage/images/1684207419.jpg\" alt=\"\" width=\"566\" height=\"359\"></p>\r\n<p>2. RIZKI SAPUTRA, S.T. (PEMERIKSA MEREK MUDA)</p>\r\n<p><img class=\"img-fluid w-100\" style=\"object-fit: cover;\" src=\"https://d3tisolo.vokasi.uns.ac.id/storage/images/1684207458.jpg\" alt=\"\" width=\"573\" height=\"317\"></p>\r\n<p>Tanggal 05-Okt-2022, mulai Jam 08.00 s.d Selesai via ZOOM</p>\r\n<p>Untuk selengkapnya bisa menyimak video rekamannya sebagai berikut :</p>\r\n<p><iframe src=\"https://www.youtube.com/embed/fsGjDmki0WY\" width=\"696\" height=\"391\" allowfullscreen=\"allowfullscreen\"></iframe></p>', 'D3 Teknik Informatika Mengundang DJKI bidang Paten dan Merek dalam FGD HKI Perangkat Lunak', 'Published', '2022-10-05 10:20:59', 'Humas D3TI-UNS', 'd3-ti-mengundang-djki-bidang-paten-dan-merek-dalam-fgd-hki-perangkat-lunak-1', 'D3 Teknik Informatika Mengundang DJKI bidang Paten dan Merek dalam FGD HKI Perangkat Lunak · peringkat paten perguruan tinggi 2021', 0, '2023-05-16 03:26:52', '2023-05-16 03:26:52'),
(51, 'Produk Digital untuk mengembangkan pendidikan di TK Widya Putra', '4f0e1e24-c854-4080-979d-0ba463f8f356.jpg', '<p>D3TI SV UNS &ndash;Grup Riset Immersive Technology Program Studi Diploma 3 Teknik Informatika Sekolah Vokasi UNS (D3 TI SV UNS) mengadakan kegiatan Pengabdian kepada Masyarakat bersama dengan Taman Kanak-Kanak (TK) Widya Putra Karanganyar, melakukan pemberdayaan masyarakat pendampingan pembelajaran AR pengenalan Profesi kepada anak didik dengan penggunaan media pembelajaran aplikasi ARHALOkids, Sabtu (25/6/2022).<span id=\"more-4657\"></span></p>\r\n<p>Kegiatan ini juga dibarengi dengan kegiatan peresmian renovasi gedung Taman Kanak-Kanak (TK) Widya Putra Karanganyar oleh Dharma Wanita Persatuan (DWP) Universitas Sebelas Maret (UNS) Surakarta serta kegiatan pelepasan peserta didik tahun ajaran 2021-2022 TK Widya Putra.</p>\r\n<p><img class=\"img-fluid w-100\" style=\"object-fit: cover;\" src=\"https://d3tisolo.vokasi.uns.ac.id/storage/images/1684208266.jpg\" alt=\"\" width=\"762\" height=\"292\"></p>\r\n<p>Selain oleh Tim Pengabdian kepada Masyarakat dari Grup Riset Immersive Technology D3TI SV UNS, kegiatan ini juga dihadiri oleh Ketua DWP UNS, Budhi Widjajanti Jamal Wiwoho, S.E; Wakil Rektor Akademik dan Kemahasiswaan, Prof. Dr. Ir. Ahmad Yunus, M.S., bersama istri; Wakil Rektor Riset dan Inovasi, Prof. Dr. Kuncoro Diharjo, S.T., M.T.; Ketua Yayasan TK Widya Putra, Arlin Kuncoro Diharjo; Kepala Sekolah TK Widya Putra, Suciati, S.Pd.AUD.; sivitas akademika UNS selaku pelaksana renovasi gedung dan pengembangan pendidikan di TK Widya Putra Karanganyar; tokoh masyarakat; serta para wali murid.</p>\r\n<p>Pembelajaran konvensional di masa pandemi covid-19 mewajibkan guru untuk berinovasi dalam menyajikan media pembelajaran bagi peserta didik. Kemajuan teknologi pada Era Digital memberikan ruang terhadap penerapan kompetensi-kompetensi dasar Pendidikan Anak Usia Dini (PAUD) dan Taman Kanak-Kanan (TK) dengan Teknologi Augmented Reality.</p>\r\n<p><img class=\"img-fluid w-100\" style=\"object-fit: cover;\" src=\"https://d3tisolo.vokasi.uns.ac.id/storage/images/1684208294.jpg\" alt=\"\" width=\"764\" height=\"230\"></p>\r\n<p>Augmented Reality (AR), merupakan media proyeksi antara dunia maya dan dunia nyata dimana anak-anak dapat melihat objek maya dua dimensi atau tiga dimensi secara interaktif. Hal ini dapat mempengaruhi minat anak dalam menerima informasi pelajaran selaras dengan AR sebagai wadah tercapainya kegiatan belajar mengajar bersifat dinamis dengan kompetensi, ruang lingkup, waktu, pengajar dan peserta didik.</p>\r\n<p>Guru-guru TK. Widya Putra, Kecamatan Jaten dituntut untuk menguasai dan menerapkan pembelajaran berbasis digital dengan latar belakang yang berbeda-beda. Pengabdian yang diselenggarakan bertujuan memberdayakan guru dalam menggunakan media pembelajaran digital interaktif berbasis teknologi Augmented Reality.</p>\r\n<p><img class=\"img-fluid w-100\" style=\"object-fit: cover;\" src=\"https://d3tisolo.vokasi.uns.ac.id/storage/images/1684208330.jpg\" alt=\"\" width=\"764\" height=\"271\"></p>\r\n<p>Implementasi teknologi AR diharapkan dapat sesuai dengan kompetensi-kompetensi yang sudah ditentukan dan membangun chemistry antara guru dan peserta didik sehingga proses belajar mengajar tidak terbatas ruang dan waktu. Harapan dari kegiatan pengabdian ini yaitu implementasi media pembelajaran ARHALOkids sebagai bentuk inovasi terhadap perkembangan proses belajar mengajar pada Era Digital di TK Widya Putra.</p>\r\n<p>Dalam sambutan tim pengabdian yang diwakili oleh Fendi Aji Purnomo, S.Si., M.Eng., menjelaskan bahwa produk AR Halo Kid dengan teknologi augmented reality yang dilengkapi dengan kartu bergambar, dapat menjadi media pembelajaran literasi digital bagi anak yang kini semakin akrab dengan teknologi. Penggunaan aplikasi ini pun terbilang sangat mudah dan dapat diunduh pada gawai wali murid. Produk ARHALOKids diberikan kepada pengelola TK Widya Putra dan seluruh para wali murid yang hadir pada kegiatan ini untuk memperkaya media pembelajaran.</p>', 'Prodi D3 Teknik Informatika Sekolah Vokasi UNS berkontribusi mengembangkan pendidikan di TK Widya Putra melalui Produk D', 'Published', '2022-06-25 10:31:59', 'Humas D3TI-UNS', 'produk-digital-untuk-mengembangkan-pendidikan-di-tk-widya-putra', 'Prodi D3 Teknik Informatika Sekolah Vokasi UNS berkontribusi mengembangkan pendidikan di TK Widya Putra melalui Produk Digital ·', 0, '2023-05-16 03:40:02', '2023-06-04 13:45:39'),
(52, 'Sosiaslisasi dan Uji Aplikasi: Implementasi Digitalisasi Desa Wisata Watu Gambir', 'ecf35a50-086e-44de-b6e1-3ffc240499dd.jpg', '<p>Aplikasi tourism serta Serah terima Karya inovasi penelitian Dosen Prodi D3 teknik informatika Sekolah Vokasi UNS , Penelitian Fundamental tahun ke-2 tergabung dalam Grup Riset Applied data Science and AI , yang dilaksanakan oleh Tim peneliti diketua oleh Hartatik S.Si,M.Si dan Tim Nurul Firdaus, A.Md, S.Kom, M.InfoTech dan Abdul Aziz, S.Kom., M.Cs. pada pemerintah desa Karang Bp. Dwi Purwoto, S.E</p>\r\n<p><img class=\"img-fluid w-100\" style=\"object-fit: cover;\" src=\"https://d3tisolo.vokasi.uns.ac.id/storage/images/1684222282.jpg\" alt=\"\" width=\"300\" height=\"200\"></p>\r\n<p><img class=\"img-fluid w-100\" style=\"object-fit: cover;\" src=\"https://d3tisolo.vokasi.uns.ac.id/storage/images/1684222301.jpg\" alt=\"\" width=\"300\" height=\"200\"></p>\r\n<p>kegiatan penelitian fundamental ini merupakan langkah kolaborasi dan implementasi hasil karya penelitian di perguruan tinggi&nbsp; yaitu Dosen dan mahassiwa berkolaborasi dengan industri dan masyarakat. Hasil karya terapan dosen dan mahassiwa ini bertujuan agar bisa memberikan dayaguna dan manfaat bagi ekonomi digital pada saat ini, khususnya di bidang&nbsp; pariwisata. Maju Terus Bangsaku Jaya Terus Negeriku.</p>', 'Sosiaslisasi dan Uji Aplikasi: Implementasi Digitalisasi Desa Wisata Watu Gambir', 'Published', '2022-06-23 14:29:47', 'Humas D3TI-UNS', 'sosialisasi-dan-pengujian-aplikasi-tourism-promotion-desa-wisata-watu-gambir', 'Sosiaslisasi dan Uji Aplikasi: Implementasi Digitalisasi Desa Wisata Watu Gambir', 0, '2023-05-16 07:33:46', '2023-05-26 10:59:26'),
(53, 'VR D3TI SV-UNS dan PINDAD bersama mengikuti “EKSIBISI SIBER PUSSANSIAD 2021”', '04382191-0f06-49f2-8613-b94e9c1374ef.jpg', '<p>(24/11/2021) Bertempat di Hotel Santika, Slipi Jakarta. Tim Virtual Reality D3TI SV-UNS bersama PINDAD mengikuti &ldquo;Eksibisi Siber Pusspansiad 2021&rdquo;. Acara ini diselenggarakan untuk menjawab pesatnya perkembangan teknologi informasi dan komunikasi yang menyebabkan tingginya ancaman kejahatan siber.</p>\r\n<p><img class=\"img-fluid w-100\" style=\"object-fit: cover;\" src=\"https://d3tisolo.vokasi.uns.ac.id/storage/images/1684222664.jpg\" alt=\"\" width=\"768\" height=\"564\"></p>\r\n<p>Eksibisi ini dibuka oleh Komandan Pusat Sandi dan Siber TNI AD Brigjen TNI Iroth Sonny Edhi (DANPUSSANSIAD). Eksibisi juga menampilkan acara seminar tentang keamanan siber yang dihadiri sejumlah pembicara, antara lain Komandan Pussansiad, Praktisi Siber Brigjen TNI Bondan Widiawan, Ahli Siber dari Institut Teknologi Bandung (ITB) Ian Yosef Matheus Edward, dan Pengamat Keamanan Siber Linuz Tri Erianto.</p>\r\n<p><img class=\"img-fluid w-100\" style=\"object-fit: cover;\" src=\"https://d3tisolo.vokasi.uns.ac.id/storage/images/1684222705.jpg\" alt=\"\" width=\"768\" height=\"470\"></p>\r\n<p><img class=\"img-fluid w-100\" style=\"object-fit: cover;\" src=\"https://d3tisolo.vokasi.uns.ac.id/storage/images/1684222723.jpg\" alt=\"\" width=\"764\" height=\"634\"></p>\r\n<p>Dalam kesempatan ini UNS ikut menampilkan Teknologi VR (Virtual Reality) dalam mengembangan simulasi senjata dan simulasi tempur bekerjasama dengan PINDAD.</p>\r\n<p><img class=\"img-fluid w-100\" style=\"object-fit: cover;\" src=\"https://d3tisolo.vokasi.uns.ac.id/storage/images/1684222761.jpg\" alt=\"\" width=\"768\" height=\"424\"></p>\r\n<p><img class=\"img-fluid w-100\" style=\"object-fit: cover;\" src=\"https://d3tisolo.vokasi.uns.ac.id/storage/images/1684222771.jpg\" alt=\"\" width=\"770\" height=\"639\"></p>\r\n<p>Sejumlah perusahaan yang bergerak di bidang pertahanan dan keamanan siber menunjukkan berbagai produk dan inovasi. Perusahaan yang menjadi peserta Eksibisi Siber Pussansiad 2021, antara lain Pindad dan UNS, Internet Pratama Indonesia, NKM Cyber Tech, Defenxor, Rudex Teknologi Indonesia, Protergo Cybersecurity, dan Siber Teknologi Indonesia.</p>\r\n<p>Demo Simulasi Senjata SS2V4 dengan VR</p>\r\n<p><iframe src=\"https://www.youtube.com/embed/9b2RI8SRhzo\" width=\"560\" height=\"314\" allowfullscreen=\"allowfullscreen\"></iframe></p>\r\n<p>Demo Simulasi Tempur dengan VR</p>\r\n<p><iframe src=\"https://www.youtube.com/embed/YYG1i83JTFQ\" width=\"560\" height=\"314\" allowfullscreen=\"allowfullscreen\"></iframe></p>\r\n<p><img class=\"img-fluid w-100\" style=\"object-fit: cover;\" src=\"https://d3tisolo.vokasi.uns.ac.id/storage/images/1684222842.jpg\" alt=\"\" width=\"768\" height=\"539\"></p>', 'VR D3TI SV-UNS dan PINDAD bersama mengikuti “EKSIBISI SIBER PUSSANSIAD 2021”', 'Published', '2021-11-24 14:36:55', 'Humas D3TI-UNS', 'vr-d3ti-sv-uns-dan-pindad-bersama-mengikuti--eksibisi-siber-pussansiad-2021-', 'Virtual Reality D3TI SV-UNS dan PINDAD bersama mengikuti EKSIBISI SIBER PUSSANSIAD 2021', 0, '2023-05-16 07:42:09', '2023-05-25 05:38:41'),
(56, 'D3TI UNS Kembangkan VRET untuk Acrophobia Berbasis Game', 'cd6a7252-2c34-4c2b-8d4d-e19b51e54a48.jpeg', '<p>(Jumat, 05/11/2021) Tim Peneliti D3TI UNS telah mengembangkan Aplikasi Virtual Reality (VR) berbasis mobile game untuk Terapi Acrophobia (Fobia Ketinggian).</p>\r\n<p>Menurut Ovide Decroly Wisnu Ardhi ST, M.Eng selaku ketua peneliti menyatakan bahwa proses pembuatan VR terapi fobia ketinggian melalui beberapa tahapan yang penting untuk tercapainya tujuan.</p>\r\n<p><img class=\"img-fluid w-100\" style=\"object-fit: cover;\" src=\"https://d3ti.vokasi.uns.ac.id/wp-content/uploads/2021/11/vr-acrophobia-uns-vokasi-d3ti-3.png\" alt=\"\" width=\"444\" height=\"381\"></p>\r\n<p>Langkah pertama adalah menentukan dan memilih tujuan spesifik yang disesuaikan dengan spesifikasi perangkat. Selanjutnya adalah menentukan tema Acrophobia&nbsp; yang akan disimulasikan dalam model interaktif 3D. Pemilihan tingkat realisme, tingkat interaksi, pemilihan pemrograman, software, hardware sangat penting untuk keberhasilan pembuatan VR. Tahapan selanjutnya pemodelan 3D, pembuatan games, dan pengujian.</p>\r\n<p><img class=\"img-fluid w-100\" style=\"object-fit: cover;\" src=\"https://d3ti.vokasi.uns.ac.id/wp-content/uploads/2021/11/vr-acrophobia-uns-vokasi-d3ti-4-768x465.png\" alt=\"\" width=\"768\" height=\"465\"></p>\r\n<p>Aplikasi yang dikembangkan ini telah diserahkan kepada mitra yakni Kilinik Pratama Sehati di Surakarta sebagai partner penelitian dan pengabdian D3TI Sekolah Vokasi UNS. Game VRET diharapkan mampu digunakan dan terus dikembangkan lebih lanjut, tutur Yudho Yudhanto sebagai salah satu anggota peneliti dan tim pengabdi. Aplikasi ini dibuat dengan tim yang melibatkan beberapa dosen D3 Teknik Informatika dan juga mahasiswa Josua A Hutabarat.</p>\r\n<p><img class=\"img-fluid w-100\" style=\"object-fit: cover;\" src=\"https://d3ti.vokasi.uns.ac.id/wp-content/uploads/2021/11/vr-acrophobia-uns-vokasi-d3ti.png\" alt=\"\" width=\"879\" height=\"459\"></p>\r\n<p><iframe style=\"width: 876px; height: 491px;\" src=\"https://www.youtube.com/embed/syfU--zK6Q8\" width=\"876\" height=\"491\" allowfullscreen=\"allowfullscreen\"></iframe></p>', 'D3TI UNS Kembangkan VRET untuk Acrophobia Berbasis Game', 'Published', '2021-11-05 21:19:11', 'Humas D3TI-UNS', '-d3ti-uns-kembangkan-vret-untuk-acrophobia-berbasis-game', 'Grup Riset Immersive Technology D3TI UNS Kembangkan Virtual Reality Exposure Therapy (VRET) untuk Acrophobia Berbasis Game ·', 0, '2023-05-30 14:25:40', '2023-06-08 20:41:40'),
(57, 'Digitalisasi Desa Wisata Berbasis WEB dan Mobile Desa Wisata Watu Gambir', 'ea1c8156-5351-4352-8aef-052dbd10dae5.jpeg', '<p><img class=\"img-fluid w-100\" style=\"object-fit: cover;\" src=\"https://d3ti.vokasi.uns.ac.id/wp-content/uploads/2022/07/watugambir-2-2022-300x200.jpg\" alt=\"\" width=\"300\" height=\"200\"></p>\r\n<p>Aplikasi tourism serta Serah terima Karya inovasi penelitian Dosen Prodi D3 teknik informatika Sekolah Vokasi UNS , Penelitian Fundamental tahun ke-2 tergabung dalam Grup Riset Applied data Science and AI , yang dilaksanakan oleh Tim peneliti diketua oleh Hartatik S.Si,M.Si dan Tim Nurul Firdaus, A.Md, S.Kom, M.InfoTech dan Abdul Aziz, S.Kom., M.Cs. pada pemerintah desa Karang Bp. Dwi Purwoto, S.E</p>\r\n<p><img class=\"img-fluid w-100\" style=\"object-fit: cover;\" src=\"https://d3ti.vokasi.uns.ac.id/wp-content/uploads/2022/07/watugambir-2-2022-300x200.jpg\" alt=\"\" width=\"300\" height=\"200\"></p>\r\n<p><img class=\"img-fluid w-100\" style=\"object-fit: cover;\" src=\"https://d3ti.vokasi.uns.ac.id/wp-content/uploads/2022/07/watugambir-3-2022-300x200.jpg\" alt=\"\" width=\"300\" height=\"200\"></p>\r\n<p>kegiatan penelitian fundamental ini merupakan langkah kolaborasi dan implementasi hasil karya penelitian di perguruan tinggi&nbsp; yaitu Dosen dan mahassiwa berkolaborasi dengan industri dan masyarakat. Hasil karya terapan dosen dan mahassiwa ini bertujuan agar bisa memberikan dayaguna dan manfaat bagi ekonomi digital pada saat ini, khususnya di bidang&nbsp; pariwisata. Maju Terus Bangsaku Jaya Terus Negeriku.</p>\r\n<p>Sekolah Vokasi<br>UNS</p>', 'Digitalisasi Desa Wisata Berbasis WEB dan Mobile Desa Wisata Watu Gambir', 'Published', '2022-06-23 22:35:25', 'Humas D3TI-UNS', 'digitalisasi-desa-wisata-berbasis-web-dan-mobile-desa-wisata-watu-gambir', 'SOSIALISASI DAN PENGUJIAN APLIKASI TOURISM PROMOTION SEBAGAI UPAYA OPTIMALISASI PEMANFAATAN POTENSI DAN PROMOSI DESA WISATA WATU GAMBIR', 0, '2023-05-31 15:44:34', '2023-05-31 15:44:34'),
(58, 'D3TI UNS Kembangkan VRET untuk Acrophobia Berbasis Game', '3c3fd8b3-5b15-46f2-bc43-f08dbd713152.jpeg', '<p><img class=\"img-fluid w-100\" style=\"object-fit: cover;\" src=\"https://d3ti.vokasi.uns.ac.id/wp-content/uploads/2021/11/vr-acrophobia-uns-vokasi-d3ti-2.png\" alt=\"\" width=\"765\" height=\"519\"></p>\r\n<p>(Jumat, 05/11/2021) Tim Peneliti D3TI UNS telah mengembangkan Aplikasi Virtual Reality (VR) berbasis mobile game untuk Terapi Acrophobia (Fobia Ketinggian).</p>\r\n<p>Menurut Ovide Decroly Wisnu Ardhi ST, M.Eng selaku ketua peneliti menyatakan bahwa proses pembuatan VR terapi fobia ketinggian melalui beberapa tahapan yang penting untuk tercapainya tujuan.</p>\r\n<p><img class=\"img-fluid w-100\" style=\"object-fit: cover;\" src=\"https://d3ti.vokasi.uns.ac.id/wp-content/uploads/2021/11/vr-acrophobia-uns-vokasi-d3ti-3.png\" alt=\"\" width=\"764\" height=\"656\"></p>\r\n<p>Langkah pertama adalah menentukan dan memilih tujuan spesifik yang disesuaikan dengan spesifikasi perangkat. Selanjutnya adalah menentukan tema Acrophobia&nbsp; yang akan disimulasikan dalam model interaktif 3D. Pemilihan tingkat realisme, tingkat interaksi, pemilihan pemrograman, software, hardware sangat penting untuk keberhasilan pembuatan VR. Tahapan selanjutnya pemodelan 3D, pembuatan games, dan pengujian.</p>\r\n<p><img class=\"img-fluid w-100\" style=\"object-fit: cover;\" src=\"https://d3ti.vokasi.uns.ac.id/wp-content/uploads/2021/11/vr-acrophobia-uns-vokasi-d3ti-4-768x465.png\" alt=\"\" width=\"768\" height=\"465\"></p>\r\n<p>Aplikasi yang dikembangkan ini telah diserahkan kepada mitra yakni Kilinik Pratama Sehati di Surakarta sebagai partner penelitian dan pengabdian D3TI Sekolah Vokasi UNS. Game VRET diharapkan mampu digunakan dan terus dikembangkan lebih lanjut, tutur Yudho Yudhanto sebagai salah satu anggota peneliti dan tim pengabdi. Aplikasi ini dibuat dengan tim yang melibatkan beberapa dosen D3 Teknik Informatika dan juga mahasiswa Josua A Hutabarat.</p>\r\n<p><img class=\"img-fluid w-100\" style=\"object-fit: cover;\" src=\"https://d3ti.vokasi.uns.ac.id/wp-content/uploads/2021/11/vr-acrophobia-uns-vokasi-d3ti.png\" alt=\"\" width=\"879\" height=\"459\"></p>\r\n<p><iframe style=\"width: 876px; height: 491px;\" src=\"https://www.youtube.com/embed/syfU--zK6Q8\" width=\"876\" height=\"491\" allowfullscreen=\"allowfullscreen\"></iframe></p>\r\n<figure id=\"attachment_4291\" class=\"wp-caption alignnone\" aria-describedby=\"caption-attachment-4291\"></figure>', 'Grup Riset Immersive Technology D3TI UNS Kembangkan VRET untuk Acrophobia Berbasis Game', 'Published', '2021-11-05 22:49:52', 'Humas D3TI-UNS', 'd3ti-uns-kembangkan-vret-untuk-acrophobia-berbasis-game', 'Tim Peneliti D3TI UNS telah mengembangkan Aplikasi Virtual Reality (VR) berbasis mobile game untuk Terapi Acrophobia', 0, '2023-05-31 15:54:47', '2023-05-31 15:54:47'),
(59, 'D3 TI Ikut Andil dalam Penanggulangan Bencana Dengan Smart Station Sensor', '36691848-43e4-4580-a5e9-4d38f0a3134e.jpeg', '<p>Tim D3 Teknik Informatika Sekolah Vokasi berkolaborasi dengan Program Studi Fisika FMIPA mengembangakan Perangkat pendeteksi banjir dikawasan aliran sungai. Pada tahun 2021 Progaram D3 Teknik Informatika mendapatkan Hibah Kemitraan Masyarakat dana Internal UNS untuk mengimplementasikan Smart Station Sensor di Desa Krandegan, Kecamatan Bayan, Kabupaten Purworejo. Dalam program kemitraan ini TIM melakukan pemasangan dua perangkat Smart Station Sensor&nbsp; yang akan dipasang di Sungai Dulang dan Sungai Jali Desa Krandegan, Kecamatan Bayan, Kabupaten Purworejo. TIM Dosen yang terlibat dalam program ini adalah</p>\r\n<ol>\r\n<li>Nanang Maulana Yoeseph, S.Si., M.Cs (Ketua &ndash; D3 Teknik Informatika Vokasi)</li>\r\n<li>Fendi Aji Purnomo, S.Si., M.Eng. (Anggota &ndash; D3 Teknik Informatika Vokasi)</li>\r\n<li>Sorja Koesuma, S.Si., M.Si. (Anggota &ndash; Fisika FMIPA)</li>\r\n<li>Rudi Hartono, S.Si., M.Eng. (Anggota &ndash; D3 Teknik Informatika Vokasi)</li>\r\n<li>Nuryani, S.Si,M.Si, Ph.D. (Anggota &ndash; Fisika FMIPA)</li>\r\n</ol>\r\n<p>Perangkat Smart Station Sensor ini merupakan generasi ke 5 dari pengembangan awal, teknologi yang diterapkan pada Smart Station Sensor generasi ke 5 Level sensor, citra dilapangan secara realtime, penggunaan energi terbarukan dan daya penyimpanan yang lebih besar dengan baterai lithium 30Ah.</p>\r\n<p><img class=\"img-fluid w-100\" style=\"object-fit: cover;\" src=\"https://d3ti.vokasi.uns.ac.id/wp-content/uploads/2021/10/d9a3a997-0bbf-46f1-b193-91ca21ab5120-768x354.jpg\" alt=\"\" width=\"768\" height=\"354\"></p>\r\n<p><img class=\"img-fluid w-100\" style=\"object-fit: cover;\" src=\"https://d3ti.vokasi.uns.ac.id/wp-content/uploads/2021/10/06308e15-129f-4ee3-9cd6-88bbf74a628b-473x1024.jpg\" alt=\"\" width=\"473\" height=\"1024\"><img class=\"img-fluid w-100\" style=\"object-fit: cover;\" src=\"https://d3ti.vokasi.uns.ac.id/wp-content/uploads/2021/10/D3-Teknik-Informatika-473x1024.jpg\" alt=\"\" width=\"473\" height=\"1024\"></p>\r\n<p>Pada tangal 13 Oktober 2021 TIM Melakukan pengecekan akhir perangkat dilapangan dan melakukan serah terima seluruh perangkat Smart Station Sensor ke pihak Desa Krandegan, Kecamatan Bayan, Kabupaten Purworejo yang diterima oleh DWINANTO, S.E. Selaku Kepala Desa</p>\r\n<p><img class=\"img-fluid w-100\" style=\"object-fit: cover;\" src=\"https://d3ti.vokasi.uns.ac.id/wp-content/uploads/2021/10/Smart-Station-Sensor-D3-Teknik-Informatika-768x432.jpg\" alt=\"\" width=\"768\" height=\"432\"></p>', 'D3 TI Ikut Andil dalam Penanggulangan Bencana Dengan Menerapkan Teknologi Smart Station Sensor', 'Published', '2021-10-14 23:00:48', 'Humas D3TI-UNS', 'd3-ti-ikut-andil-dalam-penanggulangan-bencana-dengan-smart-station-sensor', 'D3 Teknik Informatika Ikut Andil dalam Penanggulangan Bencana Dengan Menerapkan Teknologi Smart Station Sensor', 0, '2023-05-31 16:07:30', '2023-05-31 16:07:30'),
(60, 'Aplikasi dalam Digitalisasi Desa Wisata di Watu Gambir Karya D3TI', 'e3c3ef1c-1a3c-4379-8400-39538ac94fc4.jpeg', '<p>Di masa pandemi COVID-19 ini, digitalisasi mewabah disegala aspek kehidupan terutama demi menjaga dan meningkatkan perekonomian warga disektor UMKM daerah pedesaan.</p>\r\n<p>Prodi D3TI (D3 Teknik Informatika) UNS ikut andil dalam mengambil peran digitalisasi pengembangan desa wisata di Watu Gambir, Desa Karang, Kabupaten Karanganyar dalam kegiatan Tridarma Dosen D3 Teknik informatika Sekolah Vokasi UNS yang tergabung dalam Riset grup&nbsp;<em>Applied Informatics</em>&nbsp;yaitu oleh Hartatik, S.Si, M.Si, Abdul Aziz, M.Cs, Nurul Firdaus, M.Info.Tech dalam kegiatan Penelitian dan Pengabdian pada Masyarakat tahun 2021, Lembaga Penelitian dan Pengabdian kepada Masyarakat (LPPM) Universitas Sebelas Maret .</p>\r\n<p><img class=\"img-fluid w-100\" style=\"object-fit: cover;\" src=\"https://d3ti.vokasi.uns.ac.id/wp-content/uploads/2021/07/WhatsApp-Image-2021-06-29-at-15.01.01-1-1068x801.jpeg\" alt=\"\" width=\"1068\" height=\"801\"></p>\r\n<p>Besarnya potensi wisata alam di desa wisata Watu Gambir patut untuk dipromosikan secara digital. kegiatan penelitian sebagai wujud tri darma Dosen Prodi D3 teknik Informatika SV UNS ini bekerjasama dengan Kepala Desa Karang, Bp. Dwi Purwoto, SE dan Kepala Dinas Pariwisata, Pemuda dan Olahraga Kabupaten Karanganyar, Bp Drs. Titis Sri Jawoto mensupport promosi desa wisata Watu Gambir dengan pembuatan Aplikasi&nbsp;<em>Smart Village</em>&nbsp;berbasis web, pembuatan video profile dan social media yang digagas oleh Dosen dan Mahasiswa prodi D3TI ,A. Niko P, Windhi Nur Safitri, Hafiidh An Naafi Suratno..</p>\r\n<p>Aplikasi Web Desa Wisata ini mempermudah wisatawan untuk melakukan pemesanan tiket wisata ke flower garden dan danau, reservasi camping ground, river tubing, penginapan, restoran dan perahu. Aplikasi ini juga memberdayakan masyarakat desa yang mempunyai usaha hotel atau kuliner untuk mempromosikan usahanya. Peran dinas pariwisata akan sangat membantu proses digitalisasi desa wisata.</p>\r\n<p><img class=\"img-fluid w-100\" style=\"object-fit: cover;\" src=\"https://d3ti.vokasi.uns.ac.id/wp-content/uploads/2021/07/pict2.jpg\" alt=\"\" width=\"1075\" height=\"572\"></p>\r\n<p>Dengan aplikasi inilah, kami berharap bisa menjadi jembatan kerjasama yang membawa keberkahan bagi prodi D3TI UNS, perangkat, masyarakat, dan wisatawan Watu Gambir.</p>', 'Berperan dalam Digitalisasi Desa Wisata di Watu Gambir,D3 TI kembangkan Aplikasi Desa Wisata', 'Published', '2021-07-21 23:13:11', 'Humas D3TI-UNS', 'aplikasi-dalam-digitalisasi-desa-wisata-di-watu-gambir-karya-d3ti', 'Prodi D3TI (D3 Teknik Informatika) UNS ikut andil dalam mengambil peran digitalisasi pengembangan desa wisata di Watu Gambir', 0, '2023-05-31 16:19:03', '2023-05-31 16:19:03'),
(61, 'Kerjasama dan Serah Terima Hasil Penelitian MKI (Museum Karst Indonesia)', 'c4710bad-d1ff-4369-8778-af773dc91268.jpeg', '<p><img class=\"img-fluid w-100\" style=\"object-fit: cover;\" src=\"https://d3ti.vokasi.uns.ac.id/wp-content/uploads/2019/12/museum-kars-indonesia-mki2-768x576.jpg\" alt=\"\" width=\"768\" height=\"576\"></p>\r\n<p>(27/11/2019) Rabu pagi, Tim visitasi Industri dari Prodi D3TI UNS berangkat menuju ke arah Wonogiri. Museum Karst Indonesia (MKI) menjadi tujuan utama kunjungan kali ini. Museum Karst adalah museum yang berisi koleksi informasi dan contoh batuan kapur, terletak di Desa Gebangharjo, Kecamatan Pracimantoro, Wonogiri dinilai merupakan museum karst terbesar dan terunik di Indonesia, bahkan di Asia Tenggara.</p>\r\n<figure class=\"wp-block-image\">\r\n<figcaption>Pengelola dan dan Kepala Museum MKI</figcaption>\r\n</figure>\r\n<p>Museum Karst Indonesia di bawah pengelolaan Museum Geologi Bandung, sedangkan kawasan luar museum yang meliputi gua-gua dikelola oleh Dinas Kebudayaan dan Pariwisata Kabupaten Wonogiri.</p>\r\n<p>Tim Prodi D3TI UNS berjumlah 6 orang terdiri dari :</p>\r\n<ol>\r\n<li><a href=\"https://iris1103.uns.ac.id/profil-9906008002.asm\">Fendi Aji Purnomo, S.Si.,M.Eng.</a></li>\r\n<li><a href=\"https://iris1103.uns.ac.id/profil-0621038101.asm\">Berliana Kusuma Riasti.,ST.,M.Eng.</a></li>\r\n<li><a href=\"https://iris1103.uns.ac.id/profil-9906004430.asm\">Nanang Maulana Yoeseph.,S.Si.,M.Si.</a></li>\r\n<li><a href=\"https://iris1103.uns.ac.id/profil-6624.asm\">Yudho Yudhanto.,S.Kom.,M.Kom.</a></li>\r\n<li>Alumni : Nur Alif dan Wildan</li>\r\n</ol>\r\n<p>Kunjungan ini diterima dengan baik sekali oleh Kepala MKI, Yakni ibu Dwi Eko Rukmini, S.AP dan juga para staff dan pegawai MKI yang terdiri dari 19 orang.</p>\r\n<p><img class=\"img-fluid w-100\" style=\"object-fit: cover;\" src=\"https://d3ti.vokasi.uns.ac.id/wp-content/uploads/2019/12/Dwi-Eko-Rukmini-museum-kars-indonesia-mki.jpg\" alt=\"\" width=\"795\" height=\"596\"></p>\r\n<figure class=\"wp-block-image\">\r\n<figcaption>Berdiskusi dengan Ibu Dwi Eko Rukmini, S.AP</figcaption>\r\n</figure>\r\n<p>Tujuan utama dan kunjungan ini adalah melakukan perkenalan secara resmi dari D3 Teknik Informatika dalam rangka menjalin kerjasama riset penelitian sesuai bidang Informatika.</p>\r\n<p><img class=\"img-fluid w-100\" style=\"object-fit: cover;\" src=\"https://d3ti.vokasi.uns.ac.id/wp-content/uploads/2019/12/VR-Virtual-Reality-Museum-MKI3.jpg\" alt=\"\" width=\"404\" height=\"303\"><img class=\"img-fluid w-100\" style=\"object-fit: cover;\" src=\"https://d3ti.vokasi.uns.ac.id/wp-content/uploads/2019/12/VR-Virtual-Reality-Museum-MKI2.jpg\" alt=\"\" width=\"403\" height=\"302\"></p>\r\n<p><img class=\"img-fluid w-100\" style=\"object-fit: cover;\" src=\"https://d3ti.vokasi.uns.ac.id/wp-content/uploads/2019/12/VR-Virtual-Reality-Museum-MKI.jpg\" alt=\"\" width=\"807\" height=\"605\"></p>\r\n<p>Tujuan kedua adalah melakukan demo produk IT dan sekaligus serah terima hasil penelitian berupa VR (Virtual Reality) Museum Karst Indonesia.</p>\r\n<p><img class=\"img-fluid w-100\" style=\"object-fit: cover;\" src=\"https://d3ti.vokasi.uns.ac.id/wp-content/uploads/2019/12/Dwi-Eko-Rukmini-museum-kars-indonesia-mki3.jpg\" alt=\"\" width=\"815\" height=\"611\"></p>\r\n<figure class=\"wp-block-image\">\r\n<figcaption>Serah Terima Hasil Penelitian VR Museum Kars</figcaption>\r\n</figure>\r\n<p>Harapan selanjutnya adalah terciptanya produk-produk berikutnya sebagai hasil nyata penelitian bersama sehingga dapat membantu pengelola Museum Kars dalam menyelesaikan masalah yang sedang dihadapi seperti publikasi wisata dan optimalisasi teknologi untuk kebutuhan museum.</p>\r\n<p><img class=\"img-fluid w-100\" style=\"object-fit: cover;\" src=\"https://d3ti.vokasi.uns.ac.id/wp-content/uploads/2019/12/susana-museum-kars-indonesia-mki3.jpg\" alt=\"\" width=\"819\" height=\"614\"></p>\r\n<p><iframe style=\"width: 813px; height: 456px;\" src=\"https://www.youtube.com/embed/_elH4BVozGY\" width=\"813\" height=\"456\" allowfullscreen=\"allowfullscreen\"></iframe></p>', 'Kerjasama dan Serah Terima Hasil Penelitian MKI (Museum Karst Indonesia)', 'Published', '2019-11-28 23:19:21', 'Humas D3TI-UNS', 'kerjasama-dan-serah-terima-hasil-penelitian-mki--museum-karst-indonesia-', 'Tujuanya adalah melakukan demo produk IT dan sekaligus serah terima hasil penelitian berupa VR (Virtual Reality) Museum Karst Indonesia.', 0, '2023-05-31 16:24:56', '2023-05-31 16:24:56');
INSERT INTO `d3ti_post` (`post_id`, `post_title`, `post_featured_image`, `post_content`, `post_excerpt`, `post_status`, `post_date`, `post_author`, `post_link`, `post_meta`, `post_view`, `created_at`, `updated_at`) VALUES
(62, 'Transformasi Digital Produk Aromaterapi  Desa Bandar Pacitan', '439c9510-af3b-4be9-b700-f1f3f09234eb.jpeg', '<p>Desa Bandar terletak di Kecamatan Bandar, Kabupaten Pacitan, Jawa Timur. Perekonomian masyarakat di Desa Bandar didukung oleh masyarakat yang dominan menanam tanaman obat tradisional khususnya kunyit (<em>Curcuma domestica</em>) sebagai komoditas utama. Kunyit menjadi pendukung utama usaha masyarakat disamping usaha peternakan sapi. Kunyit yang dipasok ke industri kecil obat tradisional Wonogiri dan Sukoharjo sebagian besar dihasilkan dari desa Bandar, namun kawasan ini belum terkenal sebagai penghasil kunyit berkualitas apalagi sebagai pengolah tanaman obat tradisionalnya.<span id=\"more-4787\"></span></p>\r\n<p>Penjualan kunyit selama ini hanya dalam bentuk curah produk basah. &ldquo;Solusi yang ditawarkan dalam kegiatan pengabdian ini adalah pengolahan pasca panen berupa pengembangan aspek proses produksi produk aromaterapi dengan menggunakan salah satu bahan yaitu hidrosol kunyit, dan pengembangan aspek pemasaran produk secara digital sehingga terbentuk sekelompok masyarakat yang mandiri secara ekonomi dan social&rdquo; tutur Anif selaku ketua kegiatan ini. Produk pemasaran secara digital saat ini sudah menjadi kebutuhan untuk bisa lebih mengenalkan produk kepada konsumen baik dalam maupun luar negeri. Ini disampaikan oleh anggota Tim Pengabdian dari Prodi D3 Teknik Informatika dan D3 Farmasi</p>\r\n<p><img class=\"img-fluid w-100\" style=\"object-fit: cover;\" src=\"https://d3ti.vokasi.uns.ac.id/wp-content/uploads/2022/11/Picture1-PKM.jpg\" alt=\"\" width=\"286\" height=\"195\"> <img class=\"img-fluid w-100\" style=\"object-fit: cover;\" src=\"https://d3ti.vokasi.uns.ac.id/wp-content/uploads/2022/11/Picture2-PKM3.jpg\" alt=\"\" width=\"311\" height=\"196\"></p>\r\n<p>Di wilayah Desa Bandar sendiri sudah puluhan tahun petani menanam kunyit yang dijual ke tengkulak. Tanaman ini mudah dibudidayakan, bahkan bisa setiap hari ada panen, namun puncak masa panen kunyit setiap tahunnya terjadi pada bulan Juni hingga Agustus. Rata-rata produktivitas di Desa Bandar sendiri adalah 5-8 ton/hari.. Kunyit yang dipasok ke industri kecil obat tradisional Wonogiri dan Sukoharjo juga industri herbal besar sebagian besar dihasilkan dari daerah Bandar namun Bandar belum terkenal dengan tanaman obat tradisionalnya. Salah satu upaya petani mengatasi keterbatasan petani adalah pembentukan kelompok tani. Kelompok Tani Suroloyo, yang terletak di Dusun Ngagik Desa Bandar, diketuai oleh Bp. Agus Pramono dengan anggota 30 petani. Produktivitas di kelompok tani Suroloyo berkisar 90 ton empon-empon/tahun dengan omset rata-rata Rp 200 juta/tahun. Kelompok Tani Suroloyo didirikan dengan tujuan untuk meningkatkan pengetahuan, keterampilan dan sikap serta tumbuh dan berkembangnya kemandirian dalam berusaha tani sehingga produktivitasnya meningkat, pendapatannya bertambah serta kehidupannya yang lebih sejahtera serta menjalin kerjasama dengan banyak pihak. Beberapa kegiatan dilaksanakan dalam kelompok tani tersebut, seperti pembuatan serbuk kunyit, rajangan kunyit dan kunyit instan. Namun hal tersebut belum dapat meningkatkan kesejahteraan petani secara signifikan. &ldquo;Kegiatan ini bekerjasama dengan kelompok Tani Suroloyo I dan CV PJ. Chinglung sebagai industri yang tersertifikasi CPOTB untuk memproduksi produk aromaterapi berbahan hidrosol kunyit dari desa Bandar sebagai komoditi baru di masyarakat, kata Agus selaku ketua kelompok tani Suroloyo.</p>', 'Transformasi Digital Produk Aromaterapi  Desa Bandar Pacitan', 'Published', '2022-11-06 20:46:40', 'Humas D3TI-UNS', 'transformasi-digital-produk-aromaterapi--desa-bandar-pacitan', 'UNS Kembangkan Transformasi Digital Penjualan Produk Aromaterapi Berbahan Hidrosol Kunyit Sebagai Komoditas Unggulan Desa Bandar Pacitan.', 2, '2023-06-04 13:52:52', '2023-06-22 09:28:23'),
(63, 'UNS Kembangkan Produk EWS Banjir Inklusi untuk masyarakat Difable', '432829c8-3de8-482c-8133-1d3dc0b1e824.jpeg', '<p>Sekolah Vokasi UNS berkolaborasi dengan Pusat Studi Bencana (PSB) UNS mengembangkan produk terapan peringatan dini banjir di Dusun Pecakaran Kabupaten Pekalongan, Jawa Tengah. Dosen D3 Teknik Informatika SV UNS Fendi Aji Purnomo, S.Si., M.Eng. dan Tim pengabdian berkolaborasi dengan Pusat Studi Bencana (PSB) melalui Sorja Koesuma, S.Si., M.Si. mengembangkan Produk Terapan Peringatan Dini Banjir (EWS) Inklusi untuk masyarakat difable yang berada di Dusun Pecakaran, Pekalongan.</p>\r\n<p><span id=\"more-4738\"></span></p>\r\n<p>Produk Terapan alat EWS inklusi banjir dikembangkan menggunakan teknologi LoRA. LoRA merupakan sistem komunikasi nirkabel untuk IoT yang menawarkan komunikasi secara jarak jauh dan berdaya rendah. Dengan teknologi ini maka biaya bulanan seperti pulsa sudah tidak perlu dilakukan. Catu daya EWS diambil dari tenaga matahari dan disimpan sehingga dapat beroperasi 24 jam. &nbsp;Alarm atau notifikasi yang diberikan kepada masyarakat difable apabila terjadi kenaikan level air yaitu berupa sirine dan lampu indikator. Dengan sistem peringatan tersebut diharapkan kepada masyarakat difable dan komunitas tersebut dapat menerima peringatan dini banjir.</p>\r\n<p>Kegiatan implementasi Alat EWS Banjir diawali dengan observasi bersama BPBD Kabupaten Pekalongan dan Pemerintah Desa Pecakaran, penentuan titik rawan banjir, pemasangan alat EWS Banjir, uji coba dan kalibrasi level peringatan dan terakhir yaitu sosialisasi cara kerja alat EWS banjir dan cara perawatan alat kepada masyarakat Desa Pecakaran beserta masyarakat difabel.</p>\r\n<p>Dalam sosialisasi produk terapan EWS Banjir tersebut turut hadir Pemerintah Desa Pecakaran, BPBD Kab. Pekalongan, BPD Desa Pecakaran, Bintari Foundation, Pokja APII Pecakaran, kelompok Disabilitas Pecakaran dan Tokoh Masyarakat. Untuk berkomunikasi dengan beberapa masyarakat tuna rungu dihadirkan Juru Bicara Isyarat sehingga informasi dapat tersamoaikan. Dukungan oleh Pemerintah setempat sangat besar dalam&nbsp; implementasi alat EWS Banjir di Desa Pecakaran dan besar harapan dapat membantu warga dalam peringatan dini sehingga masyarakat dapat bersiap-siap apabila terjadi kenaikan level air.</p>\r\n<p>Tanggapan dari Ketua Paguyuban Disabiltas Desa Pecakaran akan hadirnya Alat EWS Banjir yaitu sangat senang dan dapat membantu teman-teman difabel dalam memahami adanya kenaikan level air yaitu ditandai dengan adanya lampu yang berwarna warni dan ada suara sirine saat level air tertinggi terjadi.</p>\r\n<p>Akhir sosialisasi dilakukan serah terima Produk terapan EWS Banjir dari UNS kepada Pemerintah Desa Pecakaran dan dilakukan penandatanganan pernyataan komitmen pemerintah tersebut untuk menjaga dan menggunakan alat EWS Banjir dalam sistem peringatan dini banjir di Desa Pecakaran.</p>\r\n<p><img class=\"img-fluid w-100\" style=\"object-fit: cover;\" src=\"https://d3ti.vokasi.uns.ac.id/wp-content/uploads/2022/10/ews-uns5.jpg\" alt=\"\" width=\"783\" height=\"441\"></p>\r\n<p>Gambar : Pemasangan dan kalibrasi alat EWS Banjir</p>\r\n<p><img class=\"img-fluid w-100\" style=\"object-fit: cover;\" src=\"https://d3ti.vokasi.uns.ac.id/wp-content/uploads/2022/10/ews-uns6.jpg\" alt=\"\" width=\"784\" height=\"518\"></p>\r\n<p>Gambar : Observasi dan penentuan titik rawan banjir bersama BPBD Kab. Pekalongan dan Pemerintah Desa Pecakaran</p>\r\n<p><img class=\"img-fluid w-100\" style=\"object-fit: cover;\" src=\"https://d3ti.vokasi.uns.ac.id/wp-content/uploads/2022/10/ews-uns4.jpg\" alt=\"\" width=\"784\" height=\"473\"></p>\r\n<p>Gambar : Serah terima alat EWS kepada masyarakat Difable</p>\r\n<p><img class=\"img-fluid w-100\" style=\"object-fit: cover;\" src=\"https://d3ti.vokasi.uns.ac.id/wp-content/uploads/2022/10/ews-uns3.jpg\" alt=\"\" width=\"786\" height=\"512\"></p>\r\n<p>Gambar : Penjelasan kerja alat EWS kepada Tuna Rungu di Desa Pecakaran melalui Juru Bahas Isyarat</p>\r\n<p><img class=\"img-fluid w-100\" style=\"object-fit: cover;\" src=\"https://d3ti.vokasi.uns.ac.id/wp-content/uploads/2022/10/ews-uns2.jpg\" alt=\"\" width=\"786\" height=\"390\"></p>\r\n<p>Gambar : Masyarakat Desa pecakaran menerima bantuan alat EWS Banjir dari UNS</p>\r\n<p><img class=\"img-fluid w-100\" style=\"object-fit: cover;\" src=\"https://d3ti.vokasi.uns.ac.id/wp-content/uploads/2022/10/ews-uns.jpg\" alt=\"\" width=\"788\" height=\"426\"></p>\r\n<p>Gambar : Serah terima produk terapan EWS Banjir Inklusi dari UNS kepada Pemerintah Desa Pecakaran</p>', 'UNS Kembangkan Produk EWS Banjir Inklusi untuk masyarakat Difable', 'Published', '2022-10-09 20:54:01', 'Humas D3TI-UNS', 'uns-kembangkan-produk-ews-banjir-inklusi-untuk-masyarakat-difable-1', 'UNS Kembangkan Produk EWS Banjir Inklusi untuk masyarakat Difable', 0, '2023-06-04 13:58:11', '2023-06-04 13:58:11'),
(64, 'EWS Banjir Berbasis IoT: Tanpa Pulsa, Data lebih Real Time', '9e7533d1-8a0b-4bcf-88ff-17aa6040d461.jpeg', '<p>(02.07.2022) RADARSOLO.ID &ndash; Bencana banjir kerap menghantui pemukiman warga, di sejumlah daerah di Jawa Tengah. Inilah yang menggugah kepedulian start-up Iotanic dari Universitas Sebelas Maret (UNS) Surakarta. Mereka membuat early warning system (EWS) alias alat peringatan dini bencana banjir. Menariknya, EWS ini sudah berbasis internet of things (IoT).</p>\r\n<p><img class=\"img-fluid w-100\" style=\"object-fit: cover;\" src=\"https://d3ti.vokasi.uns.ac.id/wp-content/uploads/2022/07/21-radar.jpg\" alt=\"\" width=\"763\" height=\"763\"></p>\r\n<p>Iotanic digawangi lima mahasiswa vokasi D3 Teknik Informatika. Mulai dari Rizky Joanditya, Ridho Fata Ulwan, Novian Rizky, Reyhan Emmillul Fata, dan Rudi Hartanto. Nama terakhir didapuk sebagai mentor.</p>\r\n<p>Rizky Joanditya menjelaskan, pengembangan EWS berbasi IoT ini bertujuan untuk meminimalkan dampak banjir. Menghubungkan EWS dengan internet, yang bisa dipantau dari aplikasi di smartphone.&ldquo;Ini merupakan hasil proyek pengabdian masyarakat kami di Pekalongan, Jawa Tengah. Karena di sana setiap turun hujan, sungainya selalu meluap. Maka kami buat alat ini, sebagai peringatan dini untuk masyarakat. Supaya mereka bersiap evakluasi, jika akan terjadi banjir,&rdquo; katanya, Jumat (1/7).</p>\r\n<p>D3TI SV-UNS : Menjadi pusat pengembangan kualitas SDM bidang teknologi informasi yang berkelanjutan dan unggul di tingkat internasional pada tahun 2045 dengan berlandaskan pada nilai-nilai luhur budaya nasional.</p>\r\n<p>CONTACT US<br>Sekretariat D3TI SV-UNS<br>FMIPA UNS Gedung A Jl. Ir. Sutami 36A Surakarta<br>Telephone/Fax: (0271) 663450<br>Email : kontak@d3ti.vokasi.uns.ac.id<br>Website: http://d3ti.vokasi.uns.ac.id<br>Youtube | IG | FB : d3tiuns</p>\r\n<p>#d3tiuns #vokasiuns #universitassebelasmaret #sekolahvokasi #duniainformatika #diplomaterbaik #teknologiinformasi #ews #radarsolo #semangatpagi #jawapos #inovasi</p>', 'EWS Banjir Berbasis IoT: Tanpa Pulsa, Data lebih Real Time', 'Published', '2022-07-04 20:58:58', 'Humas D3TI-UNS', 'ews-banjir-berbasis-iot--tanpa-pulsa--data-lebih-real-time', 'EWS Banjir Berbasis IoT: Tanpa Pulsa, Data lebih Real Time', 0, '2023-06-04 14:01:11', '2023-06-04 14:01:11'),
(65, 'Pengabdian dalam kegiatan Riset Grup Apllied Informatics', '89bc382a-f1ed-45cf-b1b4-702f70e52169.jpeg', '<p>Dimulai dari diskusi tanggal 18 &ndash; 22 Januari 2021 dilaksanakan diskusi dengan SMP Al Firdaus dan dilakukan pengumpulan data sehingga ditemukan kesepakatan untuk bekerjasama menangani anak dengan keterbatasan diskalkulia, yang diwujudkan dalam kegiatan pengabdian kerjasama Universitas Sebelas Maret dengan SMP Al Firdaus.</p>\r\n<p>Dalam analisis permasalahan yang dihadapi mitra dilakukan secara luring dan daring, untuk mengetahui kebutuhan sekolah sehingga dapat membantu terlaksananya pembelajaran yang lebih optimal. Dilakukan juga pengecekan ketersediaan teknologi yang dimiliki sekolah untuk memudahkan implementasi aplikasi nantinya.</p>\r\n<p><img class=\"img-fluid w-100\" style=\"object-fit: cover;\" src=\"https://d3ti.vokasi.uns.ac.id/wp-content/uploads/2021/07/pengabdian-2.png\" alt=\"\" width=\"806\" height=\"453\"></p>\r\n<p>Sebagai wujud kepedulian terhadap hak akan pendidikan bagi setiap orang tanpa membeda &ndash; bedakan maka dilaksanakan pengabdian kepada masyarakat berupa implementasi aplikasi&nbsp;<em>Calculate it</em>&nbsp;yang telah dibangun dengan mengimplementasikan&nbsp;<em>Dyscalculia Screener</em>&nbsp;yang dipadukan dengan materi prinsip &ndash; prinsip matematika dasar untuk membangkitkan minat belajar matematika bagi pengguna. Aplikasi ini berupa&nbsp;<em>game</em>&nbsp;yang menyenangkan sehingga siswa tidak merasakan tekanan belajar.</p>\r\n<p>Prodi D3 Teknik informatika dalam tim pengabdian Dosen mengembangkan aplikasi sebagai Solusi untuk penanganan anak diskalkulia dilakukan dengan mengimplementasikan aplikasi&nbsp;<em>Calculate it</em>, yaitu aplikasi game yang menyenangkan untuk siswa, siswa diajak untuk mengikuti alur permainan tanpa disadari siswa diuji dalam kemampuannya mengenal angka dan perhitungan sederhana. Diharapkan dengan implementasi aplikasi&nbsp;<em>Calculate it&nbsp;</em>ini dapat meningkatkan kemampuan siswa dalam mengenal angka perhitungan sederhana sehingga siswa mampu lebih mandiri dalam kehidupan khususnya yang terkait dengan perhitungan sederhana. Semoga ini bisa menjadi sumbang sih peran Prodi dalam dunia pendidikan dasar dan menengah.</p>', 'Pengabdian dalam kegiatan Riset Grup Apllied Informatics', 'Published', '2021-07-12 21:02:01', 'Humas D3TI-UNS', 'pengabdian-dalam-kegiatan-riset-grup-apllied-informatics-', 'Pengabdian dalam kegiatan Riset Grup Apllied Informatics', 0, '2023-06-04 14:03:57', '2023-06-04 14:03:57'),
(66, 'Pengabdian D3TI berupa Inovasi Museum Virtual Reality (VR) di LOKANANTA', 'f28da0b3-0d2b-454b-86e0-a46624ee0bfb.jpeg', '<p>(Rabu, 09 September 2020) Bertempat di Studio Record Lokananta, Kegiatan Penelitian dan Pengabdian Kepada Masyarakat Prodi D3 Teknik Informatika, Sekolah Vokasi, Universitas Sebelas Maret diselengarakan dengan judul &ldquo;Pemberdayaan Masyarakat Dalam Mengenal dan Memahami Virtual Museum Lokananta Surakarta Sebagai Upaya Pelestarian Hasil Warisan Budaya&rdquo;. Tujuan kegiatan tersebut untuk memperkenalkan dan sosialisasi salah satu hasil penelitian yang dilakukan dosen dan mahasiswa yaitu aplikasi Virtual Reality Museum Lokananta.</p>\r\n<p><img class=\"img-fluid w-100\" style=\"object-fit: cover;\" src=\"https://d3ti.vokasi.uns.ac.id/wp-content/uploads/2020/09/lokananta-virtual-reality-VR-dari-d3-teknik-informatika-uns-9.jpg\" alt=\"\" width=\"689\" height=\"543\"></p>\r\n<p>Tergabung melalui Riset Grup Immersive Ketua Kegiatan Taufiqurrakhman NH, S.Kom., M.Cs. secara simbolis menyerahkan aplikasi beserta alat dukung VR Museum Lokananta kepada pihak Lokananta Record. Aplikasi tersebut diterima dengan baik oleh Bapak Nugraha Andi Kusuma selaku Asesmen Pemasaran Lokananta Record Surakarta dan ditemani oleh Pak Sriyono dan Pak Anggit dibagian pemasaran Lokananta.</p>\r\n<p><img class=\"img-fluid w-100\" style=\"object-fit: cover;\" src=\"https://d3ti.vokasi.uns.ac.id/wp-content/uploads/2020/09/lokananta-virtual-reality-VR-dari-d3-teknik-informatika-uns-4.jpg\" alt=\"\" width=\"702\" height=\"395\"></p>\r\n<p>Harapannya dengan hadirnya aplikasi berbasis 4.0 tersebut dapat mengenalkan masyarakat mengenai keberadaan Lokananta sebagai tempat edukasi rekaman. Di kesempatan yang terpisah hadir pula Pak Bemby Ananto selaku Asesmen Produksi Lokananta Record Surakarta yang memberikan masukan akan kebutuhan di Lokananta yang dapat dikembangkan melalui kolaborasi dengan dunia akademik.</p>\r\n<p><img class=\"img-fluid w-100\" style=\"object-fit: cover;\" src=\"https://d3ti.vokasi.uns.ac.id/wp-content/uploads/2020/09/lokananta-virtual-reality-VR-dari-d3-teknik-informatika-uns-11.jpg\" alt=\"\" width=\"710\" height=\"433\"></p>\r\n<p>Pelaksanaan kegiatan tersebut dengan menerapkan protokol kesehatan dan diikuti oleh masyarakat terbatas, mahasiswa dan alumni yang diwakili Sekjen KATIKOM Prodi D3 Teknik Informatika UNS. Dalam diskusinya Lokananta record sangat mengapresiasi penerapan inovasi teknologi apabila diterapkan di Lokananta Record. Bentuk kerja sama lanjutan untuk oengembangan inovasi dapat melalui kegiatan magang, riset tugas akhir dan pelaksanan webinar khususnya di masa pandemic ini.</p>\r\n<p><img class=\"img-fluid w-100\" style=\"object-fit: cover;\" src=\"https://d3ti.vokasi.uns.ac.id/wp-content/uploads/2020/09/lokananta-virtual-reality-VR-dari-d3-teknik-informatika-uns-7.jpg\" alt=\"\" width=\"720\" height=\"425\"></p>\r\n<p>Akhir kegiatan mahasiswa dipersilahkan untuk keliling mengenai ruangan produksi di Lokananta Record dengan harapan dapat muncul inovasi ide pada mahasiswa dan dapat dikembangkan lagi dalam sebuah aplikasi berbasis teknologi informasi.</p>\r\n<p><img class=\"img-fluid w-100\" style=\"object-fit: cover;\" src=\"https://d3ti.vokasi.uns.ac.id/wp-content/uploads/2020/09/lokananta-virtual-reality-VR-dari-d3-teknik-informatika-uns-6.jpg\" alt=\"\" width=\"742\" height=\"485\"></p>\r\n<p>&nbsp;</p>', 'Pengabdian D3TI berupa Inovasi Museum Virtual Reality (VR) di LOKANANTA', 'Published', '2020-09-10 21:10:10', 'Humas D3TI-UNS', 'pengabdian-d3ti-berupa-inovasi-museum-virtual-reality--vr--di-lokananta', 'Pengabdian D3TI berupa Inovasi Museum Virtual Reality (VR) di LOKANANTA', 0, '2023-06-04 14:13:18', '2023-06-04 14:13:18'),
(67, 'Teknologi 4.0 untuk Guru-guru TK & PAUD Kec. Colomadu', 'e32aa09a-4a7b-4873-970a-522361b5b431.jpeg', '<p>(22/08/2020) Perkembangan teknologi dan kebutuhan akan informasi saat ini berkembang sangat pesat. Media pembelajaran yang berkembang saat ini wajib diketahui oleh seorang pendidik sehingga dapat digunakan secara maksimal. Seperti diutarakan ketua kegiatan Pengabdian dari D3 Teknik Informatika Sekolah Vokasi UNS Fendi Aji Purnomo, S.Si., M.Eng. bahwa situasi pandemi yang terjadi saat ini menuntut semua pelaku kegiatan untuk memanfaatkan teknologi sehingga tetap bisa saling terhubung.</p>\r\n<p>Khusus di dalam dunia pendidikan, seorang guru harus tetap melakukan transfer knowledge kepada anak didik sehingga pembelajaran tetap dapat dilakukan. Kegiatan pengabdian ini berjudul &ldquo;<strong>Inovasi Keterampilan Teknologi Informasi Guru-Guru TK dan KB di Kecamatan Colomadu Kabupaten Karanganyar dalam Pemanfaatan Media Pembelajaran 4.0 Untuk Anak Didik</strong>&rdquo;</p>\r\n<p>&nbsp;</p>\r\n<p><img class=\"img-fluid w-100\" style=\"object-fit: cover;\" src=\"https://d3ti.vokasi.uns.ac.id/wp-content/uploads/2020/09/Sambutan-Kaprodi-D3-Teknik-Informatika-Ibu-Hartatik-M.Si_.jpg\" alt=\"\" width=\"945\" height=\"531\"></p>\r\n<figure class=\"wp-block-image\">\r\n<figcaption>Gambar 2. Sambutan Kaprodi D3 Teknik Informatika Ibu Hartatik, M.Si. dan arahan kegiatan pengabdian oleh Bp. Fendi Aji Purnomo, M.Eng.</figcaption>\r\n</figure>\r\n<p>Ditambahkan juga oleh Kaprodi D3 Teknik Informatika Sekolah Vokasi UNS yaitu Hartatik, M.Si. dalam sambutannya, bahwa kesuksesan pebelajaran tersebut tidak terlepas dari peran serta guru, peserta didik dan materi yang dikemas dengan baik. Pengemasan materi yang disusun dengan baik dan memberikan illustrasi pembelajaran merupakan salah satu solusi supaya transfer knowledge tetap berlangsung. Contoh dari pengembangan media ajar untuk anak TK saat pandemi ini yaitu berbasiskan audio visual.</p>\r\n<p><img class=\"img-fluid w-100\" style=\"object-fit: cover;\" src=\"https://d3ti.vokasi.uns.ac.id/wp-content/uploads/2020/09/Pendampingan-teknis-pelatihan-IT-oleh-dosen-D3-Teknik-Informatika-SV-UNS.jpg\" alt=\"\" width=\"946\" height=\"532\"></p>\r\n<figure class=\"wp-block-image\">\r\n<figcaption>Gambar 3. Pendampingan teknis pelatihan IT oleh dosen D3 Teknik Informatika SV UNS</figcaption>\r\n</figure>\r\n<p>Kegiatan yang dihadiri dan didukung oleh Pengawas Korwil IGTK Kec. Colomadu Bapak Masruri, S.Pd. dan Ibu Endang Darni, S.Pd., M.Pd. Serta Pengawas Korwil PAUD Kec. Colomadu Ibu Tutik Sulistyaningsih, S.Pd., MM. dan Bapak Mulyono S.Pd. sangat mengapresiasi kegiatan pelatihan tersebut karena sangat bermanfaat untuk meningkatkan keterampilan guru-guru dalam penguasaan Teknologi Informasi. Masruri berpesan kepada peserta pelatihan, bahwa kegiatan yang diselenggarakan oleh UNS ini mohon Bapak Ibu Guru memanfaatkan dengan sebaik-baiknya supaya tidak ketinggalan teknologi dan dapat bermanfaat dalam menunjang pembelajaran di masa pandemic ini.</p>\r\n<p><img class=\"img-fluid w-100\" style=\"object-fit: cover;\" src=\"https://d3ti.vokasi.uns.ac.id/wp-content/uploads/2020/09/Peran-serta-mahasiswa-D3-Teknik-Informatika-SV-UNS-dalam-kegiatan-pengabdian.jpg\" alt=\"\" width=\"946\" height=\"532\"></p>\r\n<figure class=\"wp-block-image\">\r\n<figcaption>Gambar 4. Peran serta mahasiswa D3 Teknik Informatika SV UNS dalam kegiatan pengabdian</figcaption>\r\n</figure>\r\n<p>Melalui kerja sama kegiatan pengabdian antara UNS dengan K3TK ( Kelompok Kerja Kepala Taman Kanak-Kanak) dan PAUD Kec. Colomadu, menyelenggarakan pelatihan pengembangan media pembelajaran berbasis video. Kegiatan yang dilaksanakan pada tanggal 15 dan 22 Agustus 2020 tersebut diikuti sejumlah 60 peserta dari kelompok IGTK dan PAUD Kec. Colomadu yang terbagi menjadi 2 kelompok. Pembagian menjadi 2 kelompok tersebut bertujuan menerapkan protokol kesehatan guna mengantisipasi penyebaran covid saat ini. Pendampingan secara tatap muka diperlukan mengingat hasil observasi keterampilan guru-guru masih rendah sehingga memerlukan pendampingan secara langsung.</p>\r\n<p><img class=\"img-fluid w-100\" style=\"object-fit: cover;\" src=\"https://d3ti.vokasi.uns.ac.id/wp-content/uploads/2020/09/Penyerahan-media-ajar-4.0-Edugames-AR-HALOKIDS-dengan-teknologi-Augmented-Reality-dan-Aplikasi-Game-Kesehatan-untuk-Anak.jpg\" alt=\"\" width=\"946\" height=\"532\"></p>\r\n<figure class=\"wp-block-image\">\r\n<figcaption>Gambar 5. Penyerahan media ajar 4.0 Edugames AR HALOKIDS dengan teknologi Augmented Reality dan Aplikasi Game Kesehatan untuk Anak.</figcaption>\r\n</figure>\r\n<p>Materi workshop dan pelatihan diberikan oleh dosen Prodi Diploma III Teknik Informatika Sekolah Vokasi UNS yaitu Taufiqurrakhman NH, S.Kom., M.Cs. dan Nanang Maulana, S.Si., M.Cs. meliputi optimalisasi media presentasi dalam video pembelajaran dan publikasnya ke youtube, serta melatih penggunaan alat konferensi seperti zoom dan google meet dalam penggunaan pembelajaran daring.</p>\r\n<p>Kegiatan pengabdian juga dibantu mahasiswa Prodi D3 Teknik Informatika dari UNS yang telah membuahkan hasil. Melalui observasi kuisioner dan testimoni&nbsp; oleh peserta pelatihan menunjukkan peningkatan ketrampilan dalam pembuatan media ajar berbasis video dan keterampilan internet. Sebagai salah satu contoh hasilnya dapat dilihat melalui portal edupaudi.id.</p>\r\n<p><img class=\"img-fluid w-100\" style=\"object-fit: cover;\" src=\"https://d3ti.vokasi.uns.ac.id/wp-content/uploads/2020/09/Tutorial-penggunaan-Aplikasi-Augmented-Reality-AR-HALOKIDS-dalam-memperagakan-pengenalan-profesi-kepada-anak-didik..png\" alt=\"\" width=\"956\" height=\"541\"></p>\r\n<figure class=\"wp-block-image\">\r\n<figcaption>Gambar 6. Tutorial penggunaan Aplikasi Augmented Reality AR HALOKIDS dalam memperagakan pengenalan profesi kepada anak didik.</figcaption>\r\n</figure>\r\n<p>Kelanjutan Kegiatan pembinaan keterampilan TI kepada guru-guru TK dan PAUD tidak terbatas saat pelatihan saja, panitia telah membuatkan grup yang dapat digunakan untuk konsultasi peserta dan memudahkan komunikasi apabila guru-guru mengalami kesulitan yaitu melalui WA Grup. Dalam kesempatan yang sama UNS memberikan hasil penelitian berupa media pembelajaran 4.0 untuk anak dengan teknologi Augmented Reality yaitu AR HALOKIDS dan aplikasi edugame kesehatan kepada Ibu Wiwik selaku perwakilan dan Ketua K3TK Kec. Colomadu dengan harapan dapat dipergunakan sebagai alat peraga dalam memperkenalkan pembelajaran profesi, kebutuhanku, alat musik dan buah sayur kepada anak.</p>\r\n<div class=\"wp-block-image\">&nbsp;</div>', 'Teknologi 4.0 untuk Guru-guru TK & PAUD Kec. Colomadu', 'Published', '2020-09-01 21:14:05', 'Humas D3TI-UNS', 'teknologi-4-0-untuk-guru-guru-tk---paud-kec--colomadu', 'Teknologi 4.0 untuk Guru-guru TK & PAUD Kec. Colomadu', 0, '2023-06-04 14:17:06', '2023-06-05 06:27:54'),
(68, 'Pengabdian Pelatihan Penggunaan Media Pembelajaran Daring', 'f14c1242-0aa1-494b-9134-e4c2fff4da22.jpeg', '<p>&nbsp;</p>\r\n<p>Selama pandemi Covid-19 pembelajaran dilaksanakan secara online. Untuk pemenuhan kebutuhan penggunaan daring sebagai media pembelajaran maka Dosen D3 Teknik Informatika melakukan kerjasama dengan MGMP Matematika Sekolah Negeri 6 Surakarta melakukan pelatihan Guru-guru pada tanggal 10 Agustus 2020.</p>\r\n<p>Media daring yang digunakan adalah quipper. LMS tersebut digunakan karena dapat diakses melalui mobile dan didukung oleh provider internet sehingga dapat diakses dengan murah bahkan ada beberapa yang gratis.</p>\r\n<p>Terakhir tanggapan Guru-guru setelah melakukan pelatihan adalah sangat membantu sebagai pilihan untuk menyampaikan materi dengan segala macam keunggulan yang dimiliki</p>', 'Pengabdian Pelatihan Penggunaan Media Pembelajaran Daring', 'Published', '2020-08-12 13:30:22', 'Humas D3TI-UNS', 'pengabdian-pelatihan-penggunaan-media-pembelajaran-daring', 'Pengabdian Pelatihan Penggunaan Media Pembelajaran Daring', 0, '2023-06-05 06:37:37', '2023-06-08 20:40:38'),
(69, 'Hasil Pengabdian Dosen UNS ke HIMPAUDI Kec. Colomadu Kab. Karanganyar', '09d24583-5c63-4e34-b594-6dc314193dd9.jpeg', '<p>Surakarta, 27 Oktober 2019. Memasuki era inovasi pembelajaran 4.0 pelaku pendidik khususnya guru dihadapkan pada tantangan pengembangan media ajar digital. Banyak Guru yang kesulitan mencari referensi sumber belajar untuk diimplementasikan dalam keseharian. Berangkat dari permasalahan tersebut penggiat IT dari Prodi Diploma III Teknik Informatika Universitas Sebelas Maret menciptakan sumber belajar terbuka bagi Guru-Guru dan masyarakat.</p>\r\n<p><img class=\"img-fluid w-100\" style=\"object-fit: cover;\" src=\"https://d3ti.vokasi.uns.ac.id/wp-content/uploads/2019/10/edupaudi2.jpg\" alt=\"\" width=\"1280\" height=\"960\"></p>\r\n<p>edupaudi.id merupakan wadah untuk mempublikasikan proses pembelajaran yang telah dilakukan guru-guru terhadap anak didik. Fitur yang disediakan edupaudi.id berisikan video edukasi, artikel edukasi, audio edukasi, dan gambar edukasi. Diawali dari guru-guru yang tergabung dalam HIMPAUDI Kec. Colomadu media ini digunakan untuk mempublikasikan hasil proses belajar di masing-masing sekolah.</p>\r\n<p><img class=\"img-fluid w-100\" style=\"object-fit: cover;\" src=\"https://d3ti.vokasi.uns.ac.id/wp-content/uploads/2019/10/edupaudi4.jpg\" alt=\"\" width=\"1280\" height=\"720\"></p>\r\n<p>Harapan dari hadirnya media ini dapat dijadikan sumber belajar bagi guru-guru atau masyarakat untuk menerapkan pembelajaran karakter bagi anak didik. Dan member yang dapat menjadi kontributor dalam edupaudi.id tidak terbatas guru dari HIMAPUDI kec. Colomadu saja, semua guru secara nasional dengan motivasinya untuk mengembangkan pendidikan dapat menjadi member dan menggunakan media ini untuk mempublikasikan hasil belajarnya.</p>\r\n<p><img class=\"img-fluid w-100\" style=\"object-fit: cover;\" src=\"https://d3ti.vokasi.uns.ac.id/wp-content/uploads/2019/10/edupaudi10.jpg\" alt=\"\" width=\"1280\" height=\"720\"></p>\r\n<p>Gambar : Pelatihan IT Guru-Guru HIMAPAUDI</p>\r\n<p>Dalam persiapannya, Peningkatan keterampilan sumber daya guru-guru dilakukan&nbsp; melalui pelatihan IT oleh penggiat IT di Prodi Diploma III Teknik Informatika UNS. Pelatihan yang diikuti lebih dari 55 guru yang tergabung dalam HIMPAUDI Kec. Colomadu, diajarkan mengenai pentingnya internet dan bagaimana mempublikasikan hasil pembelajaran tersebut ke media online. Prodi Diploma III Teknik Informatika bermitra dengan HIMPAUDI Kec. Colomadu yang dipimpin oleh Ibu Wiwin Lawandriati dan KB Ayah Bunda Ibu Titik Herning Setyowati sepakat untuk membentuk media ajar terpusat dan dapat diakses secara online yaitu beralamatkan di <a href=\"https://edupaudi.id\">https://edupaudi.id</a>.</p>\r\n<p><img class=\"img-fluid w-100\" style=\"object-fit: cover;\" src=\"https://d3ti.vokasi.uns.ac.id/wp-content/uploads/2019/10/edupaudi9.jpg\" alt=\"\" width=\"1280\" height=\"720\"></p>\r\n<p>Gambar : Pelatihan IT Guru-Guru HIMAPAUDI</p>\r\n<p>Sosialisasi dan diskusi penggunaan aplikasi media online edupaudi.id dilakukan pada hari Minggu tanggal 27 Oktober 2019 bertempat di KB Ayah Bunda Colomadu Kab. Karanganyar. Dalam sosialisasi tersebut dihadiri oleh pengurus HIMAPUDI kec. Colomadu dan beberapa guru serta perwakilan dosen dari Prodi Diploma III Teknik Informatika UNS Bp. Agus Purbayu, M.Kom. dibantu mahasiswa. Kegiatan ini merupakan hasil Tri Dharma Perguruan Tinggi UNS yaitu kegiatan pengabdian di tahun 2019 yang diketuai oleh Fendi Aji Purnomo, S.Si., M.Eng.</p>\r\n<p><img class=\"img-fluid w-100\" style=\"object-fit: cover;\" src=\"https://d3ti.vokasi.uns.ac.id/wp-content/uploads/2019/10/edupaudi8.jpg\" alt=\"\" width=\"1280\" height=\"720\"></p>\r\n<p>Gambar : Sosialisasi edupaudi.id</p>\r\n<p>Serah terima penggunaan media belajar online tersebut secara simbolik dilakukan dari Perwakilan UNS yaitu Fendi Aji Purnomo, S.Si., M.Eng. diserahkan kepada&nbsp; Pimpinan HIMPAUDI kec. Colomadu dan KB Ayah Bunda Colomadu. Ibu Wiwin Lawandriati selaku Pimpinan HIMAPUDI Kec. Colomadu menyatakan sangat senang dengan hadirnya media edukasi ini. Harapan beliau, semoga dengan hadirnya media aplikasi ini dapat memotivasi bagi guru-guru untuk terus belajar dan menggunakan IT dalam membantu menerapkan pendidikan karakter pada anak didik.</p>\r\n<p><img class=\"img-fluid w-100\" style=\"object-fit: cover;\" src=\"https://d3ti.vokasi.uns.ac.id/wp-content/uploads/2019/10/edupaudi7.jpg\" alt=\"\" width=\"1280\" height=\"720\"></p>\r\n<p>Gambar : Penyerahan penggunaan media edupaudi.id keepada Pimpinan HIMPAUDI Kec. Colomadu</p>\r\n<p><img class=\"img-fluid w-100\" style=\"object-fit: cover;\" src=\"https://d3ti.vokasi.uns.ac.id/wp-content/uploads/2019/10/edupaudi1.jpg\" alt=\"\" width=\"1280\" height=\"960\"></p>\r\n<p>Gambar : Penyerahan penggunaan media edupaudi.id kepada Pimpinan KB Ayah Bunda Kec. Colomadu</p>', 'Sosialisasi edupaudi.id : Hasil Pengabdian Dosen UNS ke HIMPAUDI Kec. Colomadu Kab. Karanganyar', 'Published', '2019-10-28 13:44:09', 'Humas D3TI-UNS', 'hasil-pengabdian-dosen-uns-ke-himpaudi-kec--colomadu-kab--karanganyar', 'Sosialisasi edupaudi.id : Hasil Pengabdian Dosen UNS ke HIMPAUDI Kec. Colomadu Kab. Karanganyar', 0, '2023-06-05 06:52:14', '2023-06-08 20:39:41'),
(70, 'Pelatihan Penerapan Aplikasi Siakad K13 Berbasis Web Di SDN Bener (Semarang)', '5ad3f1c4-3885-4755-a4f0-7b07a2f7fa5c.jpeg', '<p>Dalam kurikulum k13 siswa diharapkan mandiri tdk hanya dikelas tetapi juga di dalam kelas, Salah satunya dampaknya adalah adalah pada sistem penilaian yang dinilai guru terlalu rumit. Dalam kurikulum 2013, guru harus melakukan tiga set penilaian terhadap siswa, antara lain penilaian sikap, penilaian kognitif, dan penilaian keterampilan.<br>Untuk itulah Tim Pengabdian Program kemitraan masyarakat Universitas sebelas maret Surakarta mengadakan pelatihan penerapan Aplikasi SIAKAD berbasis Kurikulum K13 berbasis Web&nbsp; di SDN Bener Tengaran Kab. Semarang, tanggal 17 November 2018 di SDN Bener kec engaran Kab Semarang , yang mana ini diharapkan bisa membantu mengatasi kesulitan Bapak Ibu Guru dalam memberikan penilaian kepada siswa dan wali murid.<br>Hal ini dilaksanakan sebagai wujud Tridharma dosen dalam bidang Pengabdian bagi Masyarakat dalam hal optimalisasasi system evaluasi pembelajaran dan juga administrasi khususnya bidang akademik.<br>Pelatihan ini terlaksana atas kerjasama anatara Tim Pengabdian yang didanai oleh LPPM Universitas Sebelas maret Surakarta.</p>\r\n<p><img class=\"img-fluid w-100\" style=\"object-fit: cover;\" src=\"https://d3ti.vokasi.uns.ac.id/wp-content/uploads/2018/11/1b0f6dd9-7c50-49e5-80ab-edd6cb05cb58-300x169.jpg\" alt=\"\" width=\"300\" height=\"169\">&nbsp;<img class=\"img-fluid w-100\" style=\"object-fit: cover;\" src=\"https://d3ti.vokasi.uns.ac.id/wp-content/uploads/2018/11/519df6ce-6da0-4c83-bc0d-fed0535d4ba6-768x512.jpg\" alt=\"\" width=\"270\" height=\"180\"></p>\r\n<p><img class=\"img-fluid w-100\" style=\"object-fit: cover;\" src=\"https://d3ti.vokasi.uns.ac.id/wp-content/uploads/2018/11/f1e35848-e961-4ddf-b818-37f08b6ba23b-300x200.jpg\" alt=\"\" width=\"300\" height=\"200\"> <img class=\"img-fluid w-100\" style=\"object-fit: cover;\" src=\"https://d3ti.vokasi.uns.ac.id/wp-content/uploads/2018/11/ea876ad0-ceb1-4464-b7fa-7bab7960e8db-265x198.jpg\" alt=\"\" width=\"265\" height=\"198\"></p>', 'Pelatihan Penerapan Aplikasi Siakad Kurikulum K13 Berbasis Web Di SDN Bener Tengaran Kab. Semarang', 'Published', '2018-11-18 13:57:08', 'Humas D3TI-UNS', 'pelatihan-penerapan-aplikasi-siakad-k13-berbasis-web-di-sdn-bener--semarang-', 'Pelatihan Penerapan Aplikasi Siakad Kurikulum K13 Berbasis Web Di SDN Bener Tengaran Kab. Semarang (Sekolah Dasar binaan FMIPA UNS)', 0, '2023-06-05 07:02:21', '2023-06-08 20:38:47'),
(71, 'Dosen Teknik Informatika UNS Adakan Pengabdian Di SMP Muhammadiyah 1 PK Gatak', '4bc43219-4d89-4f11-9fa8-fd2bedd7b10d.jpeg', '<div class=\"td-post-featured-image\">\r\n<figure>\r\n<figcaption class=\"wp-caption-text\"><em>Jajaran SMP Muhammadiyah 1 PK Gatak berfoto bersama dengan tim Pengabdian Dosen Teknik Informatika UNS</em></figcaption>\r\n</figure>\r\n</div>\r\n<p>PWMJATENG.COM, Sukoharjao &ndash; SMP Muhammadiyah 1 Program Khusus Gatak Sukoharjo terpilih untuk menjadi tempat pengabdian Tim&nbsp;Dosen Diploma 3 Program Studi Teknik Informatika dari Universitas Sebelas Maret (UNS).</p>\r\n<p><img class=\"img-fluid w-100\" style=\"object-fit: cover;\" src=\"http://pwmjateng.com/wp-content/uploads/2018/11/SMP-Gatak.jpg\" alt=\"\" width=\"465\" height=\"264\"></p>\r\n<p>PWMJATENG.COM, Sukoharjao &ndash; SMP Muhammadiyah 1 Program Khusus Gatak Sukoharjo terpilih untuk menjadi tempat pengabdian Tim&nbsp;Dosen Diploma 3 Program Studi Teknik Informatika dari Universitas Sebelas Maret (UNS).</p>\r\n<p>Sekolah Menengah Pertama Muhammadiyah 1 Program Khusus Gatak Sukoharjo berdiri sejak 1976 dan pada tahun 2018 membuka program khusus yaitu program asrama yang menerapkan pembelajaran pesantren.</p>\r\n<p>Kegiatan Pengabdian tersebut bertemakan &ldquo;Penerapan Teknologi Informasi sebagai media publikasi kegiatan sekolah&rdquo;. Kegiatan Pengabdian dilakukan pada bulan februari sampai dengan desember 2018.</p>\r\n<p>Ketua Tim Pengabdian Dosen Teknik Informatika UNS Sahirul Alim T, S. Kom, M. Eng menyampaikan bahwa hasil dari pengabdian ini nantinya berupa sistem yang berguna untuk melakukan publikasi informasi-informasi yang ingin dipublikasikan oleh pihak sekolah.</p>\r\n<p>Lebih lanjut Sahirul Alim menambahkan &ldquo;Informasi yang dimaksud bisa berupa teks, audio dan video. Kategori informasi dibagi menjadi sejarah sekolah, fasilitas, kegiatan sekolah, pengumuman dan pengumuman penerimaan siswa,&rdquo; jelasnya.</p>\r\n<p>Pada hari Sabtu (10/11/2018) diadakan pertemuan antara pihak sekolah dengan tim pengabdian bertempat di SMP Muhammadiyah 1 Program Khusus Gatak Sukoharjo untuk serah terima sebuah sistem berupa presentasi aplikasi dan serah terima aplikasi</p>\r\n<p>Kepala SMP Muhammadiyah 1 Program Khusus Gatak Sukoharjo Tegar S. Ahimza, S.Pd saat di hubungi menyampaiakan &ldquo;Kegiatan ini sangat ditunggu kehadirannya lagi karena selain sebagai bentuk pengabdian dosen ke masyarakat dalam tridarma universitas, hal ini sangat bermanfaat secara praktis dan konseptif kepada lembaga pendidikan salah satunya di SMP Muhammadiyah PK Ponpes Modern Tahfizh Al Quran Gatak,&rdquo; ungkapnya. (Noer)</p>\r\n<p>Sumber:&nbsp;http://pwmjateng.com/dosen-teknik-informatika-uns-adakan-pengabdian-di-smp-muhammadiyah-1-pk-gatak/</p>', 'Dosen Teknik Informatika UNS Adakan Pengabdian Di SMP Muhammadiyah 1 PK Gatak', 'Published', '2018-11-13 15:16:48', 'Humas D3TI-UNS', 'dosen-teknik-informatika-uns-adakan-pengabdian-di-smp-muhammadiyah-1-pk-gatak', 'Dosen Teknik Informatika UNS Adakan Pengabdian Di SMP Muhammadiyah 1 PK Gatak', 0, '2023-06-05 08:19:00', '2023-06-08 20:37:28'),
(72, 'Program D3ti Fmipa UNS Melakukan Pendampingan Penerapan Elearning di SMA 1 SKA', '9780990e-758f-4100-bcf6-e70724cb5254.jpeg', '<p><strong>D3ti Fmipa UNS</strong>&ndash; Turut berpartisipasi dalam upaya menyukseskan penerapan elearning di tingkat Sekolah Menengah Atas. Program pertama yang dilakukan adalah&nbsp; melakukan kerjasama dengan SMA 1 Surakarta dalam bentuk pendampingan penerapan Elearning. &nbsp;Program ini disambut hangat oleh Ibu Dra. Hj. Harminingsih, M.Pd selaku kepala sekolah di SMA 1 surakarta, penerapan elearning memang sayang dibutuhkan oleh pihak sekolah guna peningkatan pembelajaran.</p>\r\n<p>Bentuk kegiatan yang dilakukan adalah melakukan pendampingan dalam penyiapan infrastruktur server elearning di SMA 1 Surakarta, pendampingan dalam customisasi aplikasi moodle dan instalasi konfigurasi di server yang telah disediakan yang bisa diakses dengan alamat&nbsp;<a href=\"http://elearning.sman1-slo.sch.id/\">http://elearning.sman1-slo.sch.id/</a>&nbsp;,&nbsp; dan tahap terakhir dilakukan pelatihan penggunaan aplikasi oleh semua guru SMA1 surakarta</p>\r\n<p>Model pelatihan dilakukan secara Training of Trainer (TOT) dengan peserta 20 guru yang terpilih. Pelatihan dilakukan selama 5 tahap meliputi petatihan pengoperasian sebagai administrator, guru dan siswa. Tahap terakhir pelatihan dilakukan secara klasikal pada hari sabtu 13 januari 2018 serentak yang diikuti oleh kurang lebih 70 Guru.</p>\r\n<p><img class=\"img-fluid w-100\" style=\"object-fit: cover;\" src=\"https://d3ti.vokasi.uns.ac.id/wp-content/uploads/2018/01/d40438d3-c7cb-48b2-a23f-306e5d7c07cc-768x432.jpg\" alt=\"\" width=\"768\" height=\"432\"></p>', 'Program D3ti Fmipa UNS Melakukan Pendampingan Penerapan Elearning di SMA 1 SKA', 'Published', '2018-01-15 15:19:08', 'Humas D3TI-UNS', 'program-d3ti-fmipa-uns-melakukan-pendampingan-penerapan-elearning-di-sma-1-ska', 'Program D3ti Fmipa UNS Melakukan Pendampingan Penerapan Elearning di SMA 1 SKA', 0, '2023-06-05 08:20:57', '2023-06-08 20:36:20'),
(73, 'Ikut Majukan Desa, D3 TI FMIPA UNS Buat Aplikasi Baru', '3cb32309-928f-4a2a-9420-562250202dd3.jpeg', '<p>Program Studi D3 Teknik Informatika (Prodi D3 TI) Fakultas Matematika dan Ilmu Pengetahuan Alam Universitas Sebelas Maret (FMIPA UNS) Surakarta turut berpartisipasi&nbsp; dalam upaya memajukan program desa tertinggal di Indonesia.</p>\r\n<p>Bentuk kontribusi yang diberikan oleh Prodi D3 TI di antaranya adalah memberikan solusi untuk meningkatkan kualitas pelayanan dan mutu sumber daya berupa aplikasi CMS (Content Management System) Desa dan SIMADES (Sistem Manajemen Desa).</p>\r\n<p>Dalam pembuatan aplikasi ini dilakukan penelitian terlebih dahulu di desa pada 4 kabupaten, yaitu Sukoharjo, Karanganyar, Klaten, dan Boyolali.</p>\r\n<p>Selanjutnya, kegiatan Training dan Pelatihan IT dilaksanakan di Balai Desa Kertonatan Sukoharjo, Jumat (8/9/2017), dengan objek utama Aplikasi CMS Desa dan Sistem Pelayanan Desa.</p>\r\n<p>Kegiatan ini diikuti oleh desa Ngemplak (Sukoharjo), Kertonatan (Sukoharjo), dan Bolon (Karanganyar).&nbsp;Acara ini merupakan rangkaian ke&nbsp;giatan dari kerjasama dan pemberian produk secara gratis kepada desa-desa yang membutuhkan.</p>\r\n<p>Kedua aplikasi ini juga telah dipamerkan kepada masyarakat dalam event Smart IT Festival 2017 (15-17/9/2017) di Hartono Mall.&nbsp;<strong><em>humas-red.uns/Can/Eln</em></strong></p>\r\n<p>Sumber :&nbsp;https://uns.ac.id/id/uns-update/ikut-majukan-desa-d3-ti-fmipa-uns-buat-aplikasi-baru.html</p>', 'Ikut Majukan Desa, D3 TI FMIPA UNS Buat Aplikasi Baru', 'Published', '2018-01-10 15:21:20', 'Humas D3TI-UNS', 'ikut-majukan-desa--d3-ti-fmipa-uns-buat-aplikasi-baru', 'Ikut Majukan Desa, D3 TI FMIPA UNS Buat Aplikasi Baru', 0, '2023-06-05 08:22:03', '2023-06-08 20:34:28'),
(74, 'Peningkatan keterampilan Internet bagi Guru-Guru HIMPAUDI Karanganyar', '45a4ffed-4c52-48f1-a921-66eb03084e03.jpeg', '<p>Pada hari Sabtu , telah dilaksanakan salah satu bentuk kerja sama antara Guru-guru yang tergabung dalam HIMPAUDI non formal di Karanganyar dengan Prodi D3 Teknik Informatika FMIPA UNS yaitu berupa pelatihan keterampilan internet. Dalam pelatihan tersebut disambut dengan baik oleh Perwakilan Kaprodi Diploma III Teknik Informatika yaitu Agus Purbayu, M.Kom.</p>\r\n<p>Materi yang disampaikan berupa pengelolaan email, upload video pembelajaran di Youtube dan pembuatan web blog. Diharapkan setelah pelatihan Guru-Guru HIMPAUDI dapat memanfaatkan internet untuk mengembangkan materi ajar.</p>\r\n<p>Akhir pelatihan dilakukan serah terima nota kesepahaman kerja sama pendidikan antara Program diploma III Teknik Informatika dengan HIMPAUDI non formal di Karangayar yang diwakilkan oleh Ibu Wiwin Lawandriati selaku ketua HIMPAUDI Colomadu. Selanjutnya dilakukan foto bersama dengan peserta.</p>\r\n<p><img class=\"img-fluid w-100\" style=\"object-fit: cover;\" src=\"https://d3ti.vokasi.uns.ac.id/wp-content/uploads/2018/01/17c699af-fff2-44b9-8cce-702342df1d11-741x486-640x480.jpg\" alt=\"\" width=\"640\" height=\"420\"> <img class=\"img-fluid w-100\" style=\"object-fit: cover;\" src=\"https://d3ti.vokasi.uns.ac.id/wp-content/uploads/2018/01/44515823-e62d-4dc5-ac9b-03ae471f0a90-741x486-640x480.jpg\" alt=\"\" width=\"640\" height=\"420\"></p>\r\n<p><img class=\"img-fluid w-100\" style=\"object-fit: cover;\" src=\"https://d3ti.vokasi.uns.ac.id/wp-content/uploads/2018/01/caa279ac-8fbc-4bbb-9701-b2e99ed4ba2c-741x486-640x480.jpg\" alt=\"\" width=\"640\" height=\"420\"><img class=\"img-fluid w-100\" style=\"object-fit: cover;\" src=\"https://d3ti.vokasi.uns.ac.id/wp-content/uploads/2018/01/d811334d-1daa-41ec-97c3-9a5b4d34b8b5-648x486-640x480.jpg\" alt=\"\" width=\"640\" height=\"480\"> <img class=\"img-fluid w-100\" style=\"object-fit: cover;\" src=\"https://d3ti.vokasi.uns.ac.id/wp-content/uploads/2018/01/fc0571b8-e1c8-4f6f-9c98-61317a31ed0b-1-741x486-640x480.jpg\" alt=\"\" width=\"640\" height=\"420\"></p>', 'Peningkatan keterampilan Internet bagi Guru-Guru HIMPAUDI Karanganyar', 'Published', '2017-11-04 15:22:09', 'Humas D3TI-UNS', 'peningkatan-keterampilan-internet-bagi-guru-guru-himpaudi-karanganyar', 'Peningkatan keterampilan Internet bagi Guru-Guru HIMPAUDI Karanganyar', 0, '2023-06-05 08:24:45', '2023-06-08 20:33:46'),
(75, 'Gebyar SMART IT FES 2021', '94758ca7-42e8-4ee2-b0d2-b4d59e4cd145.jpeg', '<figure class=\"wp-block-image size-large\">\r\n<figcaption>SMART IT FEST QUANTUM 2021</figcaption>\r\n</figure>\r\n<p>SMART IT FEST QUANTUM D3 Teknik Informatika Sekolah Vokasi Universitas Sebelas Maret yang dilaksanakan 25 september 2021- 2 oktober 2021 merupakan gebyar IT yang diselengarakan oleh prodi D3 Teknik Informatika dan E-mailkomp dengan ketua umum Armada Muhammad Siswanto. Acara ini dibuka oleh Dekan Sekolah Vokasi Universitas Sebelas Maret surakarta, Bp. Drs. Santoso Tri Hananto, M.Acc., Ak. dalam kesempatan ini bapak Dekan Sekolah Vokasi UNS sebagai upaya peningkatan kualitas lulusan mendukung transformasi lulusan siap kerja. dalam sambutan kepala program Studi d3 Teknik Informatika, Ibu Hartatik S.Si,M.Si mengapresiasi kegiatan SMART IT FEST sebagai wujud sumbang sih untuk membangun Bangsa yang diketuai oleh Muhammad Irfan Pratama dengan Dosen pendamping Ibu Berliana kusuma Riasti, S.T,M.Eng.</p>\r\n<p><img class=\"img-fluid w-100\" style=\"object-fit: cover;\" src=\"https://d3ti.vokasi.uns.ac.id/wp-content/uploads/2021/09/DSC00471-1068x712.jpg\" alt=\"\" width=\"1068\" height=\"712\"></p>\r\n<p>SMART IT FEST QUANTUM D3 Teknik Informatika Sekolah Vokasi Universitas Sebelas Maret ini merupakan salah satu bentuk pengabdian kepada masyarakat sesuai dengan pasal ketiga Tri Dharma Perguruan Tinggi yang mencakup berbagai elemen di dalamnya terutama dalam bidang Teknologi Informasi. Acara ini sebagai wadah publikasi dan promosi serta pengenalan produk-produk Teknologi Informasi yang telah dikembangkan oleh Mahasiswa Tingkat Akhir D3 Teknik Informatika Sekolah Vokasi UNS kepada masyarakat luas terutama masyarakat di daerah Surakarta dan sekitarnya. Selain itu, pada tahun ini kegiatan SMART IT FEST QUANTUM mengusung tema Bangun Indonesia. Yang dimana banyaknya permasalahan yang dihadapi Indonesia akibat pandemi&nbsp;<em>Covid</em>-19 ini memerlukan inovasi dan semangat baru untuk pulih kembali setelah pandemi ini di semua bidang seperti pendidikan, kesehatan, teknologi dll. Dengan diadakannya acara ini, kami berharap dapat memberikan beberapa kontribusi nyata &ldquo;Bangun indonesia&rdquo; dari pandemi ini seperti sebelumnya dan menjadi lebih baik lagi. &rdquo; Terdepan dalam inovasi , kolaborasi, dan prestasi yang Kompetens&rdquo;</p>', 'Gebyar SMART IT FES 2021', 'Published', '2021-09-29 20:51:44', 'Humas D3TI-UNS', 'gebyar-smart-it-fes-2021', 'Gebyar SMART IT FES 2021', 0, '2023-06-06 13:53:24', '2023-06-15 05:02:14'),
(76, 'Celebration of D3 Informatics Engineering 2018 ” Bersama Semakin Bermakna “', '52a44dc3-0cb1-4a07-a365-ca0acfb1c6e2.jpeg', '<p>CODING ( Celebration of D3 Informatics Engineering )<br>&rdquo; Bersama Semakin Bermakna &rdquo;<br>Dalam rangka merayakan ulang tahun Program Studi D3 Teknik Informatika FMIPA UNS , E-Mailkomp (Entitas Mahasiswa D3 Teknik Informatika) mengadakan acara yang ditujukan untuk seluruh sivitas akademik D3 Teknik Informatika pada :</p>\r\n<p>Hari , Tanggal : Rabu , 9 Mei 2018<br>Waktu : 09.00 &ndash; Selesai<br>Tempat : Aula Gedung C , lt.5 Fakultas MIPA UNS</p>\r\n<p>Acara ini akan dimeriahkan dengan lomba antar mahasiswa dan banyak kegiatan lainnya.<br>Jadi jangan lupa untuk hadir dan memeriahkan acara CODING 2018 ini !!</p>\r\n<p><a href=\"https://www.instagram.com/p/Bibc3Gnhv2n/?taken-by=emailkompuns\">https://www.instagram.com/p/Bibc3Gnhv2n/?taken-by=emailkompuns</a></p>\r\n<p>Terimakasih kepada :<br>Program Studi D3 Teknik Informatika UNS<br>Alumni D3 Teknik Informatika UNS<br>Sponsor</p>', 'Celebration of D3 Informatics Engineering 2018 ” Bersama Semakin Bermakna “', 'Published', '2018-05-06 20:53:40', 'Humas D3TI-UNS', 'celebration-of-d3-informatics-engineering-2018---bersama-semakin-bermakna--', 'Celebration of D3 Informatics Engineering 2018 ” Bersama Semakin Bermakna “', 0, '2023-06-06 13:55:35', '2023-06-15 05:01:36');
INSERT INTO `d3ti_post` (`post_id`, `post_title`, `post_featured_image`, `post_content`, `post_excerpt`, `post_status`, `post_date`, `post_author`, `post_link`, `post_meta`, `post_view`, `created_at`, `updated_at`) VALUES
(77, 'Dies Natalies D3 Teknik Informatika “CODING”', '9b16a7d3-0254-4f07-8977-1d719aeb9cfd.jpeg', '<p><strong>D3 Teknik Informatika &ndash;&nbsp;</strong>Dalam perjalanannya, Program Studi D3 Teknik Informatika Universitas Sebelas Maret telah mengalami banyak fase perkembangan dan perubahan menuju perwujudan Visi dan Misi. Lahir pada tahun 2002 dengan nama D3 Ilmu Komputer, Program Studi yang saat ini telah berganti nama menjadi D3 Teknik Informatika mengawali perjalanannya. Dalam rangka memperingati berdirinya Program Studi D3 Teknik Informatika yang ke-16, Himpunan Mahasiswa D3 Teknik Informatika yang bekerjasama dengan pihak prodi mengadakan serangkaian acara CODING (Celebration of D3 Informatics Engineering) yang bertemakan&nbsp;<strong>&ldquo;<em>Bersama Semakin Bermakna</em>&rdquo;&nbsp;</strong>yang dimulai pada tanggal 21 April 2018 hingga puncak acara pada tanggal 9 Mei 2018. Rangkaian acara yang diselenggarakan antara lain :</p>\r\n<ol>\r\n<li><strong>Futsal</strong></li>\r\n</ol>\r\n<p>Serangkaian Dies Natalies D3 Teknik Informatika ke-16 dimulai dengan perlombaan futsal yang dilaksanakan pada tanggal 21-22 April 2018. Pada perlombaan futsal diikuti oleh 7 tim putra dan 7 tim putri dengan kelas TIA 2017 (sebagai juara 1 futsal putra) dan kelas TIC 2015 (sebagai juara 1 futsal putri)</p>\r\n<ol start=\"2\">\r\n<li><strong>Voli</strong></li>\r\n</ol>\r\n<p>E-Mailkomp (Entitas Mahasiswa D3 Teknik Informatika) juga mengadakan perlombaan bola voli yang dilaksanakan pada tanggal 28-29 April 2018. Pada perlombaan bola voli juga diikuti oleh 7 tim putra dan 7 tim putri dengan kelas TIE 2015 (sebagai juara 1 bola voli putra) dan kelas TIC 2015 (sebagai juara 1 bola voli putri)</p>\r\n<ol start=\"3\">\r\n<li><strong>Lomba Rangking 1</strong></li>\r\n</ol>\r\n<p>Pada puncak acara CODING yang dilaksanakan pada tanggal 9 Mei 2018 terdapat lomba rangking 1 yang mengasah pengetahuan para peserta lomba rangking 1 tentang seluk beluk Program Studi D3 Teknik Informatika. Pada perlombaan rangking 1 ini diikuti oleh perwakilan dari kelas kecil serta bapak/ibu Dosen. Perlombaan ini dimenangkan oleh Trisnoadi Wikantoro (perwakilan kelas TIC 2016)</p>\r\n<ol start=\"4\">\r\n<li><strong>Lomba Makan Kerupuk</strong></li>\r\n</ol>\r\n<p>Selain perlombaan rangking 1, puncak acara CODING juga dimeriahkan oleh lomba makan kerupuk. Sama seperti lomba rangking 1, pada lomba makan kerupuk ini diikuti oleh perwakilan kelas kecil, dan Bintang Cahyo Adi Negoro (perwakilan kelas TIB 2017) memenangkan perlombaan makan kerupuk.</p>\r\n<ol start=\"5\">\r\n<li><strong>Lomba Mobile Legends</strong></li>\r\n</ol>\r\n<p>Tak ingin kalah dengan maraknya perlombaan Moba, Mobile Legends tidak luput dari sasaran untuk menjadi salah satu lomba pada puncak acara CODING 2018. Pada perlombaan final mobile legends yang diadakan di Aula Gedung C FMIPA Lt.5, dimana tim&nbsp;<em>Sahabattuttot</em>&nbsp;berhasil menjadi juara dan mengalahkan tim&nbsp;<em>VVVBB</em>&nbsp;dalam pertandingan Mobile Legends.</p>\r\n<ol start=\"6\">\r\n<li><strong>Makan Gratis</strong></li>\r\n</ol>\r\n<p>Selain berbagai macam perlombaan pada puncak acara CODING, terdapat acara yang ditunggu-tunggu oleh sivitas D3 Teknik Informatika yaitu makan gratis. Tak lupa hidangan makan gratis ini merupakan sebuah makanan khas dari Indonesia yang telah terkenal kesegala penjuru Negeri yaitu Sate.</p>\r\n<p>Pada puncak acara CODING juga dilaksanakan kegiatan Potong Tumpeng, Pengumuman Lomba, Pembagian Doorprize, serta penampilan Orkes FMIPA.</p>\r\n<p>Melalui rangkaian acara Dies Natalies ke-16 Program Studi D3 Teknik Informatika UNS, diharapkan menjadi momen bersatu padu dari Mahasiswa hingga Dosen serta mendorong dalam kemajuan Program Studi D3 Teknik Informatika UNS.</p>\r\n<p><img class=\"img-fluid w-100\" style=\"object-fit: cover;\" src=\"https://d3ti.vokasi.uns.ac.id/wp-content/uploads/2018/05/Sambutan-Ketum-EM-CODING-2018-741x486-640x480.jpg\" alt=\"\" width=\"640\" height=\"420\"> <img class=\"img-fluid w-100\" style=\"object-fit: cover;\" src=\"https://d3ti.vokasi.uns.ac.id/wp-content/uploads/2018/05/Rangking-1-CODING-2018-741x486-640x480.jpg\" alt=\"\" width=\"640\" height=\"420\"></p>\r\n<p><img class=\"img-fluid w-100\" style=\"object-fit: cover;\" src=\"https://d3ti.vokasi.uns.ac.id/wp-content/uploads/2018/05/Penyerahan-Tumpeng-CODING-2018-741x486-640x480.jpg\" alt=\"\" width=\"640\" height=\"420\"> <img class=\"img-fluid w-100\" style=\"object-fit: cover;\" src=\"https://d3ti.vokasi.uns.ac.id/wp-content/uploads/2018/05/Orkes-CODING-2018-741x486-640x480.jpg\" alt=\"\" width=\"640\" height=\"420\"></p>\r\n<p><img class=\"img-fluid w-100\" style=\"object-fit: cover;\" src=\"https://d3ti.vokasi.uns.ac.id/wp-content/uploads/2018/05/Foto-Dosen-CODING-2018-741x486-640x480.jpg\" alt=\"\" width=\"640\" height=\"420\"> <img class=\"img-fluid w-100\" style=\"object-fit: cover;\" src=\"https://d3ti.vokasi.uns.ac.id/wp-content/uploads/2018/05/DSCF9398-741x486-640x480.jpg\" alt=\"\" width=\"640\" height=\"420\"></p>\r\n<p><img class=\"img-fluid w-100\" style=\"object-fit: cover;\" src=\"https://d3ti.vokasi.uns.ac.id/wp-content/uploads/2018/05/IMG_20180509_120929-741x486-640x480.jpg\" alt=\"\" width=\"640\" height=\"420\"></p>', 'Dies Natalies D3 Teknik Informatika “CODING”', 'Published', '2018-05-03 20:55:47', 'Humas D3TI-UNS', 'dies-natalies-d3-teknik-informatika--coding-', 'Dies Natalies D3 Teknik Informatika “CODING”', 0, '2023-06-06 14:01:30', '2023-06-15 05:00:54'),
(78, 'Workshop Sosial Media Creator / Influencer', '0b1afcf1-51f2-4708-8f1f-b97ec85eb711.jpeg', '<p><img class=\"img-fluid w-100\" style=\"object-fit: cover;\" src=\"https://d3ti.vokasi.uns.ac.id/wp-content/uploads/2019/04/DSCN6129-1068x801.jpg\" alt=\"\" width=\"1068\" height=\"801\"></p>\r\n<figure class=\"wp-block-image\">\r\n<figcaption>Pembicara 1 Oleh Dimas Suyatno</figcaption>\r\n</figure>\r\n<p>Senin (01/04/2019) bertempat di Aula Gedung C lt 5 FMIPA UNS E-Mailkomp bekerja sama dengan Smartfren mengadakan Workshop dengan tema &ldquo;Social Media Creator/Influencer&rdquo;. Dalam acara ini menghadirkan pembicara Dani Akhtiyar dan Dimas Suyatno. Dimana Dani Akhiar sebagai Head of Community Development PT Smartfren Telecom dan Dimas Suyatno sebagai Blogger/Influencer.</p>\r\n<p>Pada materi pertama yang disampaikan oleh Dimas Suyatno membahas tentang menjadi seorang blogger/ influencer pemula. Beliau juga menceritakan kisah awal perjalan karirnya sebagai seorang blogger. Selain itu beliau juga aktif di beberapa sosial media sepert Twitter, Instagram, dan Facebook. Di Instagram beliau aktif mengelola akun yang saat ini cukup populer di kalangan anak muda solo yaitu agendasolo dan jajanansolo.</p>\r\n<p>Pada materi kedua yang disampaikan oleh Dani Akhyar membahas tentang mencari penghasilan dari Youtube. Beliau menceritakan sejarah Youtube yang awalnya berdiri sendiri hingga diakusisi oleh Google. Serta beliau memberikan cara atau tips dan trik untuk mendapatkan uang dari Youtube seperti konten yang berkualitas, dll.</p>\r\n<p>Acara workshop ditutup dengan penyerahan kenangan-kenangan kepada Prodi D3 Teknik Informatika yang diwakilkan oleh Bapak Taufiq dan E-Mailkomp yang diwakilkan oleh Ramadhan Ridwanullah. Selain itu memberikan hadiah kepada peseta yang beruntung seperti Mifi dan Starter Pack.</p>\r\n<p><img class=\"img-fluid w-100\" style=\"object-fit: cover;\" src=\"https://d3ti.vokasi.uns.ac.id/wp-content/uploads/2019/04/DSCN6178-1068x801.jpg\" alt=\"\" width=\"1068\" height=\"801\"></p>\r\n<p>Penyerahan Doorprize Utama</p>\r\n<p><img class=\"img-fluid w-100\" style=\"object-fit: cover;\" src=\"https://d3ti.vokasi.uns.ac.id/wp-content/uploads/2019/04/DSCN6188-1068x801.jpg\" alt=\"\" width=\"1068\" height=\"801\"></p>\r\n<p>Penyerahan Doorprize bagi penanya</p>', 'Workshop Sosial Media Creator / Influencer', 'Published', '2019-04-01 21:02:56', 'Humas D3TI-UNS', 'workshop-sosial-media-creator---influencer', 'Workshop Sosial Media Creator / Influencer', 0, '2023-06-06 14:06:04', '2023-06-15 05:02:43'),
(79, 'Lowongan Developer Android atau iOS', '7edf9676-a729-4ac8-bbb1-95c24a4e149a.jpeg', '<p>Perusahaan kami berkantor pusat di Amerika dan memiliki beberapa anak perusahaan. Salah satu anak perusahaan kami, TotalEdit.com, bergerak dalam bidang penyuntingan naskah Bahasa Inggris secara online. Klien kami meliputi para akademisi (dosen, mahasiswa, peneliti), pelaku bisnis komersial, maupun unit-unit atau kantor pemerintahan.</p>\r\n<p>Saat ini, kami membutuhkan Developer Android atau iOS untuk ditempatkan di Surakarta, Jawa Tengah.<br>Kami menunggu daftar riwayat hidup atau curriculum vitae calon pelamar hingga tanggal 4 Oktober 2013, selanjutnya kami akan mengundang calon pelamar yang memenuhi syarat untuk wawancara.</p>\r\n<p>Adapun posisi lowongan bisa dilihat di<br><a href=\"https://docs.google.com/a/mipa.uns.ac.id/viewer?a=v&amp;pid=gmail&amp;attid=0.1&amp;thid=1416c907e08833bc&amp;mt=application/pdf&amp;url=https://mail.google.com/mail/u/0/?ui%3D2%26ik%3Db45c99a548%26view%3Datt%26th%3D1416c907e08833bc%26attid%3D0.1%26disp%3Dsafe%26realattid%3Df_hm30andj1%26zw&amp;sig=AHIEtbT1miz9efBLfwWtEQcQ-rQ_y5d1iw\">TotalEdit.com</a></p>', 'Lowongan Developer Android atau iOS', 'Published', '2013-09-10 22:54:35', 'Humas D3TI-UNS', 'lowongan-developer-android-atau-ios', 'Lowongan Developer Android atau iOS', 0, '2023-06-06 15:56:01', '2023-06-08 19:49:36'),
(80, 'Xsis-Career Opportunity', '2a8813be-62e6-481f-b9eb-45432d4855cf.jpeg', '<p><img class=\"img-fluid w-100\" style=\"object-fit: cover;\" src=\"https://d3tisolo.vokasi.uns.ac.id/storage/images/1686067447.jpg\" alt=\"\" width=\"589\" height=\"444\"></p>\r\n<p>Keterangan:<br>Your Friend diisi Ahmad Rifai M.<br>Referensi Ahmad Rifai Miftachusaid Software Enginer PT. Samudera Indonesia Group</p>', 'Xsis-Career Opportunity', 'Published', '2016-06-03 23:02:46', 'Humas D3TI-UNS', 'xsis-career-opportunity', 'Xsis-Career Opportunity', 0, '2023-06-06 16:04:36', '2023-06-08 19:48:23'),
(81, 'Lowongan SOFTDEV Programer Time excelindo Yogyakarta', '37c45b21-fb4d-41b8-8bc1-baea6a249698.jpeg', '<p>Bagi alumni mahasiswa program D3TI informatika yang ingin berkarir dibidang SOFT DEV berikut informasi kesempatan berkarir di perusaahan Time excelindo yogyakarta dengan informasi secara rinci sebagai berikut:</p>\r\n<p><img class=\"img-fluid w-100\" style=\"object-fit: cover;\" src=\"https://d3ti.vokasi.uns.ac.id/wp-content/uploads/2017/02/softdev-programmer.png\" alt=\"\" width=\"842\" height=\"1191\"></p>', 'Lowongan SOFTDEV Programer Time excelindo Yogyakarta', 'Published', '2017-02-03 23:05:06', 'Humas D3TI-UNS', 'lowongan-softdev-programer-time-excelindo-yogyakarta', 'Lowongan SOFTDEV Programer Time excelindo Yogyakarta', 0, '2023-06-06 16:09:13', '2023-06-08 19:47:16'),
(82, 'Lowongan pekerjaan Trans studio Mini Pabelan Solo (CT Corp)', '1b3bc8d1-67a6-41ef-bbdc-19facb1f3df9.jpeg', '<p><img class=\"img-fluid w-100\" style=\"object-fit: cover;\" src=\"https://d3ti.vokasi.uns.ac.id/wp-content/uploads/2017/10/transstudio-solo-1-768x1085.jpg\" alt=\"\" width=\"768\" height=\"1085\"></p>', 'Lowongan pekerjaan Trans studio Mini Pabelan Solo (CT Corp)', 'Published', '2017-10-26 23:09:38', 'Humas D3TI-UNS', 'lowongan-pekerjaan-trans-studio-mini-pabelan-solo--ct-corp-', 'Lowongan pekerjaan Trans studio Mini Pabelan Solo (CT Corp)', 0, '2023-06-06 16:12:09', '2023-06-08 19:46:31'),
(83, 'Rekrutmen SDM Badan Sistem Informasi (BSI) Universitas Islam Indonesia', 'b84f5ff9-fae0-4fb5-aafb-f19bb230439c.jpeg', '<p><strong>Rekrutmen SDM Badan Sistem Informasi (BSI)</strong></p>\r\n<p><strong>Universitas Islam Indonesia</strong></p>\r\n<p>Periode Januari 2018</p>\r\n<p>Kebutuhan SDM</p>\r\n<p>Bidang Pengembangan Software</p>\r\n<p>&nbsp;</p>\r\n<p>Badan Sistem Informasi (BSI) UII membuka 10 kuota peluang karir dengan formasi sebagai berikut:</p>\r\n<ol>\r\n<li>Programmer (PRO) kuota 7 orang</li>\r\n<li>UI/UX (UX) kuota 2 orang</li>\r\n<li>DB Administrator (DBA) kuota 1 orang</li>\r\n</ol>\r\n<p><strong>&nbsp;</strong></p>\r\n<p><strong>Kualifikasi Umum</strong></p>\r\n<ol>\r\n<li>Ijazah D3/S1, diutamakan bidang informatika</li>\r\n<li>Mampu berkomunikasi dengan baik</li>\r\n<li>Mampu bekerjasama dalam tim</li>\r\n<li>Berpengalaman mengerjakan proyek IT</li>\r\n<li>Diutamakan memiliki kemampuan bahasa inggris baik tulis maupun lisan</li>\r\n</ol>\r\n<table width=\"811\">\r\n<tbody>\r\n<tr>\r\n<td colspan=\"3\" width=\"665\"><strong>Kualifikasi Khusus yang dibutuhkan</strong></td>\r\n</tr>\r\n<tr>\r\n<td width=\"219\"><strong><em>Programmer (PRO)</em></strong></td>\r\n<td width=\"189\"><strong><em>UI/UX</em></strong></td>\r\n<td width=\"257\"><strong><em>DB Administrator (DBA)</em></strong></td>\r\n</tr>\r\n<tr>\r\n<td width=\"219\">\r\n<ul>\r\n<li>Memiliki pengalaman dengan PHP (menguasai framework PHP)</li>\r\n<li>Memiliki pengalaman dengan Java Script (diutamakan menguasai NodeJS/angular)</li>\r\n<li>Menguasai Database</li>\r\n</ul>\r\n</td>\r\n<td width=\"189\">\r\n<ul>\r\n<li>Menguasai Skech atau aplikasi sejenis</li>\r\n<li>Memiliki kemampuan analisis yang baik</li>\r\n<li>Menyertakan contoh karya yang pernah dibuat</li>\r\n</ul>\r\n</td>\r\n<td width=\"257\">\r\n<ul>\r\n<li>Memiliki pengalaman mengelola DB pada lingkup enterprise</li>\r\n<li>Familiar dengan Oracle dan MySQL</li>\r\n</ul>\r\n</td>\r\n</tr>\r\n</tbody>\r\n</table>\r\n<p><strong>Kelengkapan Dokumen</strong></p>\r\n<ol>\r\n<li>Surat lamaran yang ditujukan kepada Kepala BSI UII (format PDF). Pada bagian pojok atas surat lamaran, berikan kode formasi (PRO, UX, atau DBA)</li>\r\n<li>Pasfoto 3&times;4 berwarna (scan)</li>\r\n<li>Daftar riwayat hidup &ndash; CV (format PDF)</li>\r\n<li>Fotokopi ijazah dan transkrip nilai yang telah dilegalisir (scan)</li>\r\n<li>Fotokopi KTP yang masih berlaku (scan)</li>\r\n<li>Sertifikat Kompetensi Keahlian (scan) *</li>\r\n<li>Sertifikat TOEFL/sejenis (scan) *</li>\r\n<li>Buatlah deskripsi diri (format PDF) **</li>\r\n</ol>\r\n<p>&nbsp;</p>\r\n<p>*&nbsp;&nbsp;&nbsp; jika ada</p>\r\n<p>**&nbsp; adalah makalah yang berisi aktivitas satu tahun terakhir yang menggambarkan kemampuan komunikasi, kerjasama dalam tim, dan portofolio/pengalaman terlibat dalam proyek IT. Panjang makalah maks 2 halaman A4.</p>\r\n<p>&nbsp;</p>\r\n<p>Dokumen tersebut dikirim dalam bentuk ZIP/RAR ke email bsi@uii.ac.id paling lambat&nbsp;<strong>31 Januari 2018</strong>. Subject email adalah &ldquo;<strong>SDM formasi (&hellip;&hellip; PRO/UX/DBA) periode Januari 2018</strong>&rdquo;</p>\r\n<p>Unduh&nbsp;<a href=\"http://itsupport.uii.ac.id/wp-content/uploads/2018/01/Rekrutmen-SDM-BSI.pdf\">Rekrutmen SDM Badan Sistem Informasi UII.pdf</a></p>\r\n<p>Sumber:&nbsp;http://itsupport.uii.ac.id/rekrutmen-sdm-badan-sistem-informasi-bsi-universitas-islam-indonesia/</p>', 'Rekrutmen SDM Badan Sistem Informasi (BSI) Universitas Islam Indonesia', 'Published', '2018-01-15 23:16:17', 'Humas D3TI-UNS', 'rekrutmen-sdm-badan-sistem-informasi--bsi--universitas-islam-indonesia', 'Rekrutmen SDM Badan Sistem Informasi (BSI) Universitas Islam Indonesia', 0, '2023-06-06 16:18:56', '2023-06-08 19:45:40'),
(84, 'LOWONGAN PT INDACO 2013', 'b904cf6e-1da7-4efc-abc4-7de64f4ada15.jpeg', '<p>Lowongan Kerja PT Indaco</p>\r\n<p>1. Quality Control AMDK<br>&ndash; Pria / Wanita<br>&ndash; Usia Maks. 35 tahun<br>&ndash; Pendidikan min D3 / S1 Teknologi Hasil Pertanian / Teknik Kimia<br>&ndash; Berpengalaman di bidang AMDK minimal 1 tahun (lebih diutamakan)<br>&ndash; Komunitas, pekerja keras, jujur, tegas, siap bekerja di bawah tekanan, cekatan, kreatif, cepat beradaptasi</p>\r\n<p>2. R n D Lab AMDK<br>&ndash; Pria / Wanita<br>&ndash; Usia Maks. 35 tahun<br>&ndash; Pendidikan min D3 / S1 Teknologi Hasil Pertanian / Teknik Kimia<br>&ndash; Berpengalaman di bidang AMDK minimal 1 tahun (lebih diutamakan)<br>&ndash; Komunitas, pekerja keras, jujur, tegas, siap bekerja di bawah tekanan, cekatan, kreatif, cepat beradaptasi</p>\r\n<p>3. Sales Marketing<br>&ndash; Pria<br>&ndash; Usia Maks. 35 tahun<br>&ndash; Pendidikan min SMK / sederajat<br>&ndash; Berpengalaman di bidang AMDK minimal 1 tahun (lebih diutamakan)<br>&ndash; Mempunyai kendaraan pribadi dan sim C<br>&ndash; Siap bekerja dalam target<br>&ndash; Komunitas, pekerja keras, jujur, tegas, siap bekerja di bawah tekanan</p>\r\n<p>4. Driver<br>&ndash; Pria<br>&ndash; Usia Maks. 35 tahun<br>&ndash; Pendidikan min SMK / sederajat<br>&ndash; Mempunyai sim B1<br>&ndash; Siap bekerja dalam target<br>&ndash; Komunitas, pekerja keras, jujur, tegas, siap bekerja di bawah tekanan, cekatan, kreatif, cepat beradaptasi</p>\r\n<p>Kirim lamaran ke :<br>PT INDACO COATING INDUSTRYGROUP<br>Jl. Raya Solo &ndash; Sragen Km 13.2 Pulosari Kebakkramat Karanganyar<br>atau via email ke :<br>rekrutmen.indaco@gmail.com<br>[Cantumkan Kode Posisi yang dilamar pada subyek</p>', 'LOWONGAN PT INDACO 2013', 'Published', '2013-09-24 23:19:03', 'Humas D3TI-UNS', 'lowongan-pt-indaco-2013', 'LOWONGAN PT INDACO 2013', 0, '2023-06-06 16:20:03', '2023-06-08 19:44:24'),
(85, 'Agate- come join use together we’ll make the world happier', '0d99f78b-accf-4cd2-9b87-c4292b00d7e8.jpeg', '<p><img class=\"img-fluid w-100\" style=\"object-fit: cover;\" src=\"https://d3ti.vokasi.uns.ac.id/wp-content/uploads/2018/01/agate2-768x1083.jpg\" alt=\"\" width=\"768\" height=\"1083\"></p>\r\n<p><img class=\"img-fluid w-100\" style=\"object-fit: cover;\" src=\"https://d3ti.vokasi.uns.ac.id/wp-content/uploads/2018/01/agate-768x1092.jpg\" alt=\"\" width=\"768\" height=\"1092\"></p>', 'Agate- come join use together we’ll make the world happier', 'Published', '2018-01-17 23:20:08', 'Humas D3TI-UNS', 'agate--come-join-use-together-we-ll-make-the-world-happier', 'Agate- come join use together we’ll make the world happier', 0, '2023-06-06 16:24:57', '2023-06-08 19:43:11'),
(86, 'Lowongan Pekerjaan di Oemah Solution Jogja dan Bandung', 'f3778b04-076d-45e1-99ff-bb9b25ff37d2.jpeg', '<p><img class=\"img-fluid w-100\" style=\"object-fit: cover;\" src=\"https://d3tisolo.vokasi.uns.ac.id/storage/images/1686068782.jpg\" alt=\"\" width=\"768\" height=\"578\"></p>', 'Lowongan pekerjaan di Oemah Solution Jogja dan bandung', 'Published', '2018-01-18 23:25:03', 'Humas D3TI-UNS', 'lowongan-pekerjaan-di-oemah-solution-jogja-dan-bandung', 'Lowongan pekerjaan di Oemah Solution Jogja dan bandung', 0, '2023-06-06 16:26:57', '2023-06-08 19:42:22'),
(87, 'INFORMASI PENERIMAAN PEGAWAI NON-PNS KONTRAK RSUP Dr. SARDJITO 2018', '78a8e584-7afa-4d73-a884-feb6932d5bac.jpeg', '<p>Informasi Penerimaan NOn-PNS Kontrak RSUP Dr. Sardjito, untuk formasi&nbsp; jurusan d3 teknik informatika terdapat 7 formasi, 2 formasi dibidang hardware dan jaringan, 5 formasi untuk system suport</p>\r\n<p>info detail bisa diakses disini</p>\r\n<p><a href=\"http://sardjito.co.id/sardjitowp/wp-content/uploads/2018/01/PENGUMUMAN.pdf\">DOWNLOAD PENGUMUMAN</a></p>\r\n<p><a href=\"http://sardjito.co.id/sardjitowp/wp-content/uploads/2018/01/LAMPIRAN_PENGUMUMAN.pdf\">DOWNLOAD LAMPIRAN PENGUMUMAN</a></p>', 'INFORMASI PENERIMAAN PEGAWAI NON-PNS KONTRAK RSUP Dr. SARDJITO 2018', 'Published', '2018-01-30 23:27:08', 'Humas D3TI-UNS', 'informasi-penerimaan-pegawai-non-pns-kontrak-rsup-dr--sardjito-2018', 'INFORMASI PENERIMAAN PEGAWAI NON-PNS KONTRAK RSUP Dr. SARDJITO 2018', 0, '2023-06-06 16:28:40', '2023-06-08 19:24:05'),
(88, 'Lowongan kerja Di Unit Hidrologi Balai Besar Wilayah Sungai Bengawan Solo', '2954257a-88ef-4a91-924e-0516240262c1.jpeg', '<h2><strong>Dibuka Sampai 31 Maret 2018</strong></h2>', 'Lowongan kerja Di Unit Hidrologi Balai Besar Wilayah Sungai Bengawan Solo', 'Published', '2018-03-09 23:28:52', 'Humas D3TI-UNS', 'lowongan-kerja-di-unit-hidrologi-balai-besar-wilayah-sungai-bengawan-solo', 'Lowongan kerja Di Unit Hidrologi Balai Besar Wilayah Sungai Bengawan Solo', 0, '2023-06-06 16:30:26', '2023-06-08 18:37:55'),
(89, 'Lowongan kerja PT. Ifars Pharmaceutical Laboratories', 'df1e7a54-6de0-47ac-b70b-e6e6da7af9a4.jpeg', '<p><img class=\"img-fluid w-100\" style=\"object-fit: cover;\" src=\"https://d3ti.vokasi.uns.ac.id/wp-content/uploads/2018/06/loker.jpg\" alt=\"\" width=\"827\" height=\"1280\"></p>', 'Lowongan kerja PT. Ifars Pharmaceutical Laboratories', 'Published', '2018-06-07 23:31:38', 'Humas D3TI-UNS', 'lowongan-kerja-pt--ifars-pharmaceutical-laboratories', 'Lowongan kerja PT. Ifars Pharmaceutical Laboratories', 0, '2023-06-06 16:34:47', '2023-06-08 19:21:17'),
(90, 'LOWONGAN IT PT Bank Danamon Indonesia 2018', 'fd01c3e0-0854-4b28-9372-18c8aef61508.jpeg', '<p>PT Bank Danamon Indonesia</p>\r\n<p>Posisi: monitoring server</p>\r\n<p>Requirement:</p>\r\n<p>&ndash;&nbsp;&nbsp;&nbsp;&nbsp;&nbsp;&nbsp;&nbsp;&nbsp;&nbsp;&nbsp;Diutamakan non muslim (untuk backup di hari raya islam)</p>\r\n<p>&ndash;&nbsp;&nbsp;&nbsp;&nbsp;&nbsp;&nbsp;&nbsp;&nbsp;&nbsp;&nbsp;Miniman pend. Diploma 3 IT/SI</p>\r\n<p>&ndash;&nbsp;&nbsp;&nbsp;&nbsp;&nbsp;&nbsp;&nbsp;&nbsp;&nbsp;&nbsp;IPK min 2.75, freshgraduate OK</p>\r\n<p>&ndash;&nbsp;&nbsp;&nbsp;&nbsp;&nbsp;&nbsp;&nbsp;&nbsp;&nbsp;&nbsp;Skill: Basic Networking, Operating System: windows, linux, Microsoft office</p>\r\n<p>&ndash;&nbsp;&nbsp;&nbsp;&nbsp;&nbsp;&nbsp;&nbsp;&nbsp;&nbsp;&nbsp;Semangat belajar tinggi, mental kuat, badan sehat</p>\r\n<p>&ndash;&nbsp;&nbsp;&nbsp;&nbsp;&nbsp;&nbsp;&nbsp;&nbsp;&nbsp;&nbsp;Bekerja shift 24&times;7</p>\r\n<p>&ndash;&nbsp;&nbsp;&nbsp;&nbsp;&nbsp;&nbsp;&nbsp;&nbsp;&nbsp;&nbsp;Benefit gaji dan bpjs</p>\r\n<p>&ndash;&nbsp;&nbsp;&nbsp;&nbsp;&nbsp;&nbsp;&nbsp;&nbsp;&nbsp;&nbsp;Penempatan: BSD &ndash; Tangerang</p>\r\n<p>CV dan lamaran dikirimkan ke email :&nbsp;Faishal.saputra@danamon.co.id, dengan subject email: sermon</p>\r\n<p>Semua tahapan seleksi dilakukan di BSD &ndash; Tangerang</p>', 'LOWONGAN IT PT Bank Danamon Indonesia 2018', 'Published', '2018-09-17 23:35:05', 'Humas D3TI-UNS', 'lowongan-it-pt-bank-danamon-indonesia-2018', 'LOWONGAN IT PT Bank Danamon Indonesia 2018', 0, '2023-06-06 16:36:00', '2023-06-08 18:35:30'),
(91, 'Lowongan Kerja Solo solo technopark 2018', '3dd8c7e8-34bf-4cd6-9615-00ee193c2b4b.jpeg', '<p><img class=\"img-fluid w-100\" style=\"object-fit: cover;\" src=\"https://d3tisolo.vokasi.uns.ac.id/storage/images/1686069456.jpg\" alt=\"\" width=\"817\" height=\"1280\"></p>', 'Lowongan Kerja Solo solo technopark 2018', 'Published', '2018-10-24 23:36:14', 'Humas D3TI-UNS', 'lowongan-kerja-solo-solo-technopark-2018', 'Lowongan Kerja Solo solo technopark 2018', 0, '2023-06-06 16:38:02', '2023-06-08 18:37:09'),
(92, 'Lowongan Kerja PT. Tata Karya Gemilang', '943c4011-7c50-4fad-95b1-e1f21a3033bb.jpeg', '<p><img class=\"img-fluid w-100\" style=\"object-fit: cover;\" src=\"https://d3tisolo.vokasi.uns.ac.id/storage/images/1686069573.jpg\" alt=\"\" width=\"905\" height=\"1280\"></p>\r\n<p>Gemilang adalah perusahaan berkembang sejak tahun 2006, mulai mengembangkan sayap bisnisnya ke bidang Cleaning Service, Gardening, Security Service, Rope Acces Service, Business Support Service, Landscape, Restorasi Marmer, Shampooing Carpet, General Cleaning, Salon Toilet, Diklat Klining Servis dan Diklat Satpam. Sebagai perusahaan Building Care, Gemilang selalu memberikan perhatian penuh terhadap output karyawan baik aspek soft dan hardskillnya, attitude dan knowledge yang baik sesuai bidangnya.</p>\r\n<p>&nbsp;</p>', 'Lowongan Kerja PT. Tata Karya Gemilang', 'Published', '2019-12-14 23:38:13', 'Humas D3TI-UNS', 'lowongan-kerja-pt--tata-karya-gemilang', 'Lowongan Kerja PT. Tata Karya Gemilang', 0, '2023-06-06 16:40:17', '2023-06-08 18:34:42'),
(93, 'Lowongan KEMENTERIAN AGRARIA DAN TATA RUANG/ BADAN PERTANAHAN NASIONAL', '9f69d921-e842-4fb2-a8f9-ae9deed7b1d0.jpeg', '<p><span id=\"page3R_mcid25\" class=\"markedContent\"><span dir=\"ltr\" role=\"presentation\">Berdasarkan</span>&nbsp;<span dir=\"ltr\" role=\"presentation\">Keputusan Menteri Pendayagunaan Aparatur Negara</span>&nbsp;<span dir=\"ltr\" role=\"presentation\">dan</span>&nbsp;<span dir=\"ltr\" role=\"presentation\">Reformasi</span>&nbsp;<span dir=\"ltr\" role=\"presentation\">Birokrasi</span>&nbsp;<span dir=\"ltr\" role=\"presentation\">Nomor</span></span><span id=\"page3R_mcid26\" class=\"markedContent\">&nbsp;<span dir=\"ltr\" role=\"presentation\">354</span></span><span id=\"page3R_mcid27\" class=\"markedContent\">&nbsp;<span dir=\"ltr\" role=\"presentation\">Tahun</span>&nbsp;<span dir=\"ltr\" role=\"presentation\">20</span><span dir=\"ltr\" role=\"presentation\">2</span></span><span id=\"page3R_mcid28\" class=\"markedContent\"><span dir=\"ltr\" role=\"presentation\">2</span></span><span id=\"page3R_mcid29\" class=\"markedContent\">&nbsp;<span dir=\"ltr\" role=\"presentation\">tentang</span>&nbsp;<span dir=\"ltr\" role=\"presentation\">Penetapan</span>&nbsp;<span dir=\"ltr\" role=\"presentation\">Kebutuhan</span></span><span id=\"page3R_mcid30\" class=\"markedContent\">&nbsp;<span dir=\"ltr\" role=\"presentation\">Pegawai</span></span><span id=\"page3R_mcid31\" class=\"markedContent\">&nbsp;<span dir=\"ltr\" role=\"presentation\">Aparatur</span>&nbsp;<span dir=\"ltr\" role=\"presentation\">Sipil</span>&nbsp;<span dir=\"ltr\" role=\"presentation\">Negara</span>&nbsp;<span dir=\"ltr\" role=\"presentation\">di</span>&nbsp;<span dir=\"ltr\" role=\"presentation\">Lingkungan</span>&nbsp;<span dir=\"ltr\" role=\"presentation\">Kementerian</span>&nbsp;<span dir=\"ltr\" role=\"presentation\">Agraria dan Tata</span></span><span id=\"page3R_mcid32\" class=\"markedContent\"></span><span id=\"page3R_mcid33\" class=\"markedContent\">&nbsp;<span dir=\"ltr\" role=\"presentation\">Ruang/Badan Pertanahan</span></span><span id=\"page3R_mcid34\" class=\"markedContent\"></span><span id=\"page3R_mcid35\" class=\"markedContent\">&nbsp;<span dir=\"ltr\" role=\"presentation\">Nasional</span></span><span id=\"page3R_mcid36\" class=\"markedContent\"></span><span id=\"page3R_mcid37\" class=\"markedContent\">&nbsp;<span dir=\"ltr\" role=\"presentation\">Tahun</span></span><span id=\"page3R_mcid38\" class=\"markedContent\"></span><span id=\"page3R_mcid39\" class=\"markedContent\">&nbsp;<span dir=\"ltr\" role=\"presentation\">Anggaran 20</span><span dir=\"ltr\" role=\"presentation\">2</span></span><span id=\"page3R_mcid40\" class=\"markedContent\"><span dir=\"ltr\" role=\"presentation\">2</span></span>.&nbsp;<span id=\"more-4825\"></span><span id=\"page3R_mcid42\" class=\"markedContent\"><span dir=\"ltr\" role=\"presentation\">Bersama</span>&nbsp;<span dir=\"ltr\" role=\"presentation\">ini</span>&nbsp;<span dir=\"ltr\" role=\"presentation\">diinformasikan</span>&nbsp;<span dir=\"ltr\" role=\"presentation\">bahwa</span></span><span id=\"page3R_mcid43\" class=\"markedContent\">&nbsp;<span dir=\"ltr\" role=\"presentation\">Kementerian</span></span><span id=\"page3R_mcid44\" class=\"markedContent\"></span><span id=\"page3R_mcid45\" class=\"markedContent\">&nbsp;<span dir=\"ltr\" role=\"presentation\">Agraria</span></span><span id=\"page3R_mcid46\" class=\"markedContent\">&nbsp;<span dir=\"ltr\" role=\"presentation\">d</span></span><span id=\"page3R_mcid47\" class=\"markedContent\"><span dir=\"ltr\" role=\"presentation\">an</span></span><span id=\"page3R_mcid48\" class=\"markedContent\"></span><span id=\"page3R_mcid49\" class=\"markedContent\">&nbsp;<span dir=\"ltr\" role=\"presentation\">Tata</span></span><span id=\"page3R_mcid50\" class=\"markedContent\"></span><span id=\"page3R_mcid51\" class=\"markedContent\">&nbsp;<span dir=\"ltr\" role=\"presentation\">Ruang/</span></span><span id=\"page3R_mcid52\" class=\"markedContent\"></span><span id=\"page3R_mcid53\" class=\"markedContent\"><span dir=\"ltr\" role=\"presentation\">Badan Pertanahan Nasional</span>&nbsp;<span dir=\"ltr\" role=\"presentation\">memberi kesempatan kepada putra</span><span dir=\"ltr\" role=\"presentation\">&ndash;</span><span dir=\"ltr\" role=\"presentation\">putri terbaik</span>&nbsp;<span dir=\"ltr\" role=\"presentation\">bangsa</span>&nbsp;<span dir=\"ltr\" role=\"presentation\">yang memenuhi syarat</span>&nbsp;<span dir=\"ltr\" role=\"presentation\">untuk men</span><span dir=\"ltr\" role=\"presentation\">gikuti seleksi</span>&nbsp;<span dir=\"ltr\" role=\"presentation\">penerimaan</span></span><span id=\"page3R_mcid54\" class=\"markedContent\">&nbsp;<span dir=\"ltr\" role=\"presentation\">Calon</span></span><span id=\"page3R_mcid55\" class=\"markedContent\">&nbsp;<span dir=\"ltr\" role=\"presentation\">Aparatur</span>&nbsp;<span dir=\"ltr\" role=\"presentation\">Sipil</span>&nbsp;<span dir=\"ltr\" role=\"presentation\">Negara</span></span><span id=\"page3R_mcid56\" class=\"markedContent\">&nbsp;<span dir=\"ltr\" role=\"presentation\">untuk</span>&nbsp;<span dir=\"ltr\" role=\"presentation\">kebutuhan</span>&nbsp;<span dir=\"ltr\" role=\"presentation\">Pegawai</span>&nbsp;<span dir=\"ltr\" role=\"presentation\">Pemerintah</span>&nbsp;<span dir=\"ltr\" role=\"presentation\">dengan</span>&nbsp;<span dir=\"ltr\" role=\"presentation\">Perjanjian</span>&nbsp;<span dir=\"ltr\" role=\"presentation\">Kerja</span></span><span id=\"page3R_mcid57\" class=\"markedContent\"></span><span id=\"page3R_mcid58\" class=\"markedContent\"></span><span id=\"page3R_mcid59\" class=\"markedContent\">&nbsp;<span dir=\"ltr\" role=\"presentation\">(</span></span><span id=\"page3R_mcid60\" class=\"markedContent\"><span dir=\"ltr\" role=\"presentation\">PPPK</span></span><span id=\"page3R_mcid61\" class=\"markedContent\"><span dir=\"ltr\" role=\"presentation\">)</span></span><span id=\"page3R_mcid62\" class=\"markedContent\"></span><span id=\"page3R_mcid63\" class=\"markedContent\"></span><span id=\"page3R_mcid64\" class=\"markedContent\"></span><span id=\"page3R_mcid65\" class=\"markedContent\">&nbsp;<span dir=\"ltr\" role=\"presentation\">Kementerian</span></span><span id=\"page3R_mcid66\" class=\"markedContent\"></span><span id=\"page3R_mcid67\" class=\"markedContent\">&nbsp;<span dir=\"ltr\" role=\"presentation\">Agraria</span></span><span id=\"page3R_mcid68\" class=\"markedContent\"></span><span id=\"page3R_mcid69\" class=\"markedContent\">&nbsp;<span dir=\"ltr\" role=\"presentation\">dan</span></span><span id=\"page3R_mcid70\" class=\"markedContent\"></span><span id=\"page3R_mcid71\" class=\"markedContent\">&nbsp;<span dir=\"ltr\" role=\"presentation\">Tata</span></span><span id=\"page3R_mcid72\" class=\"markedContent\"></span><span id=\"page3R_mcid73\" class=\"markedContent\">&nbsp;<span dir=\"ltr\" role=\"presentation\">Ruang/</span></span><span id=\"page3R_mcid74\" class=\"markedContent\"></span><span id=\"page3R_mcid75\" class=\"markedContent\"><span dir=\"ltr\" role=\"presentation\">Badan</span>&nbsp;<span dir=\"ltr\" role=\"presentation\">Pertanahan</span>&nbsp;<span dir=\"ltr\" role=\"presentation\">Nasional</span>&nbsp;<span dir=\"ltr\" role=\"presentation\">Tahun</span></span><span id=\"page3R_mcid76\" class=\"markedContent\">&nbsp;<span dir=\"ltr\" role=\"presentation\">Anggaran</span></span><span id=\"page3R_mcid77\" class=\"markedContent\">&nbsp;<span dir=\"ltr\" role=\"presentation\">20</span><span dir=\"ltr\" role=\"presentation\">2</span></span><span id=\"page3R_mcid78\" class=\"markedContent\"><span dir=\"ltr\" role=\"presentation\">2</span><span dir=\"ltr\" role=\"presentation\">,</span></span><span id=\"page3R_mcid79\" class=\"markedContent\">&nbsp;<span dir=\"ltr\" role=\"presentation\">dengan</span>&nbsp;<span dir=\"ltr\" role=\"presentation\">ketentuan&nbsp;</span><span dir=\"ltr\" role=\"presentation\">sebagai berikut:</span></span></p>\r\n<p>Silahkan membaca detailnya pada dokumen berikut ini :</p>\r\n<p><a href=\"http://d3ti.vokasi.uns.ac.id/wp-content/uploads/2022/12/Pengumuman-Penerimaan-Calon-PPPK.pdf\" target=\"_blank\" rel=\"noopener\">Download Lowongan di Kementrian ATR/BPN</a></p>', 'Lowongan KEMENTERIAN AGRARIA DAN TATA RUANG/ BADAN PERTANAHAN NASIONAL', 'Published', '2022-12-21 23:40:58', 'Humas D3TI-UNS', 'lowongan-kementerian-agraria-dan-tata-ruang--badan-pertanahan-nasional', 'Lowongan KEMENTERIAN AGRARIA DAN TATA RUANG/ BADAN PERTANAHAN NASIONAL', 4, '2023-06-06 16:42:29', '2023-06-22 04:49:32'),
(94, 'Buku Mahir Menggunakan Windows 8', '0398c34f-e58b-41cc-99da-d88534850ad6.jpeg', '<p>Microsoft secara resmi telah meluncurkan sistem operasi terbaru Windows 8 pada tanggal 26 Oktober 2012 lalu. Windows 8 adalah sistem operasi handal dengan perubahan menyeluruh setelah era Windows 95 selama 17 tahun yang lalu. Dengan model Start Screen dan interface, sebuah sistem operasi yang kompatibel untuk PC dan juga Tablet.</p>\r\n<p><span id=\"more-3205\"></span>Saat-saat Awal pasti tidak banyak orang suka perubahan. Orang-orang telanjur sudah terbiasa menggunakan fitur start dan fitur windows 7, Vista, XP. Sehingga Windows juga bisa membuat frustasi pemakainya kecuali anda telah mempelajarinya terlebih dahulu. Bagi pengguna baru Windows 8 sebaiknya membaca buku ini, sehingga akan membantu upgrade pengetahuan setelah menggunakan sistem operasi sebelumnya.</p>\r\n<p>Beberapa mungkin masih membingungkan dikarenakan perubahan besar dalam pengoperasian sistem windows ini. Membanding-bandingkan dengan versi sebelumnya dengan mencari-cari fitur di Windows lama di Windows 8 ini. Yakinlah bahwa buku ini akan sangat membantu dalam pembiasaan diri anda terhadap Windows 8. Kami berharap setelah pembaca bisa menggunakan Windows 8 dengan baik maka akan berusaha terus menggali fitur-fitur tersembunyi yang ada dalam Windows 8. Windows 8 cocok untuk PC dan Tablet. Buku ini diarahkan untuk pengguna PC.</p>\r\n<p>Pengguna Tablet mampu melakukan Tab dan swipe dalam menjalankan Start Screen dan Windows 8 apps. Sedangkan pengguna PC dapat dengan amudah melakukan navigasi dan bekerja dengan mouse dan keyboard sesuai yang dituliskan dalam buku ini, tetapi bisa juga dipraktekkan untuk pengguna Tablet pula. Buku ini dibagi dalam 10 Bab. Pertama, merupakan perkenalan dengan Windows 8 kemudian yang kedua adalah bagaimana melakukan instalasi dan upgrading di Windows 8.</p>\r\n<p>Pada bab ketiga, mempelajari bagaimana menggunakan Apps dalam start screen. Keempat adalah menggunakan Fasilitas Shorcut dan Touch Gestures. Dan terakhir adalah yang utama dari buku ini, yakni tips trik dan trouble shooting dalam Windows 8. Dan jangan lupa ada Link Video Windows 8 dan Daftar Shorcut Lengkap!. Bagi pengguna bukan pemula tidak harus membaca dari awal buku ini. Cukup dengan langsung memperhatikan bab-bab yang diinginkan maka langsung bisa dipraktekan. Akhir kata, selamat menikmati sensasi fitur-fitur amazing di Windows 8. Semoga bermanfaat</p>\r\n<p>Penerbit : Khazanah Intelektual Bandung, 2013<br>Penulis : Yudho Yudha Yudhanto, M.Kom<br>ISBN :&nbsp;<strong>978-979-3838-53-3</strong></p>', 'Buku Mahir Menggunakan Windows 8', 'Trash', '2023-06-06 23:43:34', 'Humas D3TI-UNS', 'buku-mahir-menggunakan-windows-8', 'Buku Mahir Menggunakan Windows 8', 0, '2023-06-06 16:44:36', '2023-06-07 05:17:45'),
(95, 'Toko Online dengan PHP dan MySQL', 'e6ff353c-cd43-438e-83de-a2e614b63ef1.jpeg', '<p><img class=\"img-fluid w-100\" style=\"object-fit: cover;\" src=\"https://d3tisolo.vokasi.uns.ac.id/storage/images/1686070181.jpg\" alt=\"\" width=\"760\" height=\"1169\"></p>\r\n<p>Penulis&nbsp;<a href=\"http://rumahstudio.com/\" target=\"_blank\" rel=\"noopener\"><strong>Yudho Yudha Yudhanto</strong></a>&nbsp;dan&nbsp;<strong>Agus Purbayu</strong><br>Penerbit&nbsp;<a href=\"https://www.goodreads.com/book/show/22398418-toko-online-dengan-php-dan-mysql\" target=\"_blank\" rel=\"noopener\"><strong>Elexmedia Komputendo</strong></a>&nbsp;(ISBN :&nbsp;<strong>9786020239</strong>)</p>\r\n<p>Shopping Online atau e-Commerce atau dikenal juga dengan berjualan di Internet merupakan salah satu efek dahsyat dari adanya teknologi internet<br>Kalau dahulu pengetahuan untuk membuat sebuah aplikasi web hanya bisa diketahui oleh-oleh orang-orang dengan keahlian tertentu atau perusahaan khusus bidang IT. Maka saat ini hampir semua orang bisa membuatnya sendiri dengan cara yang mudah dan tidak rumit.</p>\r\n<p>Saat ini PHP adalah bahasa pemrograman paling popular di dunia internet. Selain bersifat open source, hasil programnya juga sangat mudah dipasang di server manapun dengan biaya seminimal mungkin. Berbeda dengan bahasa pemrograman yang lain seperti dari Microsoft atau Java yang membutuhhkan server yang lebih spesifik dan tidak murah tentunya.</p>\r\n<p>Buku ini akan membantu Anda dalam membuat aplikasi web toko online (shopping online) dengan bahasa PHP dan database MySQL. Sehingga bisa kita digunakan untuk sendiri atau sebagai produk yang bisa dijual dan menghasilkan profit.<br>Semoga dengan adanya buku ini, Anda bisa mempelajari bab per bab dan anda semakin menyukai dunia programing web. Dengan memiliki rasa suka akan menimbulkan sebuah semangat, sehingga nantinya akan menghasilkan daya kreatifitas dalam membuat berbagai produk web.</p>', 'Toko Online dengan PHP dan MySQL', 'Trash', '2023-06-06 23:46:55', 'Humas D3TI-UNS', 'toko-online-dengan-php-dan-mysql', 'Toko Online dengan PHP dan MySQL', 0, '2023-06-06 16:50:13', '2023-06-07 05:17:32'),
(96, 'Jangan Kalah Narsis di Youtube', '72f14e86-38b1-42e7-b019-98c0821d7f86.jpeg', '<p><img class=\"img-fluid w-100\" style=\"object-fit: cover;\" src=\"https://d3tisolo.vokasi.uns.ac.id/storage/images/1686070485.jpg\" alt=\"\" width=\"760\" height=\"1169\"></p>\r\n<p><span id=\"freeText6942371915404033616\">Penulis&nbsp;<a href=\"http://rumahstudio.com/\" target=\"_blank\" rel=\"noopener\"><strong>Yudho Yudha Yudhanto</strong></a>&nbsp;dan&nbsp;<strong>Fendi Aji Purnomo</strong><br>Penerbit&nbsp;<a href=\"http://khazanahintelektual.com/\" target=\"_blank\" rel=\"noopener\">Khazanah Intelektual</a>&nbsp;(ISBN :&nbsp;<strong>9793838523</strong>)<br></span></p>\r\n<p><span id=\"freeText6942371915404033616\">Baru 1 hari diupload (13/4/2013), video terbaru PSY dengan Gentleman nya telah dilihat 22 juta dan saat ini ditulis sudah mencapai 185juta. Video penyanyi &ldquo;baru&rdquo; Fatin juga telah mencapai 2,6jt lebih. Kalaulah dibuat konser di stadion GBK dengan kapasitas 100rb maka video tersebut setara dilihat dengan pemirsa di 25 stadiun..Wow! amazing bukan? Itulah kehebatan YouTube!! Sebuah situs yang saat ini disasar untuk menjadi ajang Narsis diri, Marketing Bisnis, Pendidikan dan Hiburan (entertaint). Apakah anda hanya ingin jadi penikmat pemirsa saja?? Kenapa tidak kita gunakan juga untuk ajang kita juga?</span></p>\r\n<p>Entah pada dasarnya manusia zaman sekarang itu suka narsis atau kecanggihan teknologi-lah yang membuat mereka narsis. Yang jelas, kegemaran narsis orang-orang di abad teknologi ini kian menjadi seiring booming-nya situs-situs jejaring sosial. Bahkan, boleh jadi ada sebagian orang yang lebih eksis di jejaring sosial daripada di kehidupan sosial nyata. Kita bisa menemui beberapa orang yang aktif meng-up-date status di jejaring sosial, sementara di kehidupan sosial nyata, yang bersangkutan lebih cenderung pasif. Kita juga kerap menemui orang-orang yang lebih nyaman berkomentar atau berkirim kabar melalui jejaring sosial, sementara di kehidupan nyata, yang bersangkutan terlihat seperti orang yang anti sosial. Tentu saja, semua postingan di jejaring sosial tersebut berisi hal-hal yang bersifal self-centered atau narsis itu tadi.</p>\r\n<p>Tentu kita semua sudah akrab dengan beberapa situasi berikut ini. Ketika tengah makan bersama di salah sebuah restoran, salah seorang (atau mungkin juga lebih) di antara grup tersebut sibuk memotret (dengan kamera handphone-nya) makanan yang baru dihidangkan waiter untuk kemudian di-up-load di jejaring sosial. Ketika baru tiba di sebuah tempat (yang bahkan bukan tempat wisata), sebagian orang sibuk meng-up-date lokasi keberadaannya di jejaring sosial untuk kemudian di-tag ke teman-teman jejaring sosialnya. Ada juga yang meng-up-load video ketika sedang melakukan berbagai kegiatan &ldquo;sepele&rdquo; agar teman-temannya di jejaring sosial tahu bahwa dia memiliki kegiatan.</p>\r\n<p>Secara pribadi, pada awalnya saya merasa terganggu dan terusik. Tetapi, saya tidak bisa melarang, meski tentu saja tetap nyinyir di belakang yang bersangkutan, karena toh ini negara merdeka yang setiap warganya bebas berekspresi. Lagi pula, bukan salah mereka juga karena telah mengidap &ldquo;kadar&rdquo; narsis yang sedemikian rupa. Bebas bebas saja.</p>\r\n<p>Ya, narsis sepertinya sudah menjadi semacam kebutuhan. Belum lengkap rasanya kalau kita tengah mengerjakan sesuatu atau tengah berada di suatu tempat tertentu tanpa mengabarkan, memfoto, atau memvideokan hal tersebut. Kalau postingan, baik berupa tulisan, foto, atau video, tersebut mendapat banyak respon, tentu si empunya posting makin bangga. Itu tandanya, eksistensinya di jejaring sosial makin diakui.</p>\r\n<p>Pertanyaannya, berapa banyak postingan berupa tulisan, foto, atau video yang dibuat orang dalam satu hari di negeri ini? Jawabannya adalah ribuan atau bahkan ratusan ribu. Masalah muncul ketika kemudian Anda ingin video narsis Anda mendapatkan banyak berhatian. Kalau sudah begini, mengunggak video yang biasa tentu bukan lagi menjadi polihan. Anda harus mengetahui ilmu untuk mengukuhkan eksistensi video yang Anda unggah tersebut.</p>\r\n<p>Terbitnya buku ini menjadi semacam bahan bakar untuk memaksimalkan hasrat narsis Anda. Berbekal buku ini, Anda akan mengetahui beberapa tips dan trick bermanfaat agar video narsis Anda semakin dilirik. Tentu saja, pada akhirnya kreativitas Anda-lah yang akan menentukan eksistensi video narsis yang Anda unggah. Kalau narsis di jejarong sosial membuat beberapa orang eksis menjadi selebritas, mengapa Anda tidak melakukannya?</p>\r\n<p>Jadi, teruslah eksis wahai generasi narsis!</p>', 'Jangan Kalah Narsis di Youtube', 'Trash', '2023-06-06 23:53:37', 'Humas D3TI-UNS', 'jangan-kalah-narsis-di-youtube', 'Jangan Kalah Narsis di Youtube', 0, '2023-06-06 16:55:13', '2023-06-07 05:17:27'),
(97, 'Panduan Pintar Virus dan Trojan', '2375dfe5-0792-417f-9f9c-1a0a16a1ccdb.jpeg', '<p><img class=\"img-fluid w-100\" style=\"object-fit: cover;\" src=\"https://d3tisolo.vokasi.uns.ac.id/storage/images/1686070612.jpg\" alt=\"\" width=\"760\" height=\"1169\"></p>\r\n<p>Penulis&nbsp;<strong><a href=\"http://rumahstudio.com/\" target=\"_blank\" rel=\"noopener\">Yudho Yudha Yudhanto</a><br></strong>Penerbit Khazanah Intelektual (ISBN :&nbsp;<strong>979-3838-33-7</strong>)</p>\r\n<p>Buku ini membahas secara awal dengan bahasa awam. Berikut ini adalah materi dari konten buku ini :</p>\r\n<p>TAK KENAL MAKA TAK MENGERTI<br>+ Sejarah Virus<br>+ Jenis dan kemampuan virus<br>+ Media dan Tahap bereaksinya Virus<br>+ Binatang lain yang Mirip Virus<br>CIRI KOMPUTER TERKENA VIRUS<br>+ Gelagat Komputer Terinfeksi Virus<br>+ Pertolongan Pertama Terkena Infeksi Virus<br>+ Menghapus Beberapa Virus Favorit<br>+ Virus lokal<br>+ Virus Luar Negeri<br>+ Beberapa contoh dari Virus import tersebut adalah<br>TERNYATA TROJAN LEBIH BERBAHAYA<br>+ Definisi Trojan<br>+ Fungsi Trojan<br>NETBUS 2.0<br>+ Cara Kerja Trojan<br>+ Jenis jenis Trojan<br>+ Sumber-sumber Trojan<br>+ Deteksi Trojan<br>ANTIVIRUS TROJAN<br>+ Penanganan (Recovery)<br>+ Pencegahan Trojan<br>KEBAL TERHADAP VIRUS<br>+ Mempersiapkan Komputer<br>+ Mengenal Tools Pengaman Window<br>+ Manajemen Storage<br>+ Tools-Tools Wajib<br>+ Backup Data<br>TERLANJUR TERINFEKSI VIRUS, GIMANA DONG !<br>+ Super Penting adalah Data<br>+ Jurus Tanpa Anti Virus<br>+ Trik dengan Antivirus<br>+ Adakah antivirus terbaik ?<br>MENGAMANKAN SENJATA DARI VIRUS<br>+ Autoplay si Penyebar Virus<br>+ USB Flashdisk<br>+ Mengikuti Perkembangan Virus</p>', 'Panduan Pintar Virus dan Trojan', 'Trash', '2023-06-06 23:55:45', 'Humas D3TI-UNS', 'panduan-pintar-virus-dan-trojan', 'Panduan Pintar Virus dan Trojan', 0, '2023-06-06 16:58:39', '2023-06-07 05:17:22'),
(98, 'Panduan Mahir Pengantar Teknologi Informasi', '5bd63943-90ee-43da-bee8-9be863676a59.jpeg', '<p><img class=\"img-fluid w-100\" style=\"object-fit: cover;\" src=\"https://d3tisolo.vokasi.uns.ac.id/storage/images/1686070811.jpg\" alt=\"\" width=\"760\" height=\"1169\"></p>\r\n<p><span id=\"freeText15580213340135552113\">Penulis&nbsp;<a href=\"http://rumahstudio.com/\" target=\"_blank\" rel=\"noopener\"><strong>Yudho Yudha Yudhanto</strong></a>&nbsp;dan&nbsp;<strong>Fendi Aji Purnomo</strong><br>Penerbit&nbsp;<a href=\"https://www.goodreads.com/book/show/38742960-panduan-mahir-pengantar-teknologi-informasi\" target=\"_blank\" rel=\"noopener\">UNS Press</a>&nbsp;(ISBN :&nbsp;<strong>978-602-397-150-3</strong>)</span></p>\r\n<p><span id=\"freeText15580213340135552113\">Saat ini, mengetahui teknologi informasi seolah-olah adalah wajib. Realitanya, saat ini tidak ada bidang yang luput dari teknologi informasi sehingga secara standar mestinya setiap orang mengerti secara global tentang penggunaan atau pengetahuan teknologi informasi. Buku ini memberikan panduan secara umum tentang teknologi informasi.<br></span></p>\r\n<p><img class=\"img-fluid w-100\" style=\"object-fit: cover;\" src=\"https://d3ti.vokasi.uns.ac.id/wp-content/uploads/2018/05/yudho-yudha-yudhanto-panduan-mahir-pengantar-teknologi-informasi4-768x576.jpg\" alt=\"\" width=\"768\" height=\"576\"></p>\r\n<p><br>Siapapun dan dari bidang manapun dapat menggunakan buku ini untuk upgrade ilmu sendiri. Buku ini bersifat pengantar tetapi cukup komplit karena membahas teknologi hardware, software, laptop, multimedia, virus, virtual reality, aughmented reality dan juga pengetahuan HKI. Sebagai media evaluasi belajar, kami juga berikan soal-soal pada setiap bab untuk mengukur kefahaman atas bab-bab yang telah dijelaskan.</p>\r\n<p><img class=\"img-fluid w-100\" style=\"object-fit: cover;\" src=\"https://d3ti.vokasi.uns.ac.id/wp-content/uploads/2018/05/yudho-yudha-yudhanto-panduan-mahir-pengantar-teknologi-informasi3.jpg\" alt=\"\" width=\"960\" height=\"1280\"></p>\r\n<p>&nbsp;</p>', 'Panduan Mahir Pengantar Teknologi Informasi', 'Trash', '2023-06-06 23:58:46', 'Humas D3TI-UNS', 'panduan-mahir-pengantar-teknologi-informasi', 'Panduan Mahir Pengantar Teknologi Informasi', 0, '2023-06-06 17:02:21', '2023-06-07 05:17:15'),
(99, 'Mudah Membuat dan Berbisnis Aplikasi Android dengan Android Studio', '7a22da15-703d-44e0-92de-da5cc57cedb8.jpeg', '<p><img class=\"img-fluid w-100\" style=\"object-fit: cover;\" src=\"https://d3tisolo.vokasi.uns.ac.id/storage/images/1686071075.jpg\" alt=\"\" width=\"960\" height=\"1280\"></p>\r\n<p><span id=\"freeText14511830557240966521\">Penulis&nbsp;<a href=\"http://rumahstudio.com/\" target=\"_blank\" rel=\"noopener\"><strong>Yudho Yudha Yudhanto</strong></a>&nbsp;dan&nbsp;<strong>Ardi Wijayanto</strong><br>Penerbit&nbsp;<a href=\"https://www.gramedia.com/products/mudah-membuat-dan-berbisnis-aplikasi-android-dengan-android-studio\" target=\"_blank\" rel=\"noopener\"><strong>Elexmedia Komputendo</strong></a>&nbsp;(ISBN :&nbsp;<strong>9786020455051</strong>)<br></span></p>\r\n<p><span id=\"freeText14511830557240966521\">Mudah Membuat dan Berbisnis Aplikasi Android dengan Android Studio berisi panduan langkah demi langkah mudah untuk membuat aplikasi Android dengan Android Studio.</span></p>\r\n<p>Pengembangan aplikasi digital untuk perangkat mobile (ponsel pintar dan tablet) merupakan salah satu bidang yang prospektif untuk terus dikembangkan, terutama aplikasi berbasis Android. Karenanya, belajar membuat aplikasi Android dan berbisnis dengannya menjadi hal yang penting.</p>\r\n<p>Semua dibahas mulai dari pencarian ide, pembuatan aplikasi, upload ke Play Store, sampai cara monetisasi aplikasi yang telah dibuat.&nbsp;</p>\r\n<p><img class=\"img-fluid w-100\" style=\"object-fit: cover;\" src=\"https://d3ti.vokasi.uns.ac.id/wp-content/uploads/2018/05/yudho-yudha-yudhanto-buku-android-150x150.jpg\" alt=\"\" width=\"150\" height=\"150\"> <img class=\"img-fluid w-100\" style=\"object-fit: cover;\" src=\"https://d3ti.vokasi.uns.ac.id/wp-content/uploads/2018/05/yudho-yudha-yudhanto-panduan-mahir-pengantar-teknologi-informasi2-150x150.jpg\" alt=\"\" width=\"150\" height=\"150\"> <img class=\"img-fluid w-100\" style=\"object-fit: cover;\" src=\"https://d3ti.vokasi.uns.ac.id/wp-content/uploads/2018/05/yudho-yudha-yudhanto-buku-android4-150x150.jpg\" alt=\"\" width=\"150\" height=\"150\"></p>\r\n<p>Buku ini dibuat berdasarkan hasil studi dokumen dan hasil dari materi latihan dalam proses belajar dan mengajar di Lab Multimedia FMIPA-UNS dan BIPTEK Indonesia.</p>\r\n<p>Contoh aplikasi yang dibuat adalah:<br>&ndash; Agenda Harian<br>&ndash; Game Tebak Angka<br>&ndash; Volley<br>&ndash; Cari Negara Dunia</p>', 'Mudah Membuat dan Berbisnis Aplikasi Android dengan Android Studio', 'Trash', '2023-06-07 00:03:21', 'Humas D3TI-UNS', 'mudah-membuat-dan-berbisnis-aplikasi-android-dengan-android-studio', 'Mudah Membuat dan Berbisnis Aplikasi Android dengan Android Studio', 0, '2023-06-06 17:05:55', '2023-06-07 05:17:08');
INSERT INTO `d3ti_post` (`post_id`, `post_title`, `post_featured_image`, `post_content`, `post_excerpt`, `post_status`, `post_date`, `post_author`, `post_link`, `post_meta`, `post_view`, `created_at`, `updated_at`) VALUES
(100, 'Panduan Mudah Belajar Framework LARAVEL', '41f046f8-6fae-4911-b56c-01176ca7180c.jpeg', '<p><span id=\"freeText14511830557240966521\">Penulis&nbsp;<a href=\"http://rumahstudio.com/\" target=\"_blank\" rel=\"noopener\"><strong>Yudho Yudha Yudhanto</strong></a>&nbsp;dan&nbsp;<a href=\"https://www.linkedin.com/in/helmi-adi-prasetyo-5006b4153\" target=\"_blank\" rel=\"noopener\"><strong>Helmi Adi Prasetyo</strong></a><br>Penerbit&nbsp;<a href=\"http://static.elexmedia.id/produk/detail/?isbn=9786020485287&amp;judul=Panduan%20Mudah%20Belajar%20Framework%20Laravel\" target=\"_blank\" rel=\"noopener\"><strong>Elexmedia Komputendo</strong></a>&nbsp;(ISBN :&nbsp;<strong>9786020485287</strong>)<br></span></p>\r\n<p>Dalam dunia pemrograman web, kita pasti mengenal teknologi pemrograman PHP yang telah mendunia ini. Yup! PHP, pasti pernah mendengar bukan?</p>\r\n<p>Dan saat ini teknik pemrograman PHP yang lazim digunakan adalah menggunakan teknik FRAMEWORK sehingga aplikasi yang dibuat dapat lebih mudah dan cepat selesai. Dari berbagai macam framework yang dikenal saat ini, ada beberapa yang sangat populer, seperti Zend, Symfoni 2, CI, Cake, YII, Laravel, dan masih banyak lagi.</p>\r\n<p>Berdasarkan statistik yang dikeluarkan SITEPOINT ditahun 2017, data tersebut menunjukkan bahwa dari ke 6 buah framework di atas, Laravel menduduki kepopuleran tingkat pertama dengan 25,8%.</p>\r\n<p>Jadi, sangat tidak keliru, jika para programmer PHP terutama pemula disarankan belajar juga menggunakan teknik framework Laravel untuk acuan pertama kalinya</p>\r\n<p><img class=\"img-fluid w-100\" style=\"object-fit: cover;\" src=\"https://d3ti.vokasi.uns.ac.id/wp-content/uploads/2018/11/buku-laravel-150x150.jpg\" alt=\"\" width=\"150\" height=\"150\"> <img class=\"img-fluid w-100\" style=\"object-fit: cover;\" src=\"https://d3ti.vokasi.uns.ac.id/wp-content/uploads/2018/11/buku-laravel2-150x150.jpg\" alt=\"\" width=\"150\" height=\"150\"></p>\r\n<p><img class=\"img-fluid w-100\" style=\"object-fit: cover;\" src=\"https://d3ti.vokasi.uns.ac.id/wp-content/uploads/2018/11/Image-587-150x150.jpg\" alt=\"\" width=\"150\" height=\"150\"> <img class=\"img-fluid w-100\" style=\"object-fit: cover;\" src=\"https://d3ti.vokasi.uns.ac.id/wp-content/uploads/2018/11/Image-590-150x150.jpg\" alt=\"\" width=\"150\" height=\"150\"></p>\r\n<p><img class=\"img-fluid w-100\" style=\"object-fit: cover;\" src=\"https://d3ti.vokasi.uns.ac.id/wp-content/uploads/2018/11/Image-588-150x150.jpg\" alt=\"\" width=\"150\" height=\"150\"> <img class=\"img-fluid w-100\" style=\"object-fit: cover;\" src=\"https://d3ti.vokasi.uns.ac.id/wp-content/uploads/2018/11/Image-589-150x150.jpg\" alt=\"\" width=\"150\" height=\"150\"></p>\r\n<p>Buku ini dibuat juga melengkapi dengan studi kasus pembuatan aplikasi online shopping dengan Laravel 5.</p>\r\n<p>So, Selamat mencoba. Semoga Bermanfaat</p>', 'Panduan Mudah Belajar Framework LARAVEL', 'Trash', '2023-06-07 00:09:52', 'Humas D3TI-UNS', 'panduan-mudah-belajar-framework-laravel', 'Panduan Mudah Belajar Framework LARAVEL', 0, '2023-06-06 17:12:05', '2023-06-07 05:17:03'),
(101, 'Information Technology Business Start-up : Ilmu Dasar Merintis Start-up IT', 'a8bd4a39-909c-47d8-8be0-e09dfa89fd60.jpeg', '<p><span id=\"freeText14511830557240966521\">Penulis&nbsp;<a href=\"http://rumahstudio.com/\" target=\"_blank\" rel=\"noopener\"><strong>Yudho Yudha Yudhanto</strong></a><br>Penerbit&nbsp;<a href=\"https://www.gramedia.com/products/mudah-membuat-dan-berbisnis-aplikasi-android-dengan-android-studio\" target=\"_blank\" rel=\"noopener\"><strong>Elexmedia Komputendo</strong></a>&nbsp;(ISBN : 978-602-04-8721-2, vii+265hal)<br></span></p>\r\n<p>Saat ini bisnis dengan model&nbsp;<em>start-up</em>&nbsp;sedang digandrungi. Bisnis dengan model ini menjadi tren dan banyak orang yang mencoba peruntungan di model bisnis ini. Banyaknya kesuksesan yang dituai oleh para pelaku bisnis&nbsp;<em>start-up</em>&nbsp;menjadi patokan impian dan motivasi.&nbsp;<em>Start-up&nbsp;</em>adalah mereka yang mendirikan sebuah perusahaan berbasis teknologi didukung SDM terbatas dengan idealisme militan. Di tahapan berikutnya adalah berusaha mendapatkan&nbsp;<em>support</em>&nbsp;investasi besar dari pihak pemodal lain. Tapi jangan lupa, banyak sekali&nbsp;<em>start-up</em>&nbsp;yang bernasib gagal di tengah jalan. Bahkan ketika baru memulainya.</p>\r\n<p><img class=\"img-fluid w-100\" style=\"object-fit: cover;\" src=\"https://d3ti.vokasi.uns.ac.id/wp-content/uploads/2019/01/kover-dpn-1000-315x420.jpg\" alt=\"\" width=\"315\" height=\"420\"></p>\r\n<p>Dunia Teknologi Informasi (TI) yang berkembang sangat pesat, telah menyulap dunia kita hingga ke detail paling sederhana di kehidupan. Hampir tak ada bidang yang tak tersentuh TI. TI digunakan untuk menyelesaikan berbagai masalah yang ada di tengah masyarakat. Sisi inilah yang banyak digunakan oleh para pegiat muda untuk dijadikan sebagai tonggak utama dalam berbisnis. Perangkat lunak,&nbsp;<em>hardware,</em>&nbsp;<em>game,&nbsp;</em>dan animasi merupakan kategori favorit untuk bisnis&nbsp;<em>start-up&nbsp;</em>berbasis IT ini.</p>\r\n<p><img class=\"img-fluid w-100\" style=\"object-fit: cover;\" src=\"https://d3ti.vokasi.uns.ac.id/wp-content/uploads/2019/01/kover-blk-1000-315x420.jpg\" alt=\"\" width=\"315\" height=\"420\"></p>\r\n<p>Melalui buku ini akan dipaparkan secara detail dan informatif bekal dalam membuat bisnis dimulai dari metode pencarian ide, menganalisisnya, dan juga merencanakan anggaran dalam mempersiapkan sebuah perusahaan&nbsp;<em>start-up</em>. Kemudian di bagian lain juga akan diberikan kajian tentang hukum berbisnis agar selain sukses juga aman, terlindungi dengan aman secara hukum</p>', 'Information Technology Business Start-up : Ilmu Dasar Merintis Start-up IT', 'Trash', '2023-06-07 00:12:17', 'Humas D3TI-UNS', 'information-technology-business-start-up---ilmu-dasar-merintis-start-up-it', 'Information Technology Business Start-up : Ilmu Dasar Merintis Start-up IT', 0, '2023-06-06 17:14:21', '2023-06-07 05:16:56'),
(102, 'Mudah Menguasai Framework Laravel', 'c0af0bb8-d33c-4148-98d2-da0421e5fd2e.jpeg', '<p>Penulis&nbsp;<a href=\"http://rumahstudio.com/\" target=\"_blank\" rel=\"noreferrer noopener\"><strong>Yudho Yudha Yudhanto</strong></a><br>Penerbit&nbsp;<strong><a href=\"http://elexmedia.id/users/9786020498928_mudah_menguasai_framework_laravel\" target=\"_blank\" rel=\"noreferrer noopener\" aria-label=\" (opens in a new tab)\">Elexmedia Komputendo</a></strong>&nbsp;(ISBN : 9786020498928)<br><strong>Halaman:</strong>&nbsp;256<strong>&nbsp;</strong>|&nbsp;<strong>Kertas:</strong>&nbsp;book paper 55 |&nbsp;<strong>Dimensi:</strong>&nbsp;14 X 21 cm</p>\r\n<p>Laravel adalah salah satu framework berbasis open source yang paling populer saat ini. Sejak diluncurkan tahun 2011, aplikasi berbasis Laravel ini banyak digemari oleh para komunitas programmer di Github hingga akhirnya menyebar ke seluruh dunia.<br><br>Framework Laravel menyediakan beberapa jenis PHP library dan beberapa fungsi lain yang bisa memudahkan kita dalam menuliskan baris kode program. Framework Laravel juga dibuat dengan tujuan mempermudah cara untuk membuat aplikasi berbasis web dan memperindah tampilan karena modelnya yang sederhana dan elegan. Framework ini juga terkenal dengan dokumentasinya yang lengkap dan selalu update. Setiap ada pembaharuan versi terbaru selalu ada pembaharuan pada dokumentasinya.</p>\r\n<p><img class=\"img-fluid w-100\" style=\"object-fit: cover;\" src=\"https://d3ti.vokasi.uns.ac.id/wp-content/uploads/2019/06/buku-mudah-menguasai-framework-laravel-yudha-yudhanto3.jpg\" alt=\"\" width=\"827\" height=\"1240\"></p>\r\n<p>Buku ini selain berisi teori dasar juga memberikan studi kasus aplikasi CRUD dan Toko Online. Mengacu kepada buku karya penulis sebelumnya yang berjudul &ldquo;Panduan Mudah Belajar Framework Laravel&rdquo;, buku ini telah di-update dan direvisi sedemikian rupa agar semakin lengkap untuk pembaca.</p>\r\n<p><img class=\"img-fluid w-100\" style=\"object-fit: cover;\" src=\"https://d3ti.vokasi.uns.ac.id/wp-content/uploads/2019/06/buku-mudah-menguasai-framework-laravel-yudha-yudhanto2.jpg\" alt=\"\" width=\"827\" height=\"1240\"></p>', 'Mudah Menguasai Framework Laravel', 'Trash', '2023-06-07 00:14:39', 'Humas D3TI-UNS', 'mudah-menguasai-framework-laravel', 'Mudah Menguasai Framework Laravel', 0, '2023-06-06 17:16:17', '2023-06-07 05:16:51'),
(103, 'Yuk Berbisnis dengan Laravel dan Android', 'e24ccf93-c4b1-4a32-90cb-d996c1eddd97.jpeg', '<p>Penulis&nbsp;<a href=\"http://rumahstudio.com/\" target=\"_blank\" rel=\"noreferrer noopener\"><strong>Yudho Yudha Yudhanto</strong></a>, Ardhi Wijayanto<br>Penerbit&nbsp;<strong><a href=\"http://elexmedia.id/users/9786230001598_yuk_berbisnis_dengan_laravel_dan_android\" target=\"_blank\" rel=\"noreferrer noopener\" aria-label=\" (opens in a new tab)\">Elexmedia Komputindo</a></strong>&nbsp;(ISBN : 978-623-00-0159-8)<br><strong>Halaman:</strong>&nbsp;192|&nbsp;<strong>Kertas:</strong>&nbsp;book paper 55 |&nbsp;<strong>Dimensi:</strong>&nbsp;14 X 21 cm</p>\r\n<p>Sejak diakuisisi Google tahun 2005, Android langsung melesat meninggalkan dominasi OS Mobile lain. Kemajuannya pun semakin melesat karena pada tahun 2008 dirilis HTC Dream, HP pertama yang menggunakan sistem Android. Tidak lekas puas, untuk menjayakan masa depan OS ini, para petinggi Android membuatnya menjadi open source sehingga semua orang di seluruh dunia boleh dan bebas berkreasi membuat aplikasi Android untuk dijalankan ataupun dibagi di gudang Android, yakni Play Store. Terbukti, sekarang para programmer seluruh dunia sangat senang dan berlomba-lomba membuat dan mengedarkan aplikasi Android di playstore agar dikenal di seluruh dunia.</p>\r\n<p>Bagi para pembuat aplikasi mobile, buku ini mencakup pengantar teori Android, dasar-dasar programming, pengantar Android Studio, teknik menyimpan data, coding, proses bisnis, sampai dengan meluncurkan aplikasi ke dalam Play Store. Jangan khawatir, kami juga menyertakan kode program yang bisa diakses kapan saja di Github.</p>\r\n<p>Sampai April 2019 ini, StatCounter GlobalStats merilis bahwa Android berjaya menguasai pasar mobile sampai 93.5%. Artinya, akan sangat beruntung para developer aplikasi mobile jika bisa mengguasai dengan mempelajari serius programming di bidang Android ini. Selamat berkarya menyongsong masa depan cerah bersama Android!</p>\r\n<p><img class=\"img-fluid w-100\" style=\"object-fit: cover;\" src=\"https://d3ti.vokasi.uns.ac.id/wp-content/uploads/2019/07/BUKU-YUK-BERBISNIS-ANDROID.png\" alt=\"\" width=\"421\" height=\"624\"></p>\r\n<div class=\"wp-block-image\">\r\n<figure class=\"aligncenter\">\r\n<figcaption>Buku Android Yudho Yudhanto dan Ardhi Wijayanto</figcaption>\r\n</figure>\r\n</div>\r\n<p>Buku ini selain berisi teori dasar juga memberikan studi kasus aplikasi berbasis Android, Laravel dan menggunakan database. Selamat Belajar dan berkarya!</p>', 'Yuk Berbisnis dengan Laravel dan Android', 'Trash', '2023-06-07 00:16:33', 'Humas D3TI-UNS', 'yuk-berbisnis-dengan-laravel-dan-android', 'Yuk Berbisnis dengan Laravel dan Android', 0, '2023-06-06 17:17:39', '2023-06-07 05:16:43'),
(104, 'Pengantar Teknologi Internet Of Things (IoT)', '8306adb2-852d-4527-af8a-5c6a8aebed6c.jpeg', '<p>Penulis&nbsp;<strong><a href=\"http://rumahstudio.com/\">Yudho Yudha Yudhanto</a></strong>, Abdul Azis<br>Penerbit UNS Press (ISBN : 978-602-397-312-5)<br>Halaman: 210 | Kertas: book paper 55 | Dimensi: 15,5 X 24 cm</p>\r\n<p>Internet of Things (IoT) adalah suatu konsep dimana konektifitas internet dapat bertukar informasi satu sama lainnya dengan benda-benda yang ada disekelilingnya. Banyak yang memprediksi bahwa Internet of Things (IoT) merupakan &ldquo;the next big thing&rdquo; di dunia teknologi informasi. Hal ini dikarenakan banyak sekali potensi yang bisa dikembangkan dengan teknologi Internet of Things (IoT) tersebut.</p>\r\n<p>Melalui buku ini, kami ingin memberikan buku ajar yang mengantarkan kepada keahlian dalam membuat solusi berbasis IoT. Benar sekali! IoT adalah bagian dari kesuksesan menyongsong teknologi 4.0. Menguasai, memahami dan mampu membuat solusi masalah dengan IoT adalah hal yang bermanfaat untuk masyarakat.</p>\r\n<p>Bagian awal buku ini dimulai dengan penjelasan terkait industri 4.0, Teknologi IoT, Perangkat dalan alat IoT, Start Up dibidang IoT dan juga Contoh Aplikasi penerapan IOT&nbsp;beserta HKI&nbsp;dari sebuah produk&nbsp;IoT.</p>\r\n<p>Pendekatan yang digunakan dalam buku ini adalah pendekatan terintegrasi (integrated approach) didalam menyajikan, menjelaskan dan mendiskusikan materi. Dikatakan pendekatan terintegrasi karena sebagai berikut :</p>\r\n<ol>\r\n<li>Semua pengantar materi yang berhubungan dengan IoT</li>\r\n<li>Hubungan semua materi dijelaskan secara terintegrasi</li>\r\n</ol>\r\n<p>Materi pokok yang dibahas dalam buku ini dikelompokkan kedalam lima materi yakni :</p>\r\n<ol>\r\n<li>Kelompok Dasar : Pembahasan Industri 4.0</li>\r\n<li>Kelompok Materi Utama : menjelaskan IoT</li>\r\n<li>Kelompok Materi Pendukung : Pembahasan Perangkat IoT</li>\r\n<li>Kelompok Materi Implementasi : Pembuatan StartUp IoT</li>\r\n<li>Kelompok Materi Perlindungan : Menjelaskan HKI</li>\r\n</ol>\r\n<p>Materi di buku ini dimaksudkan untuk diberikan dalan 14 kali pertemuan tatap muka dengan silabus sebagai berikut :</p>\r\n<table class=\"wp-block-table\">\r\n<tbody>\r\n<tr>\r\n<td>Per</td>\r\n<td>Materi</td>\r\n<td>Tugas</td>\r\n</tr>\r\n<tr>\r\n<td>1</td>\r\n<td>Overview Penjelasan Silabus</td>\r\n<td>Soal Jawab</td>\r\n</tr>\r\n<tr>\r\n<td>2</td>\r\n<td>Pengertian, Tahapan dan Pilar Era Industri 4.0</td>\r\n<td>Soal Jawab</td>\r\n</tr>\r\n<tr>\r\n<td>3</td>\r\n<td>Prinsip, dan pendapat Ahli</td>\r\n<td>Soal Jawab</td>\r\n</tr>\r\n<tr>\r\n<td>4</td>\r\n<td>Analisis SWOT dan Making Indonesia 4.0</td>\r\n<td>Soal Jawab</td>\r\n</tr>\r\n<tr>\r\n<td>5</td>\r\n<td>Sejarah dan definisi IoT</td>\r\n<td>Soal Jawab</td>\r\n</tr>\r\n<tr>\r\n<td>6</td>\r\n<td>Paradigma&nbsp;dan Model IoT</td>\r\n<td>Soal Jawab</td>\r\n</tr>\r\n<tr>\r\n<td>7</td>\r\n<td>Referensi Model dan kebutuhan IoT</td>\r\n<td>Soal Jawab</td>\r\n</tr>\r\n<tr>\r\n<td>8</td>\r\n<td>Apilkasi dan Manfaat IoT</td>\r\n<td>Soal Jawab</td>\r\n</tr>\r\n<tr>\r\n<td>9</td>\r\n<td>Evaluasi</td>\r\n<td>Ujian</td>\r\n</tr>\r\n<tr>\r\n<td>10</td>\r\n<td>Perangkat IoT : AIDC</td>\r\n<td>Soal Jawab</td>\r\n</tr>\r\n<tr>\r\n<td>11</td>\r\n<td>Perangkat IoT : Smartcard</td>\r\n<td>Soal Jawab</td>\r\n</tr>\r\n<tr>\r\n<td>12</td>\r\n<td>Perangkat IoT : Mikrokontroller</td>\r\n<td>Soal Jawab</td>\r\n</tr>\r\n<tr>\r\n<td>13</td>\r\n<td>Perangkat IoT : Sensor IoT</td>\r\n<td>Soal Jawab</td>\r\n</tr>\r\n<tr>\r\n<td>14</td>\r\n<td>StartUp bidang IoT</td>\r\n<td>Soal Jawab</td>\r\n</tr>\r\n<tr>\r\n<td>15</td>\r\n<td>HKI&nbsp;bidang IoT</td>\r\n<td>Soal Jawab</td>\r\n</tr>\r\n<tr>\r\n<td>16</td>\r\n<td>Evaluasi</td>\r\n<td>Ujian</td>\r\n</tr>\r\n</tbody>\r\n</table>\r\n<p>Kekeliruan didalam buku ini sepenuhnya ada di penulis. Untuk perbaikan-perbaikan dalam bentuk saran dan kritik membangun dari pembaca sangat diharapkan .</p>\r\n<p><img class=\"img-fluid w-100\" style=\"object-fit: cover;\" src=\"https://d3ti.vokasi.uns.ac.id/wp-content/uploads/2020/02/Buku-Pengantar-Teknologi-Internet-Of-Things-IOT.jpg\" alt=\"\" width=\"466\" height=\"709\"></p>\r\n<div class=\"wp-block-image\">\r\n<figure class=\"aligncenter\">\r\n<figcaption>Buku &ldquo;Pengantar Teknologi Internet Of Things (IoT)&rdquo;</figcaption>\r\n</figure>\r\n</div>\r\n<p>Mohon maaf jika masih banyak kekurangan dalam buku ini dan kami mengucapkan terima kasih kepada siapapun yang telah membuat buku ajar ini terbit.</p>\r\n<p>Semoga Bermanfaat.</p>', 'Pengantar Teknologi Internet Of Things (IoT)', 'Trash', '2023-06-07 00:17:59', 'Humas D3TI-UNS', 'pengantar-teknologi-internet-of-things--iot-', 'Pengantar Teknologi Internet Of Things (IoT)', 0, '2023-06-06 17:19:28', '2023-06-07 05:16:04'),
(107, 'Intan Nur Azizah Juara 3 Nasional Kategori Game Edukasi Dalam Rangka UNYFest', '6bbc2a8f-f3fd-43a4-ad61-7b863e81d142.jpeg', '<p>Mahasiswa D3 Tekni Informatika<a href=\"https://www.facebook.com/intan.nurazizah.90?fref=ts\">&nbsp;Intan Nur Azizah</a>&nbsp;Juara 3 Lomba Tingkat Nasional Kategori Game Edukasi Dalam Rangka UNYFest&nbsp;<strong>GAME &ldquo;TWO DIS&rdquo; UNTUK TERAPI MEMBACA BAGI ANAK DISLEKSIA DAN DISKALKULIA BERBASIS ANDROID.&nbsp;</strong></p>\r\n<p><strong>Gambaran secara umum tentang tersebut :</strong></p>\r\n<p>Game Two Dis sebagai terapi untuk anak yang mengalami gangguan dalam kesulitan membaca dan anak yang mengalami gangguan dalam kesulitan berhitung dengan tujuan memberikan media baru untuk terapi bagi anak yang mengalami gangguan tersebut. Tahap &ndash; tahap dari terapi yang akan diberikan pada game Two Dis ini adalah anak diajak untuk mengenal huruf dan angka serta dapat membedakannya juga. Kemudian anak diajak untuk menghafalkan huruf dan angka tertentu yang menurut mereka sulit untuk dihafalkan. Dan yang terakhir anak diajak untuk menjawab pertanyaan dan menghitung dengan soal matematika dasar. Dalam pengembangkan game &ldquo;Two Dis&rdquo; dilakukan dengan menganalisa terhadap anak disleksia dan diskalkulia kemudian mencari konsep game yang cocok bagi anak disleksia dan diskalkulia. Game dibuat dengan unity3d yang difokuskan untuk bisa dijalankan pada perangkat andorid. Diharapkan Game &ldquo;Two Dis&rdquo; yang dapat menjadi salah satu media terapi dan media pembelajaran baru bagi anak disleksia dan diskalkulia dengan metode bermain game.</p>\r\n<p><img class=\"img-fluid w-100\" style=\"object-fit: cover;\" src=\"https://d3tisolo.vokasi.uns.ac.id/storage/images/1686147219.jpg\" alt=\"\" width=\"300\" height=\"181\"> <img class=\"img-fluid w-100\" style=\"object-fit: cover;\" src=\"https://d3tisolo.vokasi.uns.ac.id/storage/images/1686147230.jpg\" alt=\"\" width=\"300\" height=\"181\"></p>\r\n<p><img class=\"img-fluid w-100\" style=\"object-fit: cover;\" src=\"https://d3tisolo.vokasi.uns.ac.id/storage/images/1686147250.jpg\" alt=\"\" width=\"300\" height=\"181\"> <img class=\"img-fluid w-100\" style=\"object-fit: cover;\" src=\"https://d3tisolo.vokasi.uns.ac.id/storage/images/1686147264.jpg\" alt=\"\" width=\"300\" height=\"181\"></p>', 'Intan Nur Azizah Juara 3 Nasional Kategori Game Edukasi Dalam Rangka UNYFest', 'Published', '2016-12-05 21:11:40', 'Humas D3TI-UNS', 'intan-nur-azizah-juara-3-nasional-kategori-game-edukasi-dalam-rangka-unyfest', 'Intan Nur Azizah Juara 3 Nasional Kategori Game Edukasi Dalam Rangka UNYFest', 0, '2023-06-07 14:15:05', '2023-06-08 18:32:41'),
(108, 'Semarak CODING (Celebration of D3 Informatics Engineering)', '12908450-3406-47ed-b0fe-412edde09a6c.jpeg', '<p>Program Diploma 3 Teknik Informatika telah genap berumur 14 tahun. Tepatnya hari Rabu tanggal 1 Juni 2016 bertempat di halaman FMIPA UNS diselenggarakan puncak acara berupa serangkaian acara senam, jalan sehat, potong tumpeng, lomba pentas seni dan kompetisi PES. Tema kegiatan kali ini &ldquo;Selaras Aksi untuk D3TI&rdquo;, terbukti selama 14 tahun Program Diploma 3 Teknik Informatika telah membuktikan kiprahnya dalam kancah nasional maupun internasional. Dalam Skala nasional telah banyak kompetisi yang dimenangkan melalui kegiatan mahasiswa seperti kemenangan dalam PIMNAS di Mataram, kemenangan dalam kompetisi Game di UNY, dan kemenangan dalam kompetisi ilmiah lainnya. Dalam skala internasional diwujudkan dengan pembekalan lulusan mahasiwa D3TI dengan sertifikat CISCO.</p>\r\n<p>Simbolis puncak acara dipaparkan melalui potong tumpeng sebagai tanda dimulainya serangkaian kegiatan acara. Semoga dengan semarak kebersamaan semua civitas akademi Program Diploma Teknik Informatika dapat terus meningkatkan kiprah dan prestasi baik secara nasional maupun internasional. &ldquo;D3TI yes we can!&rdquo;</p>\r\n<p><img class=\"img-fluid w-100\" style=\"object-fit: cover;\" src=\"https://d3tisolo.vokasi.uns.ac.id/storage/images/1686147485.jpg\" alt=\"\" width=\"169\" height=\"300\"></p>', 'Semarak CODING (Celebration of D3 Informatics Engineering)', 'Published', '2016-01-06 21:16:00', 'Humas D3TI-UNS', 'semarak-coding--celebration-of-d3-informatics-engineering-', 'Semarak CODING (Celebration of D3 Informatics Engineering)', 0, '2023-06-07 14:18:23', '2023-06-08 18:31:24'),
(109, 'Selamat Datang Mahasiswa Baru Diploma III Teknik Informatika Angkatan 2016', '3707346d-34d1-4ba7-bf2e-91b71e888c27.jpeg', '<p>Segenap civitas Program Studi Diploma III Teknik Informatika UNS mengucapkan selamat datang dan selamat bergabung kepada mahasiswa baru D3 angkatan 2016 dalam kegiatan belajar mengajar di Prodi D3 TI. Kegiatan Program Kenal Kampus Mahasiswa Baru D3 diselenggarakan pada tanggal 18 &ndash; 21 Agustus 2016 diwujudkan dalam bentuk kuliah umum oleh Tung Dasem Waringin selaku motivator, sambut kenal dosen prodi dengan mahasiswa baru, pengenalan kegiatan sertifikasi profesi, pengenalan sistem perkuliahan, pengenalan kegiatan magang dan tugas akhir mahasiswa. Semoga dengan Pengenalan kampus diawal orientasi ini mahasiswa baru dapat mengetahui lebih awal tahap pembelajaran di Prodi D3 TI dan dapat mempersiapkan dalam kesusksesan belajar di Prodi Diploma Teknik Informatika FMIPA UNS.</p>', 'Selamat Datang Mahasiswa Baru Diploma III Teknik Informatika Angkatan 2016', 'Published', '2016-12-08 21:18:53', 'Humas D3TI-UNS', 'selamat-datang-mahasiswa-baru-diploma-iii-teknik-informatika-angkatan-2016', 'Selamat Datang Mahasiswa Baru Diploma III Teknik Informatika Angkatan 2016', 0, '2023-06-07 14:24:09', '2023-06-08 18:30:30'),
(110, 'Dosen dan Mahasiswa D3 TI FMIPA UNS Kembangkan Teknologi E-Museum', 'd81738f3-137b-4cd3-a2e0-ab0cd76d18bc.jpeg', '<p>Kamis 9 Maret 2017, siang itu Dosen dan Mahasiswa dari Universitas Sebelas Maret (UNS) yang tergabung melalui Group Riset Multimedia di Prodi Diploma III Teknik Informatika Fakultas MIPA Universitas Sebelas Maret berkunjung ke Museum Sangiran. Maksud kedatangan rombongan adalah untuk menyampaikan hasil penelitian yang telah dilakukan. Hal ini merupakan tindaklanjut dari MOU yang telah ditandatangi pihak Balai Pelestarian Situs Manusia Purba (BPSMP) Sangiran dengan Fakultas MIPA UNS sebelumnya.</p>\r\n<p>Kedatangan rombongan dari UNS disambut baik oleh pihak BPSMP Sangiran yang diwakili oleh Bapak Puja bagian Pemanfaatan. Melalui Bapak Eko Harry Pratisto, S.T., M.Info.Tech. selaku Ketua Group Riset Multimedia, hasil penelitian tersebut diserahkan kepada BPSMP Sangiran. Hasil penelitian yang diberikan yaitu pengembangan aplikasi E-Museum Sangiran yang telah dikembangkan oleh Bapak Fendi Aji Purnomo, S.Si., M.Eng. yang dibantu mahasiswa Diploma III Teknik Informatika. E-Museum Sangiran dikembangkan dengan teknologi Augmented Reality (AR) dan Virtual Reality (VR).</p>\r\n<p><img class=\"img-fluid w-100\" style=\"object-fit: cover;\" src=\"https://d3tisolo.vokasi.uns.ac.id/storage/images/1686148001.jpg\" alt=\"\"></p>\r\n<p>Aplikasi E-Museum Sangiran dengan teknologi Augmented Reality telah diimplementasikan pada Ruang Pamer 1 dan Ruang Pamer 2 Museum Sangiran Kluster Krikilan. Dengan aplikasi AR Museum Sangiran tersebut pengunjung dapat secara leluasa menggunakan smartphone mereka dalam memperoleh informasi pada objek pamer, karena objek pamer itulah yang dijadikan markerless dalam aplikasi AR Museum ini. Aplikasi ini bersifat interaktif karena AR memadukan antara objek real yaitu objek pamer museum dengan objek virtual. Fitur informasi yang disajikan dalam aplikasi ini adalah informasi virtual yang disajikan dalam teks, audio, dan objek 3D. Aplikasi AR Museum Sangiran ini hanya mendukung smartphone dengan sistem operasi (OS) android.</p>\r\n<p>Aplikasi E-Museum dengan teknologi Virtual Reality (VR) dapat dinikmati ketika ingin mengeksplorasi Ruang Pamer 3 Museum Sangiran Kluster Krikilan. Dengan aplikasi VR Museum Sangiran masyarakat dapat melakukan eksplorasi objek pamer maupun landscape ruang secara virtual di Ruang Pamer 3 dengan bantuan kaca mata VRBOX dan Joystick Bluetooth. Informasi yang disampaikan dalam aplikasi ini adalah objek pamer dalam 3D dan informasi audio sebagai penjelasannya. Aplikasi ini dapat dinikmati melalui smartphone dengan OS android yang tersedia sensor gyroskop dan memori RAM 1 GB keatas.</p>\r\n<p>Kegiatan diakhiri dengan tanda tangan berita acara serah terima hasil penelitian antar kedua belah pihak dan dilanjutkan foto bersama. Harapannya dengan hadirnya media interaktif tersebut pihak Museum Sangiran dapat menggunakannya untuk menyampaikan informasi secara inovatif kepada masyarakat dengan catatan tetap mencantumkan hak cipta dari si pengembang yaitu Group Riset Multimedia FMIPA Universitas Sebelas Maret.</p>', 'Dosen dan Mahasiswa D3 TI FMIPA UNS Berhasil Kembangkan Teknolog', 'Published', '2017-02-20 21:24:52', 'Humas D3TI-UNS', 'dosen-dan-mahasiswa-d3-ti-fmipa-uns-berhasil-kembangkan-teknolog', 'Dosen dan Mahasiswa D3 TI FMIPA UNS Berhasil Kembangkan Teknolog', 0, '2023-06-07 14:27:08', '2023-06-08 18:29:30'),
(111, 'Pengumuman Mahasiswa KMM', '8888e36f-76cf-4230-8d33-603859514094.jpeg', '<p>informasi bagi mahasiwa peserta KMM yang masih belum menuntaskan.mohon hub prodi&nbsp;&nbsp;<a href=\"http://d3ti.vokasi.uns.ac.id/wp-content/uploads/2022/02/29_KM.00.03_Monitoring-KMM-TA.pdf\">29_KM.00.03_Monitoring KMM &amp; TA</a></p>', 'Pengumuman Mahasiswa KMM', 'Published', '2022-06-02 21:38:37', 'Humas D3TI-UNS', 'pengumuman-mahasiswa-kmm', 'Pengumuman Mahasiswa KMM', 0, '2023-06-07 14:39:59', '2023-06-08 18:27:27'),
(112, 'Lomba Desain Poster “Pendidikan di Era New Normal”, Mahasiswi D3TI Juara 1', '370e6730-ae44-489b-8a6d-62f0fc5199e8.jpeg', '<p>Oct 18, 2021 &ndash; Mahasiswi D3TI, Fathul Nisa Aini meraih Juara I Lomba Poster pada Pekan Raya FKIP 2021 Universitas Sriwijaya dengan skor 1.150.</p>\r\n<p><img class=\"img-fluid w-100\" style=\"object-fit: cover;\" src=\"https://d3tisolo.vokasi.uns.ac.id/storage/images/1686194344.png\" alt=\"\" width=\"347\" height=\"420\"></p>\r\n<p>Pekan Raya ini merupakan agenda tahunan terbesar di BEM KM FKIP UNSRI KORWIL PALEMBANG yang terdiri dari 4 cabang lomba yaitu<br>1. Cabang pendidikan: desain poster;<br>2. Cabang olahraga : video freestyle soccer, catur dan video aktivitas hidup sehat;<br>3. Cabang seni: video tari kreasi dan video vocal solo;dan<br>4. Cabang politik: video orasi dan karikatur.<br>Pekan Raya FKIP ini merupakan ajang untuk memperkenalkan BEM kepada mahasiswa baru. Fathul Nisa Aini mengikuti cabang lomba pendidikan yaitu lomba poster yang bertema &ldquo;Pendidikan di Era New Normal&rdquo;.</p>\r\n<p><img class=\"img-fluid w-100\" style=\"object-fit: cover;\" src=\"https://d3tisolo.vokasi.uns.ac.id/storage/images/1686194369.png\" alt=\"\"></p>\r\n<p>Poster saya memiliki makna yang menggambarkan kondisi adaptasi kenormalan baru dalam pendidikan (new normal education), yang mengubah pola pembelajaran dari proses belajar tatap muka menjadi pembelajaran jarak jauh (PJJ) dengan memanfaatkan teknologi, &rdquo; ungkap Fathul pada (19/10/2021). Fatul juga mengungkapkan bahwa penerapan teknologi dalam sebuah sistem pendidikan menjadikan alternatif PJJ, serta proses belajar yang interaktif dapat membantu penyerapan materi bagi peserta didik. Di sisi lain, teknologi yang terus berkembang pesat menuntut peserta didik untuk menyesuaikan diri dengan perubahan yang ada. Selain itu meningkatkan kemampuan sesuai yang dibutuhkan dunia pada masa depan.</p>\r\n<p>&nbsp;</p>', 'Lomba Desain Poster “Pendidikan di Era New Normal”, Mahasiswi D3TI Juara 1', 'Published', '2021-10-20 10:17:34', 'Ikhsan Habbibu Rochman', 'lomba-desain-poster--pendidikan-di-era-new-normal---mahasiswi-d3ti-juara-1', 'Lomba Desain Poster “Pendidikan di Era New Normal”, Mahasiswi D3TI Juara 1', 0, '2023-06-08 03:20:02', '2023-06-08 18:26:52'),
(113, 'Webinar “Menangkap Peluang Bisnis IT, Start Up dan Melejitkan Karir Bidang IT”', 'cb1db374-790b-4a0e-af3b-f153d5d5f319.jpeg', '<p>Webinar IT Technopreuner &ldquo;Menangkap Peluang Bisnis IT, Start Up dan Melejitkan Karir Bidang IT&rdquo;</p>\r\n<p><img class=\"img-fluid w-100\" style=\"object-fit: cover;\" src=\"https://d3tisolo.vokasi.uns.ac.id/storage/images/1686194918.jpg\" alt=\"\"></p>\r\n<p><img class=\"img-fluid w-100\" style=\"object-fit: cover;\" src=\"https://d3tisolo.vokasi.uns.ac.id/storage/images/1686194934.jpg\" alt=\"\"></p>', 'Webinar “Menangkap Peluang Bisnis IT, Start Up dan Melejitkan Karir Bidang IT”', 'Published', '2021-12-04 10:27:00', 'Ikhsan Habbibu Rochman', 'webinar--menangkap-peluang-bisnis-it--start-up-dan-melejitkan-karir-bidang-it-', 'Webinar “Menangkap Peluang Bisnis IT, Start Up dan Melejitkan Karir Bidang IT”', 0, '2023-06-08 03:29:21', '2023-06-08 18:25:46'),
(114, 'Tim PBL Mahasiswa D3TI UNS Membuat Solusi Aplikasi Teras Malioboro', 'bcc7edb0-f9e6-463a-949a-15531f439d86.jpeg', '<p>Hari Senin tanggal 30 Mei 2022, sebanyak 18 anggota yang terdiri dari tim mahasiswa-mahasiswi dan didampingi dengan 4 dosen D3TI bertolak ke Yogyakarta. Kegiatan ini dalam rangka menyelesaikan tahapan Program PBL (Project Base Learning). PBL ini mempunyai output perancangan dan pembuatan solusi Aplikasi dari permasalahan yang diberikan PT. SARANA INSAN MUDA SELARAS (JOGJA MEDIANET) sebagai mitra D3TI.</p>\r\n<p><img class=\"img-fluid w-100\" style=\"object-fit: cover;\" src=\"https://d3tisolo.vokasi.uns.ac.id/storage/images/1686195085.jpg\" alt=\"\"></p>\r\n<p>Studi kasus yang diberikan adalah bagaimana memberikan nilai tambah dalam publikasi dan penjualan melalui digital marketing terhadap keberadaan lapak dan penjual di Teras Malioboro.</p>\r\n<p><img class=\"img-fluid w-100\" style=\"object-fit: cover;\" src=\"https://d3tisolo.vokasi.uns.ac.id/storage/images/1686195127.jpg\" alt=\"\"></p>\r\n<p>Proses perancangan dan pembuatan Aplikasi Teras Malioboro dibimbing langsung oleh PT. SIMS (Jogja Medianet). Saat ini proses pembuatan, telah sampai kepada tahap akhir, yakni : Testing dan finishing. Sehingga secepatnya dapat diimplementasikan kepada para penghuni Teras Malioboro.</p>\r\n<p><img class=\"img-fluid w-100\" style=\"object-fit: cover;\" src=\"https://d3tisolo.vokasi.uns.ac.id/storage/images/1686195177.jpg\" alt=\"\"></p>\r\n<p>Jangka waktu pembuatan Aplikasi Teras Malioboro berakhir pada akhir Juni 2022. Semoga Sukses dan Semangat Selalu.</p>\r\n<p><iframe src=\"https://www.youtube.com/embed/ymnMhytZ0xM\" width=\"560\" height=\"314\" allowfullscreen=\"allowfullscreen\"></iframe></p>\r\n<p>&nbsp;</p>', 'Tim PBL Mahasiswa D3TI UNS Membuat Solusi Aplikasi Teras Malioboro', 'Published', '2022-05-31 10:30:09', 'Ikhsan Habbibu Rochman', 'tim-pbl-mahasiswa-d3ti-uns-membuat-solusi-aplikasi-teras-malioboro-1', 'Tim PBL Mahasiswa D3TI UNS Membuat Solusi Aplikasi Teras Malioboro', 0, '2023-06-08 03:34:26', '2023-06-08 18:23:03'),
(115, 'D3TI SV-UNS mengikuti UNS Innovation Festival 2021', '35db0a86-392d-4315-9109-52b32fa90576.jpeg', '<p>Bertempat di Auditorium UNS, Senin-Selasa (13-14 Desember 2021) tim Expo D3TI SV-UNS mengikuti Festival yang diadakan di UNS. UNS Innovation Festival bertujuan untuk membantu para pelaku ekonomi kreatif untuk bangkit dan mengembangkan bisnis mereka pascapandemi.<span id=\"more-4323\"></span></p>\r\n<p>Lebih dari 100 pelaku usaha berbagai sektor turut memamerkan ide dan produk mereka dalam acara ini.</p>\r\n<p><img class=\"img-fluid w-100\" style=\"object-fit: cover;\" src=\"https://d3tisolo.vokasi.uns.ac.id/storage/images/1686195377.jpg\" alt=\"\"></p>\r\n<p>Jumlah tersebut terdiri atas 90 UMKM di Solo Raya dan sekitar 30 produk inovasi dari UNS. Selain itu, sebanyak 35 startup dari UNS juga turun bergabung dalam UNS Innovation Festival.</p>\r\n<p><img class=\"img-fluid w-100\" style=\"object-fit: cover;\" src=\"https://d3tisolo.vokasi.uns.ac.id/storage/images/1686195398.jpg\" alt=\"\"></p>\r\n<p>Tim Expo D3TI menampilkan beberapa aplikasi VR Anatomi (Kerjasama dengan Fakultas Kedokteran UNS), Aplikasi VR Simulasi Senjata SS2V4 (Kerjasama dengan PT.Pindad). Dan juga Aplikasi AR Hellokidz yang diperuntukkan untuk pendidikan PAUD. Stand D3TI digawangi mahasiswi yakni Dewi Maharani dan Gravilian Megarifera.</p>\r\n<p><img class=\"img-fluid w-100\" style=\"object-fit: cover;\" src=\"https://d3tisolo.vokasi.uns.ac.id/storage/images/1686195426.jpg\" alt=\"\"></p>\r\n<p>Dalam kesempatan tersebut, hadir juga Walikota Surakarta. Bapak Gibran Rakabuming Raka didampingi Rektor UNS Prof Dr Jamal Wiwoho, SH, MHum.</p>\r\n<p><img class=\"img-fluid w-100\" style=\"object-fit: cover;\" src=\"https://d3tisolo.vokasi.uns.ac.id/storage/images/1686195463.jpg\" alt=\"\" width=\"696\" height=\"311\"></p>\r\n<p>&nbsp;</p>', 'D3TI SV-UNS mengikuti UNS Innovation Festival 2021', 'Published', '2021-12-12 10:34:57', 'Ikhsan Habbibu Rochman', 'd3ti-sv-uns-mengikuti-uns-innovation-festival-2021', 'D3TI SV-UNS mengikuti UNS Innovation Festival 2021', 0, '2023-06-08 03:38:01', '2023-06-08 18:25:14'),
(116, 'Program SIE (Smart IT Education) Mewisuda 78 Siswa-siswi Angkatan ke-3', '90220935-0d43-4654-96bd-c94adc4f272f.jpeg', '<p>Bertempat di SMA Negeri 1 Widodaren, Kamis 12 Mei 2022. Direktur SIE mewisuda siswa dan siswi program Smart IT Education (SIE) angkatan ke-3. SIE merupakan program kerjasama pendidikan antara Prodi D3 Teknik Informatikan SV UNS bersama SMA Negeri 1 Widodaren. Visi dari program ini adalah menyiapkan lulusan SMA/SMK siap memasuki DUDI, Perguruan Tinggi atau menjadi Technopreneur dengan kualitas skill teknologi informasi.<span id=\"more-4409\"></span></p>\r\n<p>&ldquo;Tahun 2022 ini Wisudawan/wati SIE angkatan ke-3 berjumlah 78 orang. Tahun sebelumnya yakni angkatan ke-2 meluluskan 77 orang dan angkatan ke-1 meluluskan 74 orang di tahun 2020. Ada sepuluh Materi yang wajib diterima siswa SIE selama 5 semester yakni mata kursus PTI, App Perkantoran, Internet, Jaringan Komputer, Dasar Pemrograman, Desain Grafis, Pemrograman Web, Video Editing, Short Movie dan Tugas Akhir (TA) atau Final Project.&rdquo; Ujar Direktur SIE Bapak Fendi Aji Purnomo, S.Si, M.Eng.</p>\r\n<p>Gbr. Sambutan Direktur SIE Bapak Fendi Aji Purnomo, S.Si, M.Eng.</p>\r\n<p>Tugas Akhir yang diselesaikan siswa/siswi angkatan ke-3 ini adalah membuat berbagai Sistem Informasi sesuai tema yang dipilih dengan masa waktu 3-4 bulan dengan dibimbing dosen dari D3TI SV UNS dan Guru SMA N 1 Widodaren. Sidang Ujian dan presentasi TA diuji oleh tim dari UNS, Guru dan Praktisi IT.</p>\r\n<p>Gbr. Wisuda dan penyerahan Sertifikat SIE kepada Peserta Angkatan 3 tahun 2022.</p>\r\n<p>Acara wisuda ini berbarengan dengan kegiatan tahunan, yakni Acara pelepasan lulusan semua siswa-siswi kelas XII yang sudah menjadi Alumni. Acara ini dihadiri semua siswa, orangtua, guru, komite dan kepala sekolah disaksikan Bapak Camat, Tim dosen SIE dari UNS dan juga Bapak Supardi, S.H, M.Pd Kepala Cabang Dinas Pendidikan Wilayah Madiun.</p>\r\n<p><img class=\"alignnone size-full wp-image-4636\" src=\"http://d3ti.vokasi.uns.ac.id/wp-content/uploads/2022/05/sie-uns-sma-wiododaren-ngawi-d3ti-2.jpg\" sizes=\"(max-width: 1000px) 100vw, 1000px\" srcset=\"https://d3ti.vokasi.uns.ac.id/wp-content/uploads/2022/05/sie-uns-sma-wiododaren-ngawi-d3ti-2.jpg 1000w, https://d3ti.vokasi.uns.ac.id/wp-content/uploads/2022/05/sie-uns-sma-wiododaren-ngawi-d3ti-2-300x168.jpg 300w, https://d3ti.vokasi.uns.ac.id/wp-content/uploads/2022/05/sie-uns-sma-wiododaren-ngawi-d3ti-2-768x430.jpg 768w, https://d3ti.vokasi.uns.ac.id/wp-content/uploads/2022/05/sie-uns-sma-wiododaren-ngawi-d3ti-2-696x390.jpg 696w, https://d3ti.vokasi.uns.ac.id/wp-content/uploads/2022/05/sie-uns-sma-wiododaren-ngawi-d3ti-2-750x420.jpg 750w\" alt=\"\" width=\"1000\" height=\"560\"></p>\r\n<p>Gbr. Bapak Supardi, S.H, M.Pd Kepala Cabang Dinas Pendidikan Wilayah Madiun beserta Kepala Sekolah SMA N 1 Widodaren</p>\r\n<p>Didalam sambutan wisudanya beliau Kacabdin Pendidikan menyampaikan bahwa para siswa-siswi lulusan SMA plus SIE telah membuat profil lulusan SMA menjadi lebih berkualitas. Alumnni yang siap bekerja, menjadi wirausaha ataupun mampu melanjutkan pendidikan di Perguruan Tinggi.</p>\r\n<p>Sedangkan Bapak Sugiyo, Spd., M.M selaku Kepala Sekolah SMA Negeri 1 Widodaren menyampaikan apresiasi kepada seluruh siswa angkatan-3 dan seluruh tim penyelenggara SIE serta berpesan agar alumni mampu menerapkan ilmu dan keahlian yang didapatkan dalam program SIE dengan sebaik-baiknya.</p>\r\n<p>Saat ini, program SIE sedang mendidik menjalankan untuk angkatan ke-4. Mentor dan pelatihnya melibatkan guru-guru. Semua guru telah dibekali dengan ToT (Training of Trainer) dan sertifikasi kompetensi yang diselesaikan sebelumnya bersama tim D3 Teknik Informatika UNS.</p>', 'Program SIE (Smart IT Education) Mewisuda 78 Siswa-siswi Angkatan ke-3', 'Published', '2022-05-12 12:12:59', 'Ikhsan Habbibu Rochman', 'program-sie--smart-it-education--mewisuda-78-siswa-siswi-angkatan-ke-3-1', 'Program SIE (Smart IT Education) Mewisuda 78 Siswa-siswi Angkatan ke-3', 0, '2023-06-08 05:16:27', '2023-06-08 18:24:36'),
(117, 'Diskusi Bersama PT. Solusi247 Penguatan Research Bidang Ekonomi Kreatif', '22fecc6c-9fbd-4def-860c-637ba27700f1.jpeg', '<p>Group Riset Applied Data Science and AI (DSAI) melakukan diskusi dengan PT. Solusi247 pada tanggal 16 Juni dan 2 November 2022 dalam rangka penguatan research bidang ekonomi kreatif bidang pariwisata menggunakan teknologi Big Data dan AI.</p>\r\n<p><img class=\"img-fluid w-100\" style=\"object-fit: cover;\" src=\"https://d3tisolo.vokasi.uns.ac.id/storage/images/1686201618.jpg\" alt=\"\"></p>\r\n<p>Diskusi dimulai dengan membahas isu-isu kekinian dibidang data engineering dan data science sampai mengerucut pada data-data yang merupakan resource yang akan digunakan untuk pengembangan riset di bidang pariwisata.</p>', 'Diskusi Bersama PT. Solusi247 Penguatan Research Bidang Ekonomi Kreatif', 'Published', '2022-11-02 12:18:54', 'Ikhsan Habbibu Rochman', 'diskusi-bersama-pt--solusi247-penguatan-research-bidang-ekonomi-kreatif', 'Diskusi Bersama PT. Solusi247 Penguatan Research Bidang Ekonomi Kreatif', 3, '2023-06-08 05:21:04', '2023-06-22 04:19:21'),
(118, 'Sismart-Sistem Informasi Disposisi Surat Dan Manajemen Arsip', 'e9bd8620-11ff-45c7-9224-f1508625f17c.jpeg', '<p>SiSmart merupakan singkatan dari Sistem informasi Disposisi Surat dan Manajemen Arsip. SiSmart merupakan sebuah sistem informasi yang digunakan untuk melakukan pendataan Surat masuk maupun Surat keluar dalam sebuah perusahaan, melakukan proses distribusi surat menggunakan sistem lembar disposisi online pada setiap surat masuk maupun surat keluar, dan mengelompokkan berdasarkan kode Klasifikasi.</p>\r\n<p>Sistem informasi ini dilengkapi dengan fitur manajemen peminjaman data arsip surat, dan fitur pemusnahan data arsip serta disertai dengan notifikasi untuk memudahkan user dalam melakukan aktifitas perkantoran. Sistem ini dilengkapi dengan aplikasi berbasis Android untuk lebih meningkatkan kinerja pegawai dalam melakukan kegiatan distribusi surat.</p>\r\n<p>Fasilitias yang disediakan:</p>\r\n<ul>\r\n<li>Manajemen data Surat Pengelolaan-data surat masuk mupun surat keluar perusahaan.</li>\r\n<li>Manajemen data Disposisi-Data surat yang diterima dapat didistribusikan kepada user lain menggunakan sistem disposisi</li>\r\n<li>Manajemen data Arsip- Data surat beserta lembar disposisi disatukan menjadi data arsip berdasarkan kode klasifikasi</li>\r\n<li>Peminjaman Arsip-Pegawai dapat melakukan peminjaman data Arsip jika diperlukan</li>\r\n<li>Retensi / Pemusnahan Arsip- Pemusnahan data arsip sesuai dengan masa berlaku tiap arsip</li>\r\n<li>Notifikasi User-Notifikasi untuk setiap user untuk mempermudah pengelolaan data</li>\r\n<li>Notifikasi User-Notifikasi untuk setiap user untuk mempermudah pengelolaan data</li>\r\n</ul>\r\n<p>&nbsp;</p>\r\n<p>&nbsp;</p>\r\n<p>Product Owner : Tidak Diketahui</p>\r\n<p>&nbsp; &nbsp;download aplikasi&nbsp;<a href=\"https://play.google.com/store/apps/details?id=com.dhika.windows7.sismartkpri\"><img class=\"alignnone  wp-image-1907\" src=\"http://d3ti.mipa.uns.ac.id/wp-content/uploads/2018/01/plystore.png\" sizes=\"(max-width: 155px) 100vw, 155px\" srcset=\"https://d3ti.vokasi.uns.ac.id/wp-content/uploads/2018/01/plystore.png 646w, https://d3ti.vokasi.uns.ac.id/wp-content/uploads/2018/01/plystore-300x116.png 300w\" alt=\"\" width=\"155\" height=\"60\" loading=\"lazy\"></a></p>', 'berikut adalah produk D3TI yang berjudul \"Sismart-Sistem Informasi Disposisi Surat Dan Manajemen Arsip\"', 'Trash', '2023-06-18 21:05:34', 'Deandra Falih Andito', 'sismart-sistem-informasi-disposisi-surat-dan-manajemen-arsip', 'Sismart-Sistem Informasi Disposisi Surat Dan Manajemen Arsip', 4, '2023-06-18 14:09:33', '2023-06-22 11:46:20');

-- --------------------------------------------------------

--
-- Table structure for table `d3ti_post_categories`
--

CREATE TABLE `d3ti_post_categories` (
  `post_categories_id` int(11) NOT NULL,
  `post_categories_name` varchar(32) NOT NULL,
  `post_categories_description` varchar(255) DEFAULT NULL,
  `post_categories_url` varchar(64) NOT NULL,
  `created_at` date NOT NULL,
  `updated_at` date NOT NULL
) ENGINE=InnoDB DEFAULT CHARSET=utf8mb4 COLLATE=utf8mb4_general_ci;

--
-- Dumping data for table `d3ti_post_categories`
--

INSERT INTO `d3ti_post_categories` (`post_categories_id`, `post_categories_name`, `post_categories_description`, `post_categories_url`, `created_at`, `updated_at`) VALUES
(6, 'News', '-', 'news', '2023-04-02', '2023-04-23'),
(7, 'Kemahasiswaan', '-', 'kemahasiswaan', '2023-04-02', '2023-04-02'),
(8, 'Lowongan Pekerjaan', '-', 'jobs', '2023-04-02', '2023-04-18'),
(21, 'Penelitian', '--', 'penelitian', '2023-05-31', '2023-05-31'),
(24, 'E - Mailkomp', '-', 'emailkomp', '2023-05-31', '2023-05-31'),
(25, 'Pengabdian', '-', 'pengabdian', '2023-05-31', '2023-05-31'),
(29, 'Jurnal & Paper', '-', 'jurnal', '2023-06-22', '2023-06-22'),
(30, 'Produk D3TI', '-', 'produk', '2023-06-22', '2023-06-22'),
(31, 'Produk', '-', 'ta', '2023-06-22', '2023-06-22'),
(32, 'Buku Ajar', '-', 'bukuajar', '2023-06-22', '2023-06-22');

-- --------------------------------------------------------

--
-- Table structure for table `d3ti_post_categories_link`
--

CREATE TABLE `d3ti_post_categories_link` (
  `post_categories_link_id` int(11) NOT NULL,
  `post_id` int(11) NOT NULL,
  `post_categories_id` int(11) NOT NULL,
  `created_at` date NOT NULL,
  `updated_at` date NOT NULL
) ENGINE=InnoDB DEFAULT CHARSET=utf8mb4 COLLATE=utf8mb4_general_ci;

--
-- Dumping data for table `d3ti_post_categories_link`
--

INSERT INTO `d3ti_post_categories_link` (`post_categories_link_id`, `post_id`, `post_categories_id`, `created_at`, `updated_at`) VALUES
(340, 35, 6, '2023-05-13', '2023-05-13'),
(341, 36, 6, '2023-05-13', '2023-05-13'),
(342, 37, 6, '2023-05-13', '2023-05-13'),
(343, 38, 6, '2023-05-13', '2023-05-13'),
(344, 39, 6, '2023-05-13', '2023-05-13'),
(345, 40, 6, '2023-05-13', '2023-05-13'),
(346, 41, 6, '2023-05-13', '2023-05-13'),
(347, 42, 6, '2023-05-13', '2023-05-13'),
(348, 42, 7, '2023-05-13', '2023-05-13'),
(354, 47, 6, '2023-05-13', '2023-05-13'),
(355, 48, 6, '2023-05-15', '2023-05-15'),
(356, 48, 7, '2023-05-15', '2023-05-15'),
(357, 49, 6, '2023-05-15', '2023-05-15'),
(358, 49, 7, '2023-05-15', '2023-05-15'),
(359, 50, 6, '2023-05-16', '2023-05-16'),
(367, 53, 6, '2023-05-25', '2023-05-25'),
(368, 53, 7, '2023-05-25', '2023-05-25'),
(369, 52, 6, '2023-05-26', '2023-05-26'),
(383, 57, 6, '2023-05-31', '2023-05-31'),
(384, 57, 7, '2023-05-31', '2023-05-31'),
(385, 57, 21, '2023-05-31', '2023-05-31'),
(386, 58, 6, '2023-05-31', '2023-05-31'),
(387, 58, 21, '2023-05-31', '2023-05-31'),
(388, 43, 6, '2023-05-31', '2023-05-31'),
(389, 59, 6, '2023-05-31', '2023-05-31'),
(390, 59, 21, '2023-05-31', '2023-05-31'),
(391, 59, 25, '2023-05-31', '2023-05-31'),
(392, 60, 6, '2023-05-31', '2023-05-31'),
(393, 60, 21, '2023-05-31', '2023-05-31'),
(394, 61, 6, '2023-05-31', '2023-05-31'),
(395, 61, 21, '2023-05-31', '2023-05-31'),
(396, 51, 6, '2023-06-04', '2023-06-04'),
(397, 51, 25, '2023-06-04', '2023-06-04'),
(398, 62, 6, '2023-06-04', '2023-06-04'),
(399, 62, 25, '2023-06-04', '2023-06-04'),
(400, 63, 6, '2023-06-04', '2023-06-04'),
(401, 63, 25, '2023-06-04', '2023-06-04'),
(402, 64, 6, '2023-06-04', '2023-06-04'),
(403, 64, 25, '2023-06-04', '2023-06-04'),
(404, 65, 6, '2023-06-04', '2023-06-04'),
(405, 65, 25, '2023-06-04', '2023-06-04'),
(406, 66, 6, '2023-06-04', '2023-06-04'),
(407, 66, 25, '2023-06-04', '2023-06-04'),
(420, 67, 6, '2023-06-05', '2023-06-05'),
(421, 67, 25, '2023-06-05', '2023-06-05'),
(474, 114, 6, '2023-06-08', '2023-06-08'),
(475, 117, 6, '2023-06-08', '2023-06-08'),
(476, 116, 6, '2023-06-08', '2023-06-08'),
(477, 115, 6, '2023-06-08', '2023-06-08'),
(478, 113, 6, '2023-06-08', '2023-06-08'),
(479, 112, 6, '2023-06-08', '2023-06-08'),
(480, 111, 6, '2023-06-08', '2023-06-08'),
(481, 110, 6, '2023-06-08', '2023-06-08'),
(482, 109, 6, '2023-06-08', '2023-06-08'),
(483, 108, 6, '2023-06-08', '2023-06-08'),
(484, 107, 6, '2023-06-08', '2023-06-08'),
(485, 93, 8, '2023-06-08', '2023-06-08'),
(486, 92, 8, '2023-06-08', '2023-06-08'),
(487, 90, 8, '2023-06-08', '2023-06-08'),
(488, 91, 8, '2023-06-08', '2023-06-08'),
(489, 88, 8, '2023-06-08', '2023-06-08'),
(490, 89, 8, '2023-06-08', '2023-06-08'),
(491, 87, 8, '2023-06-08', '2023-06-08'),
(492, 86, 8, '2023-06-08', '2023-06-08'),
(493, 85, 8, '2023-06-08', '2023-06-08'),
(494, 84, 8, '2023-06-08', '2023-06-08'),
(495, 83, 8, '2023-06-08', '2023-06-08'),
(496, 82, 8, '2023-06-08', '2023-06-08'),
(497, 81, 8, '2023-06-08', '2023-06-08'),
(498, 80, 8, '2023-06-08', '2023-06-08'),
(499, 79, 8, '2023-06-08', '2023-06-08'),
(505, 74, 25, '2023-06-08', '2023-06-08'),
(506, 73, 25, '2023-06-08', '2023-06-08'),
(507, 72, 25, '2023-06-08', '2023-06-08'),
(508, 71, 25, '2023-06-08', '2023-06-08'),
(509, 70, 25, '2023-06-08', '2023-06-08'),
(510, 69, 25, '2023-06-08', '2023-06-08'),
(511, 68, 25, '2023-06-08', '2023-06-08'),
(512, 56, 6, '2023-06-08', '2023-06-08'),
(513, 77, 7, '2023-06-15', '2023-06-15'),
(514, 76, 7, '2023-06-15', '2023-06-15'),
(515, 75, 7, '2023-06-15', '2023-06-15'),
(516, 78, 6, '2023-06-15', '2023-06-15'),
(517, 78, 7, '2023-06-15', '2023-06-15');

-- --------------------------------------------------------

--
-- Table structure for table `d3ti_post_comment`
--

CREATE TABLE `d3ti_post_comment` (
  `post_comment_id` int(11) NOT NULL,
  `post_id` int(11) NOT NULL,
  `post_comment_name` varchar(64) NOT NULL,
  `post_comment_email` varchar(128) NOT NULL,
  `post_comment_value` varchar(255) NOT NULL,
  `post_comment_ip` varchar(30) NOT NULL,
  `post_comment_status` enum('Pending','Approved','Rejected') NOT NULL,
  `created_at` datetime NOT NULL,
  `updated_at` datetime NOT NULL
) ENGINE=InnoDB DEFAULT CHARSET=utf8mb4 COLLATE=utf8mb4_general_ci;

--
-- Dumping data for table `d3ti_post_comment`
--

INSERT INTO `d3ti_post_comment` (`post_comment_id`, `post_id`, `post_comment_name`, `post_comment_email`, `post_comment_value`, `post_comment_ip`, `post_comment_status`, `created_at`, `updated_at`) VALUES
(7, 41, 'Dean', 'dean@gmail.com', 'Halo! Berita yang bagus', '', 'Approved', '2023-05-13 17:01:13', '2023-05-24 07:31:58'),
(8, 38, 'Deandra Falih Andito', 'fandraandito@gmail.com', 'bagus', '', 'Approved', '2023-05-24 03:13:53', '2023-05-24 07:31:18'),
(9, 39, 'Fitrah Firdaus', 'tes@gmail.com', 'tes', '', 'Approved', '2023-05-24 07:58:36', '2023-05-24 07:59:09'),
(10, 50, 'Fitrah Firdaus', 'fitrahf87@gmail.com', 'tes', '', 'Approved', '2023-05-26 11:02:11', '2023-05-26 11:02:16'),
(11, 37, 'tes', 'tes@gmail.com', '36.65.123.170', '', 'Pending', '2023-05-27 01:14:55', '2023-05-27 01:14:55'),
(12, 42, 'tes', 'tes@gmail.com', 'tes', '36.68.10.85', 'Pending', '2023-05-27 07:36:45', '2023-05-27 07:36:45'),
(13, 50, 'hgfhg', 'hgfhg@jkghj.bp', 'hgfhfhg', '182.2.44.240', 'Approved', '2023-05-29 03:17:37', '2023-06-08 06:30:53');

-- --------------------------------------------------------

--
-- Table structure for table `d3ti_post_tags_link`
--

CREATE TABLE `d3ti_post_tags_link` (
  `post_tags_link_id` int(11) NOT NULL,
  `post_id` int(11) NOT NULL,
  `tags_id` int(11) NOT NULL,
  `created_at` date NOT NULL,
  `updated_at` date NOT NULL
) ENGINE=InnoDB DEFAULT CHARSET=utf8mb4 COLLATE=utf8mb4_general_ci;

--
-- Dumping data for table `d3ti_post_tags_link`
--

INSERT INTO `d3ti_post_tags_link` (`post_tags_link_id`, `post_id`, `tags_id`, `created_at`, `updated_at`) VALUES
(359, 35, 1, '2023-05-13', '2023-05-13'),
(360, 35, 2, '2023-05-13', '2023-05-13'),
(361, 35, 3, '2023-05-13', '2023-05-13'),
(362, 36, 1, '2023-05-13', '2023-05-13'),
(363, 36, 2, '2023-05-13', '2023-05-13'),
(364, 37, 1, '2023-05-13', '2023-05-13'),
(365, 37, 2, '2023-05-13', '2023-05-13'),
(366, 37, 3, '2023-05-13', '2023-05-13'),
(367, 38, 1, '2023-05-13', '2023-05-13'),
(368, 38, 2, '2023-05-13', '2023-05-13'),
(369, 39, 1, '2023-05-13', '2023-05-13'),
(370, 39, 2, '2023-05-13', '2023-05-13'),
(371, 40, 1, '2023-05-13', '2023-05-13'),
(372, 40, 2, '2023-05-13', '2023-05-13'),
(373, 40, 3, '2023-05-13', '2023-05-13'),
(374, 40, 4, '2023-05-13', '2023-05-13'),
(375, 41, 2, '2023-05-13', '2023-05-13'),
(376, 41, 4, '2023-05-13', '2023-05-13'),
(377, 42, 1, '2023-05-13', '2023-05-13'),
(378, 42, 2, '2023-05-13', '2023-05-13'),
(387, 47, 1, '2023-05-13', '2023-05-13'),
(388, 47, 2, '2023-05-13', '2023-05-13'),
(389, 48, 1, '2023-05-15', '2023-05-15'),
(390, 48, 2, '2023-05-15', '2023-05-15'),
(391, 49, 1, '2023-05-15', '2023-05-15'),
(392, 49, 2, '2023-05-15', '2023-05-15'),
(393, 49, 3, '2023-05-15', '2023-05-15'),
(394, 50, 1, '2023-05-16', '2023-05-16'),
(395, 50, 2, '2023-05-16', '2023-05-16'),
(396, 50, 3, '2023-05-16', '2023-05-16'),
(410, 53, 1, '2023-05-25', '2023-05-25'),
(411, 53, 2, '2023-05-25', '2023-05-25'),
(412, 52, 1, '2023-05-26', '2023-05-26'),
(413, 52, 2, '2023-05-26', '2023-05-26'),
(414, 52, 3, '2023-05-26', '2023-05-26'),
(432, 57, 1, '2023-05-31', '2023-05-31'),
(433, 57, 2, '2023-05-31', '2023-05-31'),
(434, 57, 3, '2023-05-31', '2023-05-31'),
(435, 57, 4, '2023-05-31', '2023-05-31'),
(436, 58, 1, '2023-05-31', '2023-05-31'),
(437, 58, 2, '2023-05-31', '2023-05-31'),
(438, 58, 3, '2023-05-31', '2023-05-31'),
(439, 58, 4, '2023-05-31', '2023-05-31'),
(440, 43, 1, '2023-05-31', '2023-05-31'),
(441, 43, 2, '2023-05-31', '2023-05-31'),
(442, 43, 3, '2023-05-31', '2023-05-31'),
(443, 59, 1, '2023-05-31', '2023-05-31'),
(444, 59, 2, '2023-05-31', '2023-05-31'),
(445, 59, 3, '2023-05-31', '2023-05-31'),
(446, 59, 4, '2023-05-31', '2023-05-31'),
(447, 60, 1, '2023-05-31', '2023-05-31'),
(448, 60, 2, '2023-05-31', '2023-05-31'),
(449, 60, 3, '2023-05-31', '2023-05-31'),
(450, 60, 4, '2023-05-31', '2023-05-31'),
(451, 61, 1, '2023-05-31', '2023-05-31'),
(452, 61, 2, '2023-05-31', '2023-05-31'),
(453, 61, 3, '2023-05-31', '2023-05-31'),
(454, 61, 4, '2023-05-31', '2023-05-31'),
(455, 51, 1, '2023-06-04', '2023-06-04'),
(456, 51, 3, '2023-06-04', '2023-06-04'),
(457, 51, 4, '2023-06-04', '2023-06-04'),
(458, 62, 1, '2023-06-04', '2023-06-04'),
(459, 62, 2, '2023-06-04', '2023-06-04'),
(460, 62, 3, '2023-06-04', '2023-06-04'),
(461, 62, 4, '2023-06-04', '2023-06-04'),
(462, 63, 1, '2023-06-04', '2023-06-04'),
(463, 63, 2, '2023-06-04', '2023-06-04'),
(464, 63, 3, '2023-06-04', '2023-06-04'),
(465, 63, 4, '2023-06-04', '2023-06-04'),
(466, 64, 1, '2023-06-04', '2023-06-04'),
(467, 64, 2, '2023-06-04', '2023-06-04'),
(468, 64, 3, '2023-06-04', '2023-06-04'),
(469, 64, 4, '2023-06-04', '2023-06-04'),
(470, 65, 1, '2023-06-04', '2023-06-04'),
(471, 65, 2, '2023-06-04', '2023-06-04'),
(472, 65, 3, '2023-06-04', '2023-06-04'),
(473, 65, 4, '2023-06-04', '2023-06-04'),
(474, 66, 1, '2023-06-04', '2023-06-04'),
(475, 66, 2, '2023-06-04', '2023-06-04'),
(476, 66, 3, '2023-06-04', '2023-06-04'),
(477, 66, 4, '2023-06-04', '2023-06-04'),
(502, 67, 1, '2023-06-05', '2023-06-05'),
(503, 67, 2, '2023-06-05', '2023-06-05'),
(504, 67, 3, '2023-06-05', '2023-06-05'),
(505, 67, 4, '2023-06-05', '2023-06-05'),
(557, 94, 2, '2023-06-06', '2023-06-06'),
(558, 95, 2, '2023-06-06', '2023-06-06'),
(559, 95, 3, '2023-06-06', '2023-06-06'),
(560, 96, 1, '2023-06-06', '2023-06-06'),
(561, 97, 2, '2023-06-06', '2023-06-06'),
(562, 98, 1, '2023-06-06', '2023-06-06'),
(563, 99, 2, '2023-06-06', '2023-06-06'),
(564, 100, 1, '2023-06-06', '2023-06-06'),
(565, 100, 2, '2023-06-06', '2023-06-06'),
(566, 101, 1, '2023-06-06', '2023-06-06'),
(567, 101, 2, '2023-06-06', '2023-06-06'),
(568, 102, 1, '2023-06-06', '2023-06-06'),
(569, 102, 2, '2023-06-06', '2023-06-06'),
(570, 103, 2, '2023-06-06', '2023-06-06'),
(571, 104, 1, '2023-06-06', '2023-06-06'),
(572, 104, 2, '2023-06-06', '2023-06-06'),
(596, 114, 1, '2023-06-08', '2023-06-08'),
(597, 114, 2, '2023-06-08', '2023-06-08'),
(598, 117, 1, '2023-06-08', '2023-06-08'),
(599, 117, 2, '2023-06-08', '2023-06-08'),
(600, 116, 1, '2023-06-08', '2023-06-08'),
(601, 116, 2, '2023-06-08', '2023-06-08'),
(602, 115, 1, '2023-06-08', '2023-06-08'),
(603, 115, 2, '2023-06-08', '2023-06-08'),
(604, 113, 1, '2023-06-08', '2023-06-08'),
(605, 113, 2, '2023-06-08', '2023-06-08'),
(606, 112, 1, '2023-06-08', '2023-06-08'),
(607, 112, 2, '2023-06-08', '2023-06-08'),
(608, 111, 1, '2023-06-08', '2023-06-08'),
(609, 110, 1, '2023-06-08', '2023-06-08'),
(610, 110, 2, '2023-06-08', '2023-06-08'),
(611, 109, 1, '2023-06-08', '2023-06-08'),
(612, 109, 2, '2023-06-08', '2023-06-08'),
(613, 108, 1, '2023-06-08', '2023-06-08'),
(614, 108, 2, '2023-06-08', '2023-06-08'),
(615, 107, 1, '2023-06-08', '2023-06-08'),
(616, 107, 3, '2023-06-08', '2023-06-08'),
(617, 93, 2, '2023-06-08', '2023-06-08'),
(618, 93, 4, '2023-06-08', '2023-06-08'),
(619, 92, 2, '2023-06-08', '2023-06-08'),
(620, 92, 4, '2023-06-08', '2023-06-08'),
(621, 90, 1, '2023-06-08', '2023-06-08'),
(622, 90, 4, '2023-06-08', '2023-06-08'),
(623, 91, 2, '2023-06-08', '2023-06-08'),
(624, 91, 4, '2023-06-08', '2023-06-08'),
(625, 88, 2, '2023-06-08', '2023-06-08'),
(626, 88, 4, '2023-06-08', '2023-06-08'),
(627, 89, 2, '2023-06-08', '2023-06-08'),
(628, 89, 4, '2023-06-08', '2023-06-08'),
(629, 87, 2, '2023-06-08', '2023-06-08'),
(630, 87, 4, '2023-06-08', '2023-06-08'),
(631, 86, 4, '2023-06-08', '2023-06-08'),
(632, 85, 1, '2023-06-08', '2023-06-08'),
(633, 85, 4, '2023-06-08', '2023-06-08'),
(634, 84, 1, '2023-06-08', '2023-06-08'),
(635, 84, 4, '2023-06-08', '2023-06-08'),
(636, 83, 2, '2023-06-08', '2023-06-08'),
(637, 83, 4, '2023-06-08', '2023-06-08'),
(638, 82, 2, '2023-06-08', '2023-06-08'),
(639, 82, 4, '2023-06-08', '2023-06-08'),
(640, 81, 4, '2023-06-08', '2023-06-08'),
(641, 80, 2, '2023-06-08', '2023-06-08'),
(642, 80, 4, '2023-06-08', '2023-06-08'),
(643, 79, 2, '2023-06-08', '2023-06-08'),
(644, 79, 4, '2023-06-08', '2023-06-08'),
(653, 74, 1, '2023-06-08', '2023-06-08'),
(654, 74, 2, '2023-06-08', '2023-06-08'),
(655, 74, 3, '2023-06-08', '2023-06-08'),
(656, 73, 1, '2023-06-08', '2023-06-08'),
(657, 72, 1, '2023-06-08', '2023-06-08'),
(658, 72, 2, '2023-06-08', '2023-06-08'),
(659, 71, 1, '2023-06-08', '2023-06-08'),
(660, 71, 2, '2023-06-08', '2023-06-08'),
(661, 70, 1, '2023-06-08', '2023-06-08'),
(662, 70, 3, '2023-06-08', '2023-06-08'),
(663, 69, 1, '2023-06-08', '2023-06-08'),
(664, 68, 1, '2023-06-08', '2023-06-08'),
(665, 68, 2, '2023-06-08', '2023-06-08'),
(666, 56, 1, '2023-06-08', '2023-06-08'),
(667, 56, 2, '2023-06-08', '2023-06-08'),
(668, 56, 3, '2023-06-08', '2023-06-08'),
(669, 56, 4, '2023-06-08', '2023-06-08'),
(670, 77, 1, '2023-06-15', '2023-06-15'),
(671, 77, 2, '2023-06-15', '2023-06-15'),
(672, 76, 1, '2023-06-15', '2023-06-15'),
(673, 76, 2, '2023-06-15', '2023-06-15'),
(674, 75, 1, '2023-06-15', '2023-06-15'),
(675, 75, 2, '2023-06-15', '2023-06-15'),
(676, 78, 1, '2023-06-15', '2023-06-15'),
(677, 78, 2, '2023-06-15', '2023-06-15'),
(686, 118, 1, '2023-06-18', '2023-06-18'),
(687, 118, 2, '2023-06-18', '2023-06-18'),
(688, 118, 3, '2023-06-18', '2023-06-18'),
(689, 118, 4, '2023-06-18', '2023-06-18');

-- --------------------------------------------------------

--
-- Table structure for table `d3ti_product`
--

CREATE TABLE `d3ti_product` (
  `product_id` int(11) NOT NULL,
  `product_title` varchar(255) NOT NULL,
  `product_featured_image` varchar(255) NOT NULL,
  `product_content` text NOT NULL,
  `product_excerpt` varchar(255) NOT NULL,
  `product_release_date` date NOT NULL,
  `product_owner` varchar(64) NOT NULL,
  `product_status` enum('Pending','Draft','Published','Trash') NOT NULL,
  `product_date` datetime NOT NULL,
  `product_author` varchar(64) NOT NULL,
  `product_link` varchar(255) NOT NULL,
  `product_meta` varchar(255) NOT NULL,
  `product_view` int(11) NOT NULL,
  `created_at` datetime NOT NULL,
  `updated_at` datetime NOT NULL
) ENGINE=InnoDB DEFAULT CHARSET=utf8mb4 COLLATE=utf8mb4_general_ci;

--
-- Dumping data for table `d3ti_product`
--

INSERT INTO `d3ti_product` (`product_id`, `product_title`, `product_featured_image`, `product_content`, `product_excerpt`, `product_release_date`, `product_owner`, `product_status`, `product_date`, `product_author`, `product_link`, `product_meta`, `product_view`, `created_at`, `updated_at`) VALUES
(1, 'tes', 'tes', '<p>tes</p>', 'tes', '2023-04-18', 'tes', 'Trash', '2023-04-18 16:54:14', 'Fitrah Firdaus', 'tes', 'tes', 0, '2023-04-18 16:54:14', '2023-06-06 14:13:54'),
(2, 'tus', '7886a856-5e00-4e71-b7bd-d80ad07aa919.jpeg', '<p>tus</p>', 'tus', '2023-04-18', 'tus', 'Trash', '2023-04-18 16:54:14', 'Fitrah Firdaus', 'tus', 'tus', 0, '2023-04-18 16:54:14', '2023-06-06 14:13:47'),
(3, 'tes', '1f5b97b9-640c-428e-85f7-787c6549d680.jpeg', '<p>tes</p>', 'tes', '2023-04-18', 'tes', 'Trash', '2023-04-18 22:20:01', 'Fitrah Firdaus', 'tes-1', 'tes', 0, '2023-04-18 15:20:14', '2023-06-06 14:13:41'),
(4, 'tus', '04816237-0021-4691-a35b-a251de87fd75.jpeg', '<p>tes</p>', 'tes', '2023-04-18', 'tes', 'Trash', '2023-04-18 22:29:57', 'Fitrah Firdaus', 'tus-1', 'tes', 0, '2023-04-18 15:30:09', '2023-06-06 14:13:33'),
(5, 'Magic Cat and Magic Jar Game Play – D3 Teknik Informatika UNS', 'cb80ada5-0946-4b15-a67a-fd5484a3296b.jpeg', '<p>berikut adalah salah satu karya TA dari Aji Pratama W. Wardana</p>\r\n<p>&nbsp;</p>\r\n<p><iframe src=\"https://www.youtube.com/embed/nKxutlk9hCA\" width=\"560\" height=\"314\" allowfullscreen=\"allowfullscreen\"></iframe></p>', 'produk D3TI berjudul \"Magic Cat and Magic Jar Game Play\"', '2018-01-26', 'Aji Pratama W. Wardana', 'Published', '2023-06-06 21:01:31', 'Deandra Falih Andito', 'magic-cat-and-magic-jar-game-play---d3-teknik-informatika-uns', 'Magic Cat and Magic Jar Game Play – D3 Teknik Informatika UNS', 0, '2023-06-06 14:03:25', '2023-06-22 06:09:59'),
(6, 'Aplikasi FOOD DELIVERY ORDER IN SOLO CITY! (Delivo)', 'caebfd91-c294-4a2a-b61e-ea39ab3fff63.jpeg', '<p>DELIVO adalah aplikasi berbasis android yang menyediakan layanan jasa pesan dan antar makanan di Kota Solo. Pembuatan aplikasi DELIVO bertujuan untuk memberikan informasi serta referensi bagi masyarakat di Kota Solo mengenai kuliner yang berada di Kota Solo. Selain itu, pengguna juga dapat memesan langsung makanan yang diinginkan melalui aplikasi DELIVO. Pada Aplikasi DELIVO terdapat 2 aktor yang dapat menggunakan, yakni admin dan pengguna. Admin bertugas mengelola data kategori, data menu makanan, data restoran, data pengguna serta data pemesanan. Sedangkan pengguna, melalui aplikasi DELIVO pengguna dapat memesan makanan yang diinginkan. Sebelum melakukan pemesanan, pengguna harus mempunyai akun dan harus login terlebih dahulu. Jika pengguna belum memiliki akun, pada aplikasi DELIVO menyediakan fitur Registrasi. Setelah pengguna melakukan pemesanan, kemudian pesanan akan diproses dan diantar ke pemesan. Pembayaran dilakukan secara&nbsp;<em>Cash On Delivery&nbsp;</em>(COD).</p>\r\n<p><img class=\"alignnone size-full wp-image-1906\" src=\"http://d3ti.mipa.uns.ac.id/wp-content/uploads/2018/01/delivo2.jpg\" sizes=\"(max-width: 717px) 100vw, 717px\" srcset=\"https://d3ti.vokasi.uns.ac.id/wp-content/uploads/2018/01/delivo2.jpg 717w, https://d3ti.vokasi.uns.ac.id/wp-content/uploads/2018/01/delivo2-300x96.jpg 300w, https://d3ti.vokasi.uns.ac.id/wp-content/uploads/2018/01/delivo2-696x223.jpg 696w\" alt=\"\" width=\"717\" height=\"230\"></p>\r\n<p>download aplikasi di plasytore</p>\r\n<p><img class=\"alignnone  wp-image-1907\" src=\"http://d3ti.mipa.uns.ac.id/wp-content/uploads/2018/01/plystore.png\" sizes=\"(max-width: 310px) 100vw, 310px\" srcset=\"https://d3ti.vokasi.uns.ac.id/wp-content/uploads/2018/01/plystore.png 646w, https://d3ti.vokasi.uns.ac.id/wp-content/uploads/2018/01/plystore-300x116.png 300w\" alt=\"\" width=\"310\" height=\"120\" loading=\"lazy\"></p>\r\n<h2>DEVELOPER</h2>\r\n<p>Aplikasi DELIVO yang merupakan Aplikasi Layanan Pesan Antar Makanan di Kota Solo adalah produk hasil Tugas Akhir D3 Teknik Informatika Fakultas Matematika dan Ilmu Pengetahuan Alam Universitas Sebelas Maret.</p>\r\n<p>Aplikasi ini dikembangkan oleh mahasiswa bernama Ramadhani Bella Husada (M3113116) dengan dosen pembimbing Bapak Agus Purnomo,S.Si.,M.Eng.</p>\r\n<p>Developer: bella.husada@gmail.com Dosen Pembimbing: guspur@mail.mipa.uns.ac.id</p>', 'Produk D3TI berjudul \"Aplikasi FOOD DELIVERY ORDER IN SOLO CITY! (Delivo)\"', '2018-01-04', 'Ramadhani Bella Husada', 'Published', '2023-06-06 21:03:48', 'Deandra Falih Andito', 'aplikasi-food-delivery-order-in-solo-city---delivo-', 'Aplikasi FOOD DELIVERY ORDER IN SOLO CITY! (Delivo)', 0, '2023-06-06 14:05:36', '2023-06-22 06:09:43'),
(7, 'Sismart-Sistem Informasi Disposisi Surat Dan Manajemen Arsip', 'f2265a5f-c46f-4190-aa9e-0c4cb7da7334.jpeg', '<p>SiSmart merupakan singkatan dari Sistem informasi Disposisi Surat dan Manajemen Arsip. SiSmart merupakan sebuah sistem informasi yang digunakan untuk melakukan pendataan Surat masuk maupun Surat keluar dalam sebuah perusahaan, melakukan proses distribusi surat menggunakan sistem lembar disposisi online pada setiap surat masuk maupun surat keluar, dan mengelompokkan berdasarkan kode Klasifikasi.</p>\r\n<p>Sistem informasi ini dilengkapi dengan fitur manajemen peminjaman data arsip surat, dan fitur pemusnahan data arsip serta disertai dengan notifikasi untuk memudahkan user dalam melakukan aktifitas perkantoran. Sistem ini dilengkapi dengan aplikasi berbasis Android untuk lebih meningkatkan kinerja pegawai dalam melakukan kegiatan distribusi surat.</p>\r\n<p>Fasilitias yang disediakan:</p>\r\n<ul>\r\n<li>Manajemen data Surat Pengelolaan-data surat masuk mupun surat keluar perusahaan.</li>\r\n<li>Manajemen data Disposisi-Data surat yang diterima dapat didistribusikan kepada user lain menggunakan sistem disposisi</li>\r\n<li>Manajemen data Arsip- Data surat beserta lembar disposisi disatukan menjadi data arsip berdasarkan kode klasifikasi</li>\r\n<li>Peminjaman Arsip-Pegawai dapat melakukan peminjaman data Arsip jika diperlukan</li>\r\n<li>Retensi / Pemusnahan Arsip- Pemusnahan data arsip sesuai dengan masa berlaku tiap arsip</li>\r\n<li>Notifikasi User-Notifikasi untuk setiap user untuk mempermudah pengelolaan data</li>\r\n</ul>\r\n<p><a href=\"https://play.google.com/store/apps/details?id=com.dhika.windows7.sismartkpri\"><img class=\"alignnone  wp-image-1907\" src=\"http://d3ti.mipa.uns.ac.id/wp-content/uploads/2018/01/plystore.png\" sizes=\"(max-width: 155px) 100vw, 155px\" srcset=\"https://d3ti.vokasi.uns.ac.id/wp-content/uploads/2018/01/plystore.png 646w, https://d3ti.vokasi.uns.ac.id/wp-content/uploads/2018/01/plystore-300x116.png 300w\" alt=\"\" width=\"155\" height=\"60\" loading=\"lazy\"></a></p>', 'Produk D3TI yang berjudul \"Sismart-Sistem Informasi Disposisi Surat Dan Manajemen Arsip\"', '2018-01-04', 'Belum Diketahui', 'Published', '2023-06-06 21:07:45', 'Deandra Falih Andito', 'sismart-sistem-informasi-disposisi-surat-dan-manajemen-arsip', 'Sismart-Sistem Informasi Disposisi Surat Dan Manajemen Arsip', 0, '2023-06-06 14:10:09', '2023-06-22 06:09:30'),
(8, 'English For Fun Produk D3TI FMIPA UNS', 'cbb79365-0329-4dea-ae6d-8e8459a83805.jpeg', '<p><strong>English For Fun</strong>&nbsp;adalah aplikasi berbasis android yang dikembangkan oleh dosen dan mahasiswa dalam projek tugas akhir prodi d3ti fmipa uns.</p>\r\n<p>Dalam game ini terdapat 2 jenis permainan, yaitu mencocokan gambar dan melengkapi kata. Game ini juga dilengkapi dengan audio pembelajaran pada setiap kategori yang tersedia. Game ini sesuai untuk anak yang mulai belajar membaca.</p>\r\n<p>Melalui game ini anak dapat belajar mengenal banyak kata dalam Bahasa Inggris dengan lebih mudah. Dalam game ini terdapat 8 kategori yang dapat dipelajari oleh anak, 8 kategori tersebut adalah alphabet, angka, bentuk bangun datar, buah, hewan, anggota tubuh manusia, alat transportasi dan warna.</p>\r\n<p>Pada game ini anak diminta untuk mencocokan sebuah gambar dengan nama yang sesuai, serta melengkapi kata dengan huruf yang benar dan sesuai dengan gambar.</p>\r\n<p>coba segera aplikasinya di playtore</p>\r\n<p><a href=\"https://play.google.com/store/apps/details?id=com.UNS.EnglishForFun\"><img class=\"wp-image-1907 aligncenter\" src=\"http://d3ti.mipa.uns.ac.id/wp-content/uploads/2018/01/plystore.png\" sizes=\"(max-width: 328px) 100vw, 328px\" srcset=\"https://d3ti.vokasi.uns.ac.id/wp-content/uploads/2018/01/plystore.png 646w, https://d3ti.vokasi.uns.ac.id/wp-content/uploads/2018/01/plystore-300x116.png 300w\" alt=\"\" width=\"328\" height=\"127\"></a></p>', 'Produk D3TI yang berjudul \"English For Fun Produk D3TI FMIPA UNS\"', '2023-06-26', 'Belum Diketahui', 'Published', '2023-06-06 21:11:04', 'Deandra Falih Andito', 'english-for-fun-produk-d3ti-fmipa-uns', 'English For Fun Produk D3TI FMIPA UNS', 0, '2023-06-06 14:13:08', '2023-06-22 06:09:12'),
(9, 'Game JOKO KENDIL', '744a884f-1ca0-4aef-8bf2-fd6ff78ed0e0.jpeg', '<p>Game JOKO KENDIL adalah aplikasi berbasis android yang dikembangkan oleh dosen dan mahasiswa dalam projek tugas akhir prodi d3ti fmipa uns.</p>\r\n<p>Joko Kendil merupakan sebuah project awal dari kami,ABK48. Game ini bertemakan cerita rakyat khas Indonesia, yaitu Joko Kendil. Game ini merupakan game mobile adventure 2D yang berbasis android, dengan genre side scrolling game.</p>\r\n<p>Game ini terdiri dari 4 stage dengan gameplay dan misi yang berbeda di tiap stage-nya. Untuk melanjutkan dari 1 stage ke stage lain, player diharuskan menyelesaikan misi yang diberikan.<br>Joko Kendil memiliki beberapa keunikan yaitu :<br>(1) pada setiap stage memiliki misi dan cara bermain yang berbeda-beda,<br>(2) didalam game juga diberikan komik mengenai cerita rakyat Joko Kendil, sehingga selain player akan memainkan game, player juga dapat membaca komik yang bercerita tentang cerita rakyat yang telah digitilisasi dan dipoles agar lebih menarik sehingga pesan moral yang ada tetap tersampaikan dengan baik ,dan<br>(3) desain dikerjakan secara mandiri untuk mendapatkan karakter khas Indonesia. Value yang diharapkan dari game ini adalah masyarakat akan lebih tertarik untuk membaca cerita rakyat yang berasal dari negeri sendiri, sehingga kedepannya akan lebih mengenal budaya bangsa dan membantu melestarikannya.</p>\r\n<p><img class=\"wp-image-1907 aligncenter\" src=\"http://d3ti.mipa.uns.ac.id/wp-content/uploads/2018/01/plystore.png\" sizes=\"(max-width: 401px) 100vw, 401px\" srcset=\"https://d3ti.vokasi.uns.ac.id/wp-content/uploads/2018/01/plystore.png 646w, https://d3ti.vokasi.uns.ac.id/wp-content/uploads/2018/01/plystore-300x116.png 300w\" alt=\"\" width=\"401\" height=\"155\"></p>', 'Berikut adalah produk D3TI yang berjudul \"Game JOKO KENDI\"', '2018-01-26', 'Belum Diketahui', 'Published', '2023-06-06 21:15:40', 'Deandra Falih Andito', 'game-joko-kendil', 'Game JOKO KENDIL', 0, '2023-06-06 14:16:36', '2023-06-22 06:08:54'),
(10, 'Two Dis -Game produk D3TI FMIPA UNS', '92634a36-81ca-4f4d-9d7a-2a2134435bb8.jpeg', '<p>Two Dis Game adalah aplikasi berbasis android yang dikembangkan oleh dosen dan mahasiswa dalam projek tugas akhir prodi d3ti fmipa uns.</p>\r\n<p>Konsep dalam pemainan game ini adalah permainan pasel hurup dan angka yang mana digunakan untuk terapi anak pengidap disleksia dan diskalkulia dalam mengenal hurup dan angka.</p>\r\n<p><a href=\"https://play.google.com/store/apps/details?id=com.intan.gametwodis\"><img class=\"wp-image-1907 aligncenter\" src=\"http://d3ti.mipa.uns.ac.id/wp-content/uploads/2018/01/plystore.png\" sizes=\"(max-width: 403px) 100vw, 403px\" srcset=\"https://d3ti.vokasi.uns.ac.id/wp-content/uploads/2018/01/plystore.png 646w, https://d3ti.vokasi.uns.ac.id/wp-content/uploads/2018/01/plystore-300x116.png 300w\" alt=\"\" width=\"403\" height=\"156\"></a></p>', 'Berikut adalah produk D3TI yang berjudul \"Two Dis -Game produk D3TI FMIPA UNS\"', '2018-01-26', 'Belum Diketahui', 'Published', '2023-06-06 21:16:54', 'Deandra Falih Andito', 'two-dis--game-produk-d3ti-fmipa-uns', 'Two Dis -Game produk D3TI FMIPA UNS', 0, '2023-06-06 14:18:39', '2023-06-22 06:08:40'),
(11, 'Game Android Ini Terinspirasi Dari Legenda Ajisaka', '1d601ca8-09f6-4991-a318-56ea54abb4cb.jpeg', '<p><strong>D3ti</strong>&mdash;Dimas Tomy Nur Pratama, mahasiswa D3 Teknik Informatika Universitas Negeri Sebelas Maret (UNS) menciptakan sebuah&nbsp;<em>game</em>&nbsp;Android yang cukup unik.&nbsp;<em>Game</em>&nbsp;petualangan dua dimensi itu berjudul &ldquo;The Legend of Ajisaka&rdquo;. Permainan ini mengambil ide dari komik berjudul &ldquo;Legenda Ajisaka&rdquo; karya Sam Eka Harry Restanto.</p>\r\n<p>Pembuatan&nbsp;<em>game</em>&nbsp;ini memerlukan waktu empat bulan. Menurut rilis pers yang diterima&nbsp;<em>Timlo.net</em>, Rabu (7/3)&nbsp;<em>game</em> ini akan dirilis di Google Play Store dalam waktu dekat.</p>\r\n<p>Dalam permainan ini, para pemain akan memerankan Ajisaka. Sebelum memulai permainan, kita akan disuguhi tutorial berisi cerita legenda Ajisaka. &ldquo;Ketika tutorial selesai, player akan masuk kedalam game untuk memainkan cerita legenda Ajisaka dalam bentuk permainan,&rdquo; tulis Dimas dalam rilis.</p>\r\n<p>Dalam permainan ini terdapat beberapa tingkat dengan musuh yang berbeda. Tugas pemain adalah mengalahkan semua musuh. Ada tiga macam musuh yang dilawan yaitu penjahat, pasukan kerajaan dan Raja Dewatacengkar. Pada tingkat terakhir, Ajisaka akan bertanding melawan musuh utama yaitu Raja Dewatacengkar.</p>\r\n<p>Sumber naskah berita:&nbsp;<a href=\"http://www.timlo.net/baca/68719757416/game-android-ini-terinspirasi-dari-legenda-ajisaka/\">http://www.timlo.net/baca/68719757416/game-android-ini-terinspirasi-dari-legenda-ajisaka/</a></p>', 'Berikut adalah Produk D3TI yang berjudul \"Game Android Ini Terinspirasi Dari Legenda Ajisaka\"', '2018-03-21', 'Dimas Tomy Nur Pratama', 'Published', '2023-06-06 21:19:22', 'Deandra Falih Andito', 'game-android-ini-terinspirasi-dari-legenda-ajisaka', 'Game Android Ini Terinspirasi Dari Legenda Ajisaka', 0, '2023-06-06 14:21:17', '2023-06-22 06:08:25'),
(12, 'Mahasiswa D3TI UNS Ciptakan Game Android Save the Water', 'fb613eb9-5d71-493f-9088-a863f5ba0da7.jpeg', '<p><strong>D3TI</strong>&mdash;Mahasiswa D3 Teknik Informatika Universitas Sebelas Maret (UNS), Handoko Trisna Mustika menciptakan sebuah permainan edukasi untuk ponsel Android. Permainan itu bernama &ldquo;Save the Water&rdquo;.</p>\r\n<p>Dalam rilis yang diterima&nbsp;<em>Timlo.net</em>, Rabu (7/3) Handoko mengaku dia memerlukan waktu lima bulan untuk membuat&nbsp;<em>game</em>dua dimensi itu. &ldquo;Game ini dibuat bukan hanya untuk sekedar bersenang-senang saja, akan tetapi juga sekaligus memberikan edukasi kepada gamer,&rdquo; tulis rilis itu.</p>\r\n<p>&ldquo;Save the Water&rdquo; bisa diunduh secara gratis di Google Play Store. Supaya bisa memainkan&nbsp;<em>game</em>&nbsp;ini, ponsel yang digunakan paling tidak harus memakai Android 4.0 (KitKat) ke atas.</p>\r\n<p><img class=\"alignnone size-full wp-image-2767\" src=\"http://d3ti.mipa.uns.ac.id/wp-content/uploads/2018/03/savewather2.jpg\" sizes=\"(max-width: 800px) 100vw, 800px\" srcset=\"https://d3ti.vokasi.uns.ac.id/wp-content/uploads/2018/03/savewather2.jpg 800w, https://d3ti.vokasi.uns.ac.id/wp-content/uploads/2018/03/savewather2-300x168.jpg 300w, https://d3ti.vokasi.uns.ac.id/wp-content/uploads/2018/03/savewather2-768x431.jpg 768w, https://d3ti.vokasi.uns.ac.id/wp-content/uploads/2018/03/savewather2-696x391.jpg 696w, https://d3ti.vokasi.uns.ac.id/wp-content/uploads/2018/03/savewather2-748x420.jpg 748w\" alt=\"\" width=\"800\" height=\"449\"></p>\r\n<p>dok: timlo.net/istimewa.</p>\r\n<p>Dalam permainan ini, para pemain akan berperan sebagai seorang pemuda yang peduli dengan lingkungan. Dalam perjalanan pulang, dia akan menemui lingkungan yang tercemar. Tugas para pemain adalah menyelamatkan lingkungan dari pencemaran.</p>\r\n<p>Tugas lainnya adalah mereka harus pulang ke rumah dengan selamat tanpa mengalami dehidrasi. Tentunya hal ini tidak mudah dilakukan karena ada tiga tingkat kesulitan yang bisa dipilih.</p>\r\n<p>Pada tingkat kesulitan mudah,&nbsp;<em>gamer</em>&nbsp;hanya akan dihadapkan dengan lingkungan yang tercemar. Contoh beberapa aksi menyelamatkan lingkungan adalah membuang sampah berupa kulit pisang dan botol ke tempat sampah. Atau mematikan kran air yang masih menyala.</p>\r\n<p><img class=\"alignnone size-full wp-image-2768\" src=\"http://d3ti.mipa.uns.ac.id/wp-content/uploads/2018/03/savewather3.jpg\" sizes=\"(max-width: 800px) 100vw, 800px\" srcset=\"https://d3ti.vokasi.uns.ac.id/wp-content/uploads/2018/03/savewather3.jpg 800w, https://d3ti.vokasi.uns.ac.id/wp-content/uploads/2018/03/savewather3-300x168.jpg 300w, https://d3ti.vokasi.uns.ac.id/wp-content/uploads/2018/03/savewather3-768x431.jpg 768w, https://d3ti.vokasi.uns.ac.id/wp-content/uploads/2018/03/savewather3-696x391.jpg 696w, https://d3ti.vokasi.uns.ac.id/wp-content/uploads/2018/03/savewather3-748x420.jpg 748w\" alt=\"\" width=\"800\" height=\"449\" loading=\"lazy\"></p>\r\n<p>dok: timlo.net/istimewa.</p>\r\n<p>Bila para gamer melakukan aksi-aksi ini, mereka akan memperoleh poin. Poin yang terkumpul bisa digunakan untuk membeli topi. Semakin mahal harga topi itu, semakin bagus efek yang didapat.</p>\r\n<p>Pada tingkat kesulitan sedang, para&nbsp;<em>gamer</em>&nbsp;menghadapi tantangan yang sama dengan tingkat kesulitan sebelumnya. Perbedaannya, para pemain tidak memperoleh bantuan. Pada tingkat kesulitan mudah, para pemain memperoleh bantuan berupa tanda tanya jika mereka mendekati obyek tertentu.</p>\r\n<p>Handoko berkata permainan ini ingin mendidik para pemain tentang pentingnya air. Tapi edukasi ini dilakukan dengan cara menghibur. &ldquo;Save the Water&rdquo; juga ingin mendorong para pemain untuk peduli dengan lingkungan. &ldquo;Lingkungan merupakan sebuah titipan yang dapat dinikmati untuk generasi mendatang,&rdquo; tulisnya.</p>\r\n<p>Sumber naskah berita:&nbsp;<a href=\"http://www.timlo.net/baca/68719757393/mahasiswa-uns-ciptakan-game-android-save-water/\">http://www.timlo.net/baca/68719757393/mahasiswa-uns-ciptakan-game-android-save-water/&nbsp;</a></p>', 'Berikut adalah Produk D3TI yang berjudul \"Mahasiswa D3TI UNS Ciptakan Game Android Save the Water\"', '2018-03-21', 'Handoko Trisna Mustika', 'Published', '2023-06-06 21:21:34', 'Deandra Falih Andito', 'mahasiswa-d3ti-uns-ciptakan-game-android-save-the-water', 'Mahasiswa D3TI UNS Ciptakan Game Android Save the Water', 2, '2023-06-06 14:23:12', '2023-06-22 06:10:27'),
(13, 'Ajarkan Moralitas Lewat Permainan Ponsel', '1438ea19-c09a-4d27-8ca5-9e3350d2b976.jpeg', '<p>Bisa dibilang sebagian besar anak-anak sekarang jauh lebih akrab dengan aneka permainan di gawai seperti ponsel. Karena itu jika hendak memberikan pendidikan bagi mereka cara yang pas bagaimana lagi kalau tidak menggunakan &ldquo;jurus&rdquo; yang sama yaitu lewat permainan.</p>\r\n<p><span id=\"more-3189\"></span><br>Begtulah yang dilakukan seorang pemuda asal Kabupaten Wonogiri ini. Dia membuat permainan berbasis sitem operasi Android yang berisikan pesan moral dan budi pekerti untuk anak-anak. Dia adalah Rhezka Mahendra Galih Pratamayoga, pemuda 22 tahun asal Wonoboyo, Pokoh, Wonogiri.Dia membuat permainan Cerita Interaktif Anak yang menceritakan kisah Gajah dan Tupai.</p>\r\n<p>Yoga, sapaan akrabnya adalah mahasiswa semester delapan Program Studi D3 Teknik Informatika,Fakultas Matematika dan Ilmu Pengetahuan Alam Universitas Sebelas Maret (UNS) Solo.</p>\r\n<p>Terinspirasi dari permainan luar negeri ia mencoba membuat permainan untuk anak-anak namun dengan pesan moral dan nilai luhur di dalamnya. Pembuatan permainan ia mulai pada bulan Oktober hingga bulan Desember 2017 lalu.</p>\r\n<p>Menurutnya,dalam pembuatan permainan berbasis android ia tidak menemukan kendala berarti. Hanya saja,butuh inspirasi agar pembuatan permainan dapat maksimal dan mendapatkan inspirasi itu tidak mudah.<br>&ldquo;Saya harus mencari inspirasi mengenai desain dan memikirkan alur cerita supaya dapat berjalan dengan baik&rdquo; ujar Yoga saat dihubungi Espos, Minggu (25/3)</p>\r\n<p><strong>Beri Pilihan</strong><br>Dalam permainan ini terdapat karakter seperti Gajah, Tupai, Singa, dan Pemburu di dalam hutan. Gajah yang kecapekan beristirahat pada sebuah pohon namun gajah tertidur tepat di sarang tupai. Lalu,dalam cerita ini terdapat dua opsi pilihan yang keduanya akan memiliki sebuah alur cerita yang saling berkaitan. &ldquo;Kebaikan seperti apapun pasti akan mendapat balasan yang setimpal di lain waktu,&rdquo; begitu bunyi salah satu akhir cerita itu.<br>Saat ini permainan Gajah dan Tupai dapat diunduh dari Google Play Store secara gratis. Permainan interaktif ini dapat dimainkan oleh anak-anak berbagai usia dan dewasa.<br>Yoga berharap setelah memainkan permainan interaktif itu muncul minat di kalangan anak-anak untuk membaca. Selain itu pesan moral yang terdapat pada permainannya dapatmenumbuhkan karakter berbudi pekerti. Ia juga berencana akan mengembangkan permainan interaktif ini dan akan membuat permainan permainan yang baru.</p>\r\n<p><strong>Deskripsi Produk :</strong><br>Cerita Interaktif Anak Gajah dan Tupai ini merupakan aplikasi game cerita interaktif yang berisikan cerita antara Gajah dan Tupai dalam menghadapi masalah yang ada. Di dalam game cerita interaktif ini, pengguna dapat memilih satu diantara dua pilihan yang nantinya terdapat konsekuensi yang dapat menentukan hasil cerita akhir dari pilihan yang telah dipilih.Cerita Interaktif Anak Gajah dan Tupai ini ditujukan kepada anak-anak dengan usia 6-11 tahun dan bimbingan dari orang dewasa.</p>\r\n<p>Link Playstore :<br><em>https://play.google.com/store/apps/details?id=com.Company.GajahV5</em></p>', 'Berikut adalah Produk D3TI yang berjudul \"Ajarkan Moralitas Lewat Permainan Ponsel\"', '2018-06-06', 'Rhezka Mahendra Galih Pratamayoga', 'Published', '2023-06-06 21:23:33', 'Deandra Falih Andito', 'ajarkan-moralitas-lewat-permainan-ponsel', 'Ajarkan Moralitas Lewat Permainan Ponsel', 4, '2023-06-06 14:24:52', '2023-06-22 06:42:24'),
(14, 'Buku Mahir Menggunakan Windows 8', '6109aca8-1744-402c-96ac-35a7cf0f0ed4.jpeg', '<p>Microsoft secara resmi telah meluncurkan sistem operasi terbaru Windows 8 pada tanggal 26 Oktober 2012 lalu. Windows 8 adalah sistem operasi handal dengan perubahan menyeluruh setelah era Windows 95 selama 17 tahun yang lalu. Dengan model Start Screen dan interface, sebuah sistem operasi yang kompatibel untuk PC dan juga Tablet.</p>\r\n<p><span id=\"more-3205\"></span>Saat-saat Awal pasti tidak banyak orang suka perubahan. Orang-orang telanjur sudah terbiasa menggunakan fitur start dan fitur windows 7, Vista, XP. Sehingga Windows juga bisa membuat frustasi pemakainya kecuali anda telah mempelajarinya terlebih dahulu. Bagi pengguna baru Windows 8 sebaiknya membaca buku ini, sehingga akan membantu upgrade pengetahuan setelah menggunakan sistem operasi sebelumnya.</p>\r\n<p>Beberapa mungkin masih membingungkan dikarenakan perubahan besar dalam pengoperasian sistem windows ini. Membanding-bandingkan dengan versi sebelumnya dengan mencari-cari fitur di Windows lama di Windows 8 ini. Yakinlah bahwa buku ini akan sangat membantu dalam pembiasaan diri anda terhadap Windows 8. Kami berharap setelah pembaca bisa menggunakan Windows 8 dengan baik maka akan berusaha terus menggali fitur-fitur tersembunyi yang ada dalam Windows 8. Windows 8 cocok untuk PC dan Tablet. Buku ini diarahkan untuk pengguna PC.</p>\r\n<p>Pengguna Tablet mampu melakukan Tab dan swipe dalam menjalankan Start Screen dan Windows 8 apps. Sedangkan pengguna PC dapat dengan amudah melakukan navigasi dan bekerja dengan mouse dan keyboard sesuai yang dituliskan dalam buku ini, tetapi bisa juga dipraktekkan untuk pengguna Tablet pula. Buku ini dibagi dalam 10 Bab. Pertama, merupakan perkenalan dengan Windows 8 kemudian yang kedua adalah bagaimana melakukan instalasi dan upgrading di Windows 8.</p>\r\n<p>Pada bab ketiga, mempelajari bagaimana menggunakan Apps dalam start screen. Keempat adalah menggunakan Fasilitas Shorcut dan Touch Gestures. Dan terakhir adalah yang utama dari buku ini, yakni tips trik dan trouble shooting dalam Windows 8. Dan jangan lupa ada Link Video Windows 8 dan Daftar Shorcut Lengkap!. Bagi pengguna bukan pemula tidak harus membaca dari awal buku ini. Cukup dengan langsung memperhatikan bab-bab yang diinginkan maka langsung bisa dipraktekan. Akhir kata, selamat menikmati sensasi fitur-fitur amazing di Windows 8. Semoga bermanfaat</p>\r\n<p>Penerbit : Khazanah Intelektual Bandung, 2013<br>Penulis : Yudho Yudha Yudhanto, M.Kom<br>ISBN :&nbsp;<strong>978-979-3838-53-3</strong></p>', 'Buku Mahir Menggunakan Windows 8', '2013-01-01', 'Yudho Yudha Yudhanto, M.Kom', 'Published', '2023-06-07 16:20:12', 'Ikhsan Habbibu Rochman', 'buku-mahir-menggunakan-windows-8', 'Buku Mahir Menggunakan Windows 8', 0, '2023-06-07 09:30:27', '2023-06-07 09:30:27'),
(15, 'Toko Online dengan PHP dan MySQL', 'c191f210-bd8d-46dc-a791-cc932c8a8bb6.jpeg', '<p><img class=\"img-fluid w-100\" style=\"object-fit: cover;\" src=\"https://d3ti.vokasi.uns.ac.id/wp-content/uploads/2018/05/yudho-yudha-yudhanto-toko-online-php-mysql.jpg\" alt=\"\" width=\"760\" height=\"1169\"></p>\r\n<p>Penulis&nbsp;<a href=\"http://rumahstudio.com/\" target=\"_blank\" rel=\"noopener\"><strong>Yudho Yudha Yudhanto</strong></a>&nbsp;dan&nbsp;<strong>Agus Purbayu</strong><br>Penerbit&nbsp;<a href=\"https://www.goodreads.com/book/show/22398418-toko-online-dengan-php-dan-mysql\" target=\"_blank\" rel=\"noopener\"><strong>Elexmedia Komputendo</strong></a>&nbsp;(ISBN :&nbsp;<strong>9786020239</strong>)</p>\r\n<p>Shopping Online atau e-Commerce atau dikenal juga dengan berjualan di Internet merupakan salah satu efek dahsyat dari adanya teknologi internet<br>Kalau dahulu pengetahuan untuk membuat sebuah aplikasi web hanya bisa diketahui oleh-oleh orang-orang dengan keahlian tertentu atau perusahaan khusus bidang IT. Maka saat ini hampir semua orang bisa membuatnya sendiri dengan cara yang mudah dan tidak rumit.</p>\r\n<p>Saat ini PHP adalah bahasa pemrograman paling popular di dunia internet. Selain bersifat open source, hasil programnya juga sangat mudah dipasang di server manapun dengan biaya seminimal mungkin. Berbeda dengan bahasa pemrograman yang lain seperti dari Microsoft atau Java yang membutuhhkan server yang lebih spesifik dan tidak murah tentunya.</p>\r\n<p>Buku ini akan membantu Anda dalam membuat aplikasi web toko online (shopping online) dengan bahasa PHP dan database MySQL. Sehingga bisa kita digunakan untuk sendiri atau sebagai produk yang bisa dijual dan menghasilkan profit.<br>Semoga dengan adanya buku ini, Anda bisa mempelajari bab per bab dan anda semakin menyukai dunia programing web. Dengan memiliki rasa suka akan menimbulkan sebuah semangat, sehingga nantinya akan menghasilkan daya kreatifitas dalam membuat berbagai produk web.</p>', 'Toko Online dengan PHP dan MySQL', '2009-01-01', 'Yudho Yudha Yudhanto ,  Agus Purbayu', 'Published', '2023-06-07 16:30:36', 'Ikhsan Habbibu Rochman', 'toko-online-dengan-php-dan-mysql', 'Toko Online dengan PHP dan MySQL', 0, '2023-06-07 09:34:32', '2023-06-07 09:34:32'),
(16, 'Jangan Kalah Narsis di Youtube', '23c99ae3-1d36-4da9-888f-1de302b91a0d.jpeg', '<p><img class=\"img-fluid w-100\" style=\"object-fit: cover;\" src=\"https://d3ti.vokasi.uns.ac.id/wp-content/uploads/2018/05/yudho-yudha-yudhanto-narsis-di-youtube.jpg\" alt=\"\" width=\"760\" height=\"1169\"></p>\r\n<p><span id=\"freeText6942371915404033616\">Penulis&nbsp;<a href=\"http://rumahstudio.com/\" target=\"_blank\" rel=\"noopener\"><strong>Yudho Yudha Yudhanto</strong></a>&nbsp;dan&nbsp;<strong>Fendi Aji Purnomo</strong><br>Penerbit&nbsp;<a href=\"http://khazanahintelektual.com/\" target=\"_blank\" rel=\"noopener\">Khazanah Intelektual</a>&nbsp;(ISBN :&nbsp;<strong>9793838523</strong>)<br></span></p>\r\n<p><span id=\"freeText6942371915404033616\">Baru 1 hari diupload (13/4/2013), video terbaru PSY dengan Gentleman nya telah dilihat 22 juta dan saat ini ditulis sudah mencapai 185juta. Video penyanyi &ldquo;baru&rdquo; Fatin juga telah mencapai 2,6jt lebih. Kalaulah dibuat konser di stadion GBK dengan kapasitas 100rb maka video tersebut setara dilihat dengan pemirsa di 25 stadiun..Wow! amazing bukan? Itulah kehebatan YouTube!! Sebuah situs yang saat ini disasar untuk menjadi ajang Narsis diri, Marketing Bisnis, Pendidikan dan Hiburan (entertaint). Apakah anda hanya ingin jadi penikmat pemirsa saja?? Kenapa tidak kita gunakan juga untuk ajang kita juga?</span></p>\r\n<p>Entah pada dasarnya manusia zaman sekarang itu suka narsis atau kecanggihan teknologi-lah yang membuat mereka narsis. Yang jelas, kegemaran narsis orang-orang di abad teknologi ini kian menjadi seiring booming-nya situs-situs jejaring sosial. Bahkan, boleh jadi ada sebagian orang yang lebih eksis di jejaring sosial daripada di kehidupan sosial nyata. Kita bisa menemui beberapa orang yang aktif meng-up-date status di jejaring sosial, sementara di kehidupan sosial nyata, yang bersangkutan lebih cenderung pasif. Kita juga kerap menemui orang-orang yang lebih nyaman berkomentar atau berkirim kabar melalui jejaring sosial, sementara di kehidupan nyata, yang bersangkutan terlihat seperti orang yang anti sosial. Tentu saja, semua postingan di jejaring sosial tersebut berisi hal-hal yang bersifal self-centered atau narsis itu tadi.</p>\r\n<p>Tentu kita semua sudah akrab dengan beberapa situasi berikut ini. Ketika tengah makan bersama di salah sebuah restoran, salah seorang (atau mungkin juga lebih) di antara grup tersebut sibuk memotret (dengan kamera handphone-nya) makanan yang baru dihidangkan waiter untuk kemudian di-up-load di jejaring sosial. Ketika baru tiba di sebuah tempat (yang bahkan bukan tempat wisata), sebagian orang sibuk meng-up-date lokasi keberadaannya di jejaring sosial untuk kemudian di-tag ke teman-teman jejaring sosialnya. Ada juga yang meng-up-load video ketika sedang melakukan berbagai kegiatan &ldquo;sepele&rdquo; agar teman-temannya di jejaring sosial tahu bahwa dia memiliki kegiatan.</p>\r\n<p>Secara pribadi, pada awalnya saya merasa terganggu dan terusik. Tetapi, saya tidak bisa melarang, meski tentu saja tetap nyinyir di belakang yang bersangkutan, karena toh ini negara merdeka yang setiap warganya bebas berekspresi. Lagi pula, bukan salah mereka juga karena telah mengidap &ldquo;kadar&rdquo; narsis yang sedemikian rupa. Bebas bebas saja.</p>\r\n<p>Ya, narsis sepertinya sudah menjadi semacam kebutuhan. Belum lengkap rasanya kalau kita tengah mengerjakan sesuatu atau tengah berada di suatu tempat tertentu tanpa mengabarkan, memfoto, atau memvideokan hal tersebut. Kalau postingan, baik berupa tulisan, foto, atau video, tersebut mendapat banyak respon, tentu si empunya posting makin bangga. Itu tandanya, eksistensinya di jejaring sosial makin diakui.</p>\r\n<p>Pertanyaannya, berapa banyak postingan berupa tulisan, foto, atau video yang dibuat orang dalam satu hari di negeri ini? Jawabannya adalah ribuan atau bahkan ratusan ribu. Masalah muncul ketika kemudian Anda ingin video narsis Anda mendapatkan banyak berhatian. Kalau sudah begini, mengunggak video yang biasa tentu bukan lagi menjadi polihan. Anda harus mengetahui ilmu untuk mengukuhkan eksistensi video yang Anda unggah tersebut.</p>\r\n<p>Terbitnya buku ini menjadi semacam bahan bakar untuk memaksimalkan hasrat narsis Anda. Berbekal buku ini, Anda akan mengetahui beberapa tips dan trick bermanfaat agar video narsis Anda semakin dilirik. Tentu saja, pada akhirnya kreativitas Anda-lah yang akan menentukan eksistensi video narsis yang Anda unggah. Kalau narsis di jejarong sosial membuat beberapa orang eksis menjadi selebritas, mengapa Anda tidak melakukannya?</p>\r\n<p>Jadi, teruslah eksis wahai generasi narsis!</p>', 'Jangan Kalah Narsis di Youtube', '2013-01-01', 'Yudho Yudha Yudhanto , Fendi Aji Purnomo', 'Published', '2023-06-07 16:34:38', 'Ikhsan Habbibu Rochman', 'jangan-kalah-narsis-di-youtube', 'Jangan Kalah Narsis di Youtube', 0, '2023-06-07 09:39:49', '2023-06-07 09:39:49'),
(17, 'Panduan Pintar Virus dan Trojan', 'fb152662-9cf8-474a-82cc-ef937f70593d.jpeg', '<p><img class=\"img-fluid w-100\" style=\"object-fit: cover;\" src=\"https://d3ti.vokasi.uns.ac.id/wp-content/uploads/2018/05/yudho-yudha-yudhanto-panduan-pintar-virus-dan-trojan.jpg\" alt=\"\" width=\"760\" height=\"1169\"></p>\r\n<p>Penulis&nbsp;<strong><a href=\"http://rumahstudio.com/\" target=\"_blank\" rel=\"noopener\">Yudho Yudha Yudhanto</a><br></strong>Penerbit Khazanah Intelektual (ISBN :&nbsp;<strong>979-3838-33-7</strong>)</p>\r\n<p>Buku ini membahas secara awal dengan bahasa awam. Berikut ini adalah materi dari konten buku ini :</p>\r\n<p>TAK KENAL MAKA TAK MENGERTI<br>+ Sejarah Virus<br>+ Jenis dan kemampuan virus<br>+ Media dan Tahap bereaksinya Virus<br>+ Binatang lain yang Mirip Virus<br>CIRI KOMPUTER TERKENA VIRUS<br>+ Gelagat Komputer Terinfeksi Virus<br>+ Pertolongan Pertama Terkena Infeksi Virus<br>+ Menghapus Beberapa Virus Favorit<br>+ Virus lokal<br>+ Virus Luar Negeri<br>+ Beberapa contoh dari Virus import tersebut adalah<br>TERNYATA TROJAN LEBIH BERBAHAYA<br>+ Definisi Trojan<br>+ Fungsi Trojan<br>NETBUS 2.0<br>+ Cara Kerja Trojan<br>+ Jenis jenis Trojan<br>+ Sumber-sumber Trojan<br>+ Deteksi Trojan<br>ANTIVIRUS TROJAN<br>+ Penanganan (Recovery)<br>+ Pencegahan Trojan<br>KEBAL TERHADAP VIRUS<br>+ Mempersiapkan Komputer<br>+ Mengenal Tools Pengaman Window<br>+ Manajemen Storage<br>+ Tools-Tools Wajib<br>+ Backup Data<br>TERLANJUR TERINFEKSI VIRUS, GIMANA DONG !<br>+ Super Penting adalah Data<br>+ Jurus Tanpa Anti Virus<br>+ Trik dengan Antivirus<br>+ Adakah antivirus terbaik ?<br>MENGAMANKAN SENJATA DARI VIRUS<br>+ Autoplay si Penyebar Virus<br>+ USB Flashdisk<br>+ Mengikuti Perkembangan Virus</p>', 'Panduan Pintar Virus dan Trojan', '2011-04-01', 'Yudho Yudha Yudhanto, M.Kom', 'Published', '2023-06-07 16:39:54', 'Ikhsan Habbibu Rochman', 'panduan-pintar-virus-dan-trojan', 'Panduan Pintar Virus dan Trojan', 0, '2023-06-07 09:43:28', '2023-06-07 09:43:28'),
(18, 'Panduan Mahir Pengantar Teknologi Informasi', 'bd4bbe80-f238-4049-81a2-0bcd820a9af0.jpeg', '<p><img class=\"img-fluid w-100\" style=\"object-fit: cover;\" src=\"https://d3ti.vokasi.uns.ac.id/wp-content/uploads/2018/05/yudho-yudha-yudhanto-panduan-mahir-pengantar-teknologi-informasi.jpg\" alt=\"\" width=\"760\" height=\"1169\"></p>\r\n<p><span id=\"freeText15580213340135552113\">Penulis&nbsp;<a href=\"http://rumahstudio.com/\" target=\"_blank\" rel=\"noopener\"><strong>Yudho Yudha Yudhanto</strong></a>&nbsp;dan&nbsp;<strong>Fendi Aji Purnomo</strong><br>Penerbit&nbsp;<a href=\"https://www.goodreads.com/book/show/38742960-panduan-mahir-pengantar-teknologi-informasi\" target=\"_blank\" rel=\"noopener\">UNS Press</a>&nbsp;(ISBN :&nbsp;<strong>978-602-397-150-3</strong>)</span></p>\r\n<p><span id=\"freeText15580213340135552113\">Saat ini, mengetahui teknologi informasi seolah-olah adalah wajib. Realitanya, saat ini tidak ada bidang yang luput dari teknologi informasi sehingga secara standar mestinya setiap orang mengerti secara global tentang penggunaan atau pengetahuan teknologi informasi. Buku ini memberikan panduan secara umum tentang teknologi informasi.</span></p>\r\n<p><img class=\"img-fluid w-100\" style=\"object-fit: cover;\" src=\"https://d3ti.vokasi.uns.ac.id/wp-content/uploads/2018/05/yudho-yudha-yudhanto-panduan-mahir-pengantar-teknologi-informasi4-768x576.jpg\" alt=\"\" width=\"768\" height=\"576\"></p>\r\n<p>Siapapun dan dari bidang manapun dapat menggunakan buku ini untuk upgrade ilmu sendiri. Buku ini bersifat pengantar tetapi cukup komplit karena membahas teknologi hardware, software, laptop, multimedia, virus, virtual reality, aughmented reality dan juga pengetahuan HKI. Sebagai media evaluasi belajar, kami juga berikan soal-soal pada setiap bab untuk mengukur kefahaman atas bab-bab yang telah dijelaskan.</p>\r\n<p><img class=\"img-fluid w-100\" style=\"object-fit: cover;\" src=\"https://d3ti.vokasi.uns.ac.id/wp-content/uploads/2018/05/yudho-yudha-yudhanto-panduan-mahir-pengantar-teknologi-informasi3.jpg\" alt=\"\" width=\"960\" height=\"1280\"></p>', 'Panduan Mahir Pengantar Teknologi Informasi', '2017-01-01', 'Yudho Yudha Yudhanto , Fendi Aji Purnomo', 'Published', '2023-06-07 16:44:02', 'Ikhsan Habbibu Rochman', 'panduan-mahir-pengantar-teknologi-informasi', 'Panduan Mahir Pengantar Teknologi Informasi', 0, '2023-06-07 09:48:36', '2023-06-07 09:48:36'),
(19, 'Panduan Mudah Belajar Framework LARAVEL', '069071f5-d62e-4abc-8875-cdc9c7bfcf93.jpeg', '<p><img class=\"img-fluid w-100\" style=\"object-fit: cover;\" src=\"http://localhost/d3ti/public/storage/images/1686132071.jpg\" alt=\"\" width=\"768\" height=\"576\"></p>\r\n<p><span id=\"freeText14511830557240966521\">Penulis&nbsp;<a href=\"http://rumahstudio.com/\" target=\"_blank\" rel=\"noopener\"><strong>Yudho Yudha Yudhanto</strong></a>&nbsp;dan&nbsp;<a href=\"https://www.linkedin.com/in/helmi-adi-prasetyo-5006b4153\" target=\"_blank\" rel=\"noopener\"><strong>Helmi Adi Prasetyo</strong></a><br>Penerbit&nbsp;<a href=\"http://static.elexmedia.id/produk/detail/?isbn=9786020485287&amp;judul=Panduan%20Mudah%20Belajar%20Framework%20Laravel\" target=\"_blank\" rel=\"noopener\"><strong>Elexmedia Komputendo</strong></a>&nbsp;(ISBN :&nbsp;<strong>9786020485287</strong>)<br></span></p>\r\n<p>Dalam dunia pemrograman web, kita pasti mengenal teknologi pemrograman PHP yang telah mendunia ini. Yup! PHP, pasti pernah mendengar bukan?</p>\r\n<p>Dan saat ini teknik pemrograman PHP yang lazim digunakan adalah menggunakan teknik FRAMEWORK sehingga aplikasi yang dibuat dapat lebih mudah dan cepat selesai. Dari berbagai macam framework yang dikenal saat ini, ada beberapa yang sangat populer, seperti Zend, Symfoni 2, CI, Cake, YII, Laravel, dan masih banyak lagi.</p>\r\n<p>Berdasarkan statistik yang dikeluarkan SITEPOINT ditahun 2017, data tersebut menunjukkan bahwa dari ke 6 buah framework di atas, Laravel menduduki kepopuleran tingkat pertama dengan 25,8%.</p>\r\n<p>Jadi, sangat tidak keliru, jika para programmer PHP terutama pemula disarankan belajar juga menggunakan teknik framework Laravel untuk acuan pertama kalinya</p>\r\n<p><img class=\"img-fluid w-100\" style=\"object-fit: cover;\" src=\"https://d3ti.vokasi.uns.ac.id/wp-content/uploads/2018/11/buku-laravel-150x150.jpg\" alt=\"\" width=\"150\" height=\"150\"> <img class=\"img-fluid w-100\" style=\"object-fit: cover;\" src=\"https://d3ti.vokasi.uns.ac.id/wp-content/uploads/2018/11/buku-laravel2-150x150.jpg\" alt=\"\" width=\"150\" height=\"150\"></p>\r\n<p><img class=\"img-fluid w-100\" style=\"object-fit: cover;\" src=\"https://d3ti.vokasi.uns.ac.id/wp-content/uploads/2018/11/Image-587-150x150.jpg\" alt=\"\" width=\"150\" height=\"150\"> <img class=\"img-fluid w-100\" style=\"object-fit: cover;\" src=\"https://d3ti.vokasi.uns.ac.id/wp-content/uploads/2018/11/Image-590-150x150.jpg\" alt=\"\" width=\"150\" height=\"150\"></p>\r\n<p><img class=\"img-fluid w-100\" style=\"object-fit: cover;\" src=\"https://d3ti.vokasi.uns.ac.id/wp-content/uploads/2018/11/Image-590-150x150.jpg\" alt=\"\" width=\"150\" height=\"150\"> <img class=\"img-fluid w-100\" style=\"object-fit: cover;\" src=\"https://d3ti.vokasi.uns.ac.id/wp-content/uploads/2018/11/Image-589-150x150.jpg\"></p>\r\n<p>Buku ini dibuat juga melengkapi dengan studi kasus pembuatan aplikasi online shopping dengan Laravel 5.</p>\r\n<p>So, Selamat mencoba. Semoga Bermanfaat</p>', 'Panduan Mudah Belajar Framework LARAVEL', '2018-01-01', 'Yudho Yudha Yudhanto , Helmi Adi Prasetyo', 'Published', '2023-06-07 17:00:21', 'Ikhsan Habbibu Rochman', 'panduan-mudah-belajar-framework-laravel', 'Panduan Mudah Belajar Framework LARAVEL', 0, '2023-06-07 10:05:45', '2023-06-07 10:05:45'),
(20, 'Mudah Membuat dan Berbisnis Aplikasi Android dengan Android Studio', 'e31183ac-78ff-4a44-a9c1-eb0f4722cd45.jpeg', '<p><img class=\"img-fluid w-100\" style=\"object-fit: cover;\" src=\"http://localhost/d3ti/public/storage/images/1686132462.jpg\" alt=\"\" width=\"960\" height=\"1280\"></p>\r\n<p><span id=\"freeText14511830557240966521\">Penulis&nbsp;<a href=\"http://rumahstudio.com/\" target=\"_blank\" rel=\"noopener\"><strong>Yudho Yudha Yudhanto</strong></a>&nbsp;dan&nbsp;<strong>Ardi Wijayanto</strong><br>Penerbit&nbsp;<a href=\"https://www.gramedia.com/products/mudah-membuat-dan-berbisnis-aplikasi-android-dengan-android-studio\" target=\"_blank\" rel=\"noopener\"><strong>Elexmedia Komputendo</strong></a>&nbsp;(ISBN :&nbsp;<strong>9786020455051</strong>)<br></span></p>\r\n<p><span id=\"freeText14511830557240966521\">Mudah Membuat dan Berbisnis Aplikasi Android dengan Android Studio berisi panduan langkah demi langkah mudah untuk membuat aplikasi Android dengan Android Studio.</span></p>\r\n<p>Pengembangan aplikasi digital untuk perangkat mobile (ponsel pintar dan tablet) merupakan salah satu bidang yang prospektif untuk terus dikembangkan, terutama aplikasi berbasis Android. Karenanya, belajar membuat aplikasi Android dan berbisnis dengannya menjadi hal yang penting.</p>\r\n<p>Semua dibahas mulai dari pencarian ide, pembuatan aplikasi, upload ke Play Store, sampai cara monetisasi aplikasi yang telah dibuat.</p>\r\n<p><img class=\"img-fluid w-100\" style=\"object-fit: cover;\" src=\"http://localhost/d3ti/public/storage/images/1686132551.jpg\" alt=\"\" width=\"150\" height=\"150\"> <img class=\"img-fluid w-100\" style=\"object-fit: cover;\" src=\"http://localhost/d3ti/public/storage/images/1686132564.jpg\" alt=\"\" width=\"150\" height=\"150\"> <img class=\"img-fluid w-100\" style=\"object-fit: cover;\" src=\"http://localhost/d3ti/public/storage/images/1686132575.jpg\" alt=\"\" width=\"150\" height=\"150\"></p>\r\n<p>Buku ini dibuat berdasarkan hasil studi dokumen dan hasil dari materi latihan dalam proses belajar dan mengajar di Lab Multimedia FMIPA-UNS dan BIPTEK Indonesia.</p>\r\n<p>Contoh aplikasi yang dibuat adalah:<br>&ndash; Agenda Harian<br>&ndash; Game Tebak Angka<br>&ndash; Volley<br>&ndash; Cari Negara Dunia</p>', 'Mudah Membuat dan Berbisnis Aplikasi Android dengan Android Studio', '2018-02-19', 'Yudho Yudha Yudhanto , Ardi Wijayanto', 'Published', '2023-06-07 17:06:48', 'Ikhsan Habbibu Rochman', 'mudah-membuat-dan-berbisnis-aplikasi-android-dengan-android-studio', 'Mudah Membuat dan Berbisnis Aplikasi Android dengan Android Studio', 4, '2023-06-07 10:10:56', '2023-06-22 06:04:57'),
(21, 'Information Technology Business Start-up : Ilmu Dasar Merintis Start-up IT', '435aaac4-c478-4fb6-b0d3-a173ab23da7d.jpeg', '<p><img class=\"img-fluid w-100\" style=\"object-fit: cover;\" src=\"http://localhost/d3ti/public/storage/images/1686132884.jpg\" alt=\"\" width=\"768\" height=\"768\"></p>\r\n<p><span id=\"freeText14511830557240966521\">Penulis&nbsp;<a href=\"http://rumahstudio.com/\" target=\"_blank\" rel=\"noopener\"><strong>Yudho Yudha Yudhanto</strong></a><br>Penerbit&nbsp;<a href=\"https://www.gramedia.com/products/mudah-membuat-dan-berbisnis-aplikasi-android-dengan-android-studio\" target=\"_blank\" rel=\"noopener\"><strong>Elexmedia Komputendo</strong></a>&nbsp;(ISBN : 978-602-04-8721-2, vii+265hal)<br></span></p>\r\n<p>Saat ini bisnis dengan model&nbsp;<em>start-up</em>&nbsp;sedang digandrungi. Bisnis dengan model ini menjadi tren dan banyak orang yang mencoba peruntungan di model bisnis ini. Banyaknya kesuksesan yang dituai oleh para pelaku bisnis&nbsp;<em>start-up</em>&nbsp;menjadi patokan impian dan motivasi.&nbsp;<em>Start-up&nbsp;</em>adalah mereka yang mendirikan sebuah perusahaan berbasis teknologi didukung SDM terbatas dengan idealisme militan. Di tahapan berikutnya adalah berusaha mendapatkan&nbsp;<em>support</em>&nbsp;investasi besar dari pihak pemodal lain. Tapi jangan lupa, banyak sekali&nbsp;<em>start-up</em>&nbsp;yang bernasib gagal di tengah jalan. Bahkan ketika baru memulainya.</p>\r\n<p><img class=\"img-fluid w-100\" style=\"object-fit: cover;\" src=\"http://localhost/d3ti/public/storage/images/1686132908.jpg\" alt=\"\" width=\"315\" height=\"420\"></p>\r\n<p>Dunia Teknologi Informasi (TI) yang berkembang sangat pesat, telah menyulap dunia kita hingga ke detail paling sederhana di kehidupan. Hampir tak ada bidang yang tak tersentuh TI. TI digunakan untuk menyelesaikan berbagai masalah yang ada di tengah masyarakat. Sisi inilah yang banyak digunakan oleh para pegiat muda untuk dijadikan sebagai tonggak utama dalam berbisnis. Perangkat lunak,&nbsp;<em>hardware,</em>&nbsp;<em>game,&nbsp;</em>dan animasi merupakan kategori favorit untuk bisnis&nbsp;<em>start-up&nbsp;</em>berbasis IT ini.</p>\r\n<p><img class=\"img-fluid w-100\" style=\"object-fit: cover;\" src=\"http://localhost/d3ti/public/storage/images/1686132930.jpg\" alt=\"\" width=\"315\" height=\"420\"></p>\r\n<p>Melalui buku ini akan dipaparkan secara detail dan informatif bekal dalam membuat bisnis dimulai dari metode pencarian ide, menganalisisnya, dan juga merencanakan anggaran dalam mempersiapkan sebuah perusahaan&nbsp;<em>start-up</em>. Kemudian di bagian lain juga akan diberikan kajian tentang hukum berbisnis agar selain sukses juga aman, terlindungi dengan aman secara hukum</p>\r\n<p>&nbsp;</p>', 'Information Technology Business Start-up : Ilmu Dasar Merintis Start-up IT', '2018-01-01', 'Yudho Yudha Yudhanto, M.Kom', 'Published', '2023-06-07 17:11:03', 'Ikhsan Habbibu Rochman', 'information-technology-business-start-up---ilmu-dasar-merintis-start-up-it', 'Information Technology Business Start-up : Ilmu Dasar Merintis Start-up IT', 12, '2023-06-07 10:17:10', '2023-06-22 06:13:03'),
(22, 'Mudah Menguasai Framework Laravel', 'c4b46cc7-fc9d-473e-9a55-9daa3d4e780a.jpeg', '<p>Penulis&nbsp;<a href=\"http://rumahstudio.com/\" target=\"_blank\" rel=\"noreferrer noopener\"><strong>Yudho Yudha Yudhanto</strong></a><br>Penerbit&nbsp;<strong><a href=\"http://elexmedia.id/users/9786020498928_mudah_menguasai_framework_laravel\" target=\"_blank\" rel=\"noreferrer noopener\" aria-label=\" (opens in a new tab)\">Elexmedia Komputendo</a></strong>&nbsp;(ISBN : 9786020498928)<br><strong>Halaman:</strong>&nbsp;256<strong>&nbsp;</strong>|&nbsp;<strong>Kertas:</strong>&nbsp;book paper 55 |&nbsp;<strong>Dimensi:</strong>&nbsp;14 X 21 cm</p>\r\n<p>Laravel adalah salah satu framework berbasis open source yang paling populer saat ini. Sejak diluncurkan tahun 2011, aplikasi berbasis Laravel ini banyak digemari oleh para komunitas programmer di Github hingga akhirnya menyebar ke seluruh dunia.<br><br>Framework Laravel menyediakan beberapa jenis PHP library dan beberapa fungsi lain yang bisa memudahkan kita dalam menuliskan baris kode program. Framework Laravel juga dibuat dengan tujuan mempermudah cara untuk membuat aplikasi berbasis web dan memperindah tampilan karena modelnya yang sederhana dan elegan. Framework ini juga terkenal dengan dokumentasinya yang lengkap dan selalu update. Setiap ada pembaharuan versi terbaru selalu ada pembaharuan pada dokumentasinya.</p>\r\n<p><img class=\"img-fluid w-100\" style=\"object-fit: cover;\" src=\"http://localhost/d3ti/public/storage/images/1686133169.jpg\" alt=\"\" width=\"827\" height=\"1240\"></p>\r\n<p>Buku ini selain berisi teori dasar juga memberikan studi kasus aplikasi CRUD dan Toko Online. Mengacu kepada buku karya penulis sebelumnya yang berjudul &ldquo;Panduan Mudah Belajar Framework Laravel&rdquo;, buku ini telah di-update dan direvisi sedemikian rupa agar semakin lengkap untuk pembaca.</p>\r\n<p><img class=\"img-fluid w-100\" style=\"object-fit: cover;\" src=\"http://localhost/d3ti/public/storage/images/1686133192.jpg\" alt=\"\" width=\"827\" height=\"1240\"></p>', 'Mudah Menguasai Framework Laravel', '2019-05-20', 'Yudho Yudha Yudhanto', 'Published', '2019-06-27 17:17:23', 'Ikhsan Habbibu Rochman', 'mudah-menguasai-framework-laravel', 'Mudah Menguasai Framework Laravel', 0, '2023-06-07 10:21:21', '2023-06-08 20:46:03');
INSERT INTO `d3ti_product` (`product_id`, `product_title`, `product_featured_image`, `product_content`, `product_excerpt`, `product_release_date`, `product_owner`, `product_status`, `product_date`, `product_author`, `product_link`, `product_meta`, `product_view`, `created_at`, `updated_at`) VALUES
(23, 'Yuk Berbisnis dengan Laravel dan Android', '62c2cbfb-806c-4010-8636-943536972e75.jpeg', '<p>Penulis&nbsp;<a href=\"http://rumahstudio.com/\" target=\"_blank\" rel=\"noreferrer noopener\"><strong>Yudho Yudha Yudhanto</strong></a>, Ardhi Wijayanto<br>Penerbit&nbsp;<strong><a href=\"http://elexmedia.id/users/9786230001598_yuk_berbisnis_dengan_laravel_dan_android\" target=\"_blank\" rel=\"noreferrer noopener\" aria-label=\" (opens in a new tab)\">Elexmedia Komputindo</a></strong>&nbsp;(ISBN : 978-623-00-0159-8)<br><strong>Halaman:</strong>&nbsp;192|&nbsp;<strong>Kertas:</strong>&nbsp;book paper 55 |&nbsp;<strong>Dimensi:</strong>&nbsp;14 X 21 cm</p>\r\n<p>Sejak diakuisisi Google tahun 2005, Android langsung melesat meninggalkan dominasi OS Mobile lain. Kemajuannya pun semakin melesat karena pada tahun 2008 dirilis HTC Dream, HP pertama yang menggunakan sistem Android. Tidak lekas puas, untuk menjayakan masa depan OS ini, para petinggi Android membuatnya menjadi open source sehingga semua orang di seluruh dunia boleh dan bebas berkreasi membuat aplikasi Android untuk dijalankan ataupun dibagi di gudang Android, yakni Play Store. Terbukti, sekarang para programmer seluruh dunia sangat senang dan berlomba-lomba membuat dan mengedarkan aplikasi Android di playstore agar dikenal di seluruh dunia.</p>\r\n<p>Bagi para pembuat aplikasi mobile, buku ini mencakup pengantar teori Android, dasar-dasar programming, pengantar Android Studio, teknik menyimpan data, coding, proses bisnis, sampai dengan meluncurkan aplikasi ke dalam Play Store. Jangan khawatir, kami juga menyertakan kode program yang bisa diakses kapan saja di Github.</p>\r\n<p>Sampai April 2019 ini, StatCounter GlobalStats merilis bahwa Android berjaya menguasai pasar mobile sampai 93.5%. Artinya, akan sangat beruntung para developer aplikasi mobile jika bisa mengguasai dengan mempelajari serius programming di bidang Android ini. Selamat berkarya menyongsong masa depan cerah bersama Android!</p>\r\n<p><img class=\"img-fluid w-100\" style=\"object-fit: cover;\" src=\"http://localhost/d3ti/public/storage/images/1686133363.png\" alt=\"\" width=\"421\" height=\"624\"></p>\r\n<div class=\"wp-block-image\">\r\n<figure class=\"aligncenter\">\r\n<figcaption>Buku Android Yudho Yudhanto dan Ardhi Wijayanto</figcaption>\r\n</figure>\r\n</div>\r\n<p>Buku ini selain berisi teori dasar juga memberikan studi kasus aplikasi berbasis Android, Laravel dan menggunakan database. Selamat Belajar dan berkarya!</p>\r\n<p>&nbsp;</p>', 'Yuk Berbisnis dengan Laravel dan Android', '2019-07-01', 'Yudho Yudha Yudhanto , Ardhi Wijayanto', 'Published', '2019-07-08 17:21:27', 'Ikhsan Habbibu Rochman', 'yuk-berbisnis-dengan-laravel-dan-android', 'Yuk Berbisnis dengan Laravel dan Android', 0, '2023-06-07 10:24:15', '2023-06-08 20:45:26'),
(24, 'Pengantar Teknologi Internet Of Things (IoT)', '0f849278-eb38-4440-8165-4a87ed1cb753.jpeg', '<p>Penulis&nbsp;<strong><a href=\"http://rumahstudio.com/\">Yudho Yudha Yudhanto</a></strong>, Abdul Azis<br>Penerbit UNS Press (ISBN : 978-602-397-312-5)<br>Halaman: 210 | Kertas: book paper 55 | Dimensi: 15,5 X 24 cm</p>\r\n<p>Internet of Things (IoT) adalah suatu konsep dimana konektifitas internet dapat bertukar informasi satu sama lainnya dengan benda-benda yang ada disekelilingnya. Banyak yang memprediksi bahwa Internet of Things (IoT) merupakan &ldquo;the next big thing&rdquo; di dunia teknologi informasi. Hal ini dikarenakan banyak sekali potensi yang bisa dikembangkan dengan teknologi Internet of Things (IoT) tersebut.</p>\r\n<p>Melalui buku ini, kami ingin memberikan buku ajar yang mengantarkan kepada keahlian dalam membuat solusi berbasis IoT. Benar sekali! IoT adalah bagian dari kesuksesan menyongsong teknologi 4.0. Menguasai, memahami dan mampu membuat solusi masalah dengan IoT adalah hal yang bermanfaat untuk masyarakat.</p>\r\n<p>Bagian awal buku ini dimulai dengan penjelasan terkait industri 4.0, Teknologi IoT, Perangkat dalan alat IoT, Start Up dibidang IoT dan juga Contoh Aplikasi penerapan IOT&nbsp;beserta HKI&nbsp;dari sebuah produk&nbsp;IoT.</p>\r\n<p>Pendekatan yang digunakan dalam buku ini adalah pendekatan terintegrasi (integrated approach) didalam menyajikan, menjelaskan dan mendiskusikan materi. Dikatakan pendekatan terintegrasi karena sebagai berikut :</p>\r\n<ol>\r\n<li>Semua pengantar materi yang berhubungan dengan IoT</li>\r\n<li>Hubungan semua materi dijelaskan secara terintegrasi</li>\r\n</ol>\r\n<p>Materi pokok yang dibahas dalam buku ini dikelompokkan kedalam lima materi yakni :</p>\r\n<ol>\r\n<li>Kelompok Dasar : Pembahasan Industri 4.0</li>\r\n<li>Kelompok Materi Utama : menjelaskan IoT</li>\r\n<li>Kelompok Materi Pendukung : Pembahasan Perangkat IoT</li>\r\n<li>Kelompok Materi Implementasi : Pembuatan StartUp IoT</li>\r\n<li>Kelompok Materi Perlindungan : Menjelaskan HKI</li>\r\n</ol>\r\n<p>Materi di buku ini dimaksudkan untuk diberikan dalan 14 kali pertemuan tatap muka dengan silabus sebagai berikut :</p>\r\n<table class=\"wp-block-table\">\r\n<tbody>\r\n<tr>\r\n<td>Per</td>\r\n<td>Materi</td>\r\n<td>Tugas</td>\r\n</tr>\r\n<tr>\r\n<td>1</td>\r\n<td>Overview Penjelasan Silabus</td>\r\n<td>Soal Jawab</td>\r\n</tr>\r\n<tr>\r\n<td>2</td>\r\n<td>Pengertian, Tahapan dan Pilar Era Industri 4.0</td>\r\n<td>Soal Jawab</td>\r\n</tr>\r\n<tr>\r\n<td>3</td>\r\n<td>Prinsip, dan pendapat Ahli</td>\r\n<td>Soal Jawab</td>\r\n</tr>\r\n<tr>\r\n<td>4</td>\r\n<td>Analisis SWOT dan Making Indonesia 4.0</td>\r\n<td>Soal Jawab</td>\r\n</tr>\r\n<tr>\r\n<td>5</td>\r\n<td>Sejarah dan definisi IoT</td>\r\n<td>Soal Jawab</td>\r\n</tr>\r\n<tr>\r\n<td>6</td>\r\n<td>Paradigma&nbsp;dan Model IoT</td>\r\n<td>Soal Jawab</td>\r\n</tr>\r\n<tr>\r\n<td>7</td>\r\n<td>Referensi Model dan kebutuhan IoT</td>\r\n<td>Soal Jawab</td>\r\n</tr>\r\n<tr>\r\n<td>8</td>\r\n<td>Apilkasi dan Manfaat IoT</td>\r\n<td>Soal Jawab</td>\r\n</tr>\r\n<tr>\r\n<td>9</td>\r\n<td>Evaluasi</td>\r\n<td>Ujian</td>\r\n</tr>\r\n<tr>\r\n<td>10</td>\r\n<td>Perangkat IoT : AIDC</td>\r\n<td>Soal Jawab</td>\r\n</tr>\r\n<tr>\r\n<td>11</td>\r\n<td>Perangkat IoT : Smartcard</td>\r\n<td>Soal Jawab</td>\r\n</tr>\r\n<tr>\r\n<td>12</td>\r\n<td>Perangkat IoT : Mikrokontroller</td>\r\n<td>Soal Jawab</td>\r\n</tr>\r\n<tr>\r\n<td>13</td>\r\n<td>Perangkat IoT : Sensor IoT</td>\r\n<td>Soal Jawab</td>\r\n</tr>\r\n<tr>\r\n<td>14</td>\r\n<td>StartUp bidang IoT</td>\r\n<td>Soal Jawab</td>\r\n</tr>\r\n<tr>\r\n<td>15</td>\r\n<td>HKI&nbsp;bidang IoT</td>\r\n<td>Soal Jawab</td>\r\n</tr>\r\n<tr>\r\n<td>16</td>\r\n<td>Evaluasi</td>\r\n<td>Ujian</td>\r\n</tr>\r\n</tbody>\r\n</table>\r\n<p>Kekeliruan didalam buku ini sepenuhnya ada di penulis. Untuk perbaikan-perbaikan dalam bentuk saran dan kritik membangun dari pembaca sangat diharapkan .</p>\r\n<p><img class=\"img-fluid w-100\" style=\"object-fit: cover;\" src=\"http://localhost/d3ti/public/storage/images/1686133549.jpg\" alt=\"\" width=\"466\" height=\"709\"></p>\r\n<p>Penulis&nbsp;<strong><a href=\"http://rumahstudio.com/\">Yudho Yudha Yudhanto</a></strong>, Abdul Azis<br>Penerbit UNS Press (ISBN : 978-602-397-312-5)<br>Halaman: 210 | Kertas: book paper 55 | Dimensi: 15,5 X 24 cm</p>\r\n<p>Internet of Things (IoT) adalah suatu konsep dimana konektifitas internet dapat bertukar informasi satu sama lainnya dengan benda-benda yang ada disekelilingnya. Banyak yang memprediksi bahwa Internet of Things (IoT) merupakan &ldquo;the next big thing&rdquo; di dunia teknologi informasi. Hal ini dikarenakan banyak sekali potensi yang bisa dikembangkan dengan teknologi Internet of Things (IoT) tersebut.</p>\r\n<p>Melalui buku ini, kami ingin memberikan buku ajar yang mengantarkan kepada keahlian dalam membuat solusi berbasis IoT. Benar sekali! IoT adalah bagian dari kesuksesan menyongsong teknologi 4.0. Menguasai, memahami dan mampu membuat solusi masalah dengan IoT adalah hal yang bermanfaat untuk masyarakat.</p>\r\n<p>Bagian awal buku ini dimulai dengan penjelasan terkait industri 4.0, Teknologi IoT, Perangkat dalan alat IoT, Start Up dibidang IoT dan juga Contoh Aplikasi penerapan IOT&nbsp;beserta HKI&nbsp;dari sebuah produk&nbsp;IoT.</p>\r\n<p>Pendekatan yang digunakan dalam buku ini adalah pendekatan terintegrasi (integrated approach) didalam menyajikan, menjelaskan dan mendiskusikan materi. Dikatakan pendekatan terintegrasi karena sebagai berikut :</p>\r\n<ol>\r\n<li>Semua pengantar materi yang berhubungan dengan IoT</li>\r\n<li>Hubungan semua materi dijelaskan secara terintegrasi</li>\r\n</ol>\r\n<p>Materi pokok yang dibahas dalam buku ini dikelompokkan kedalam lima materi yakni :</p>\r\n<ol>\r\n<li>Kelompok Dasar : Pembahasan Industri 4.0</li>\r\n<li>Kelompok Materi Utama : menjelaskan IoT</li>\r\n<li>Kelompok Materi Pendukung : Pembahasan Perangkat IoT</li>\r\n<li>Kelompok Materi Implementasi : Pembuatan StartUp IoT</li>\r\n<li>Kelompok Materi Perlindungan : Menjelaskan HKI</li>\r\n</ol>\r\n<p>Materi di buku ini dimaksudkan untuk diberikan dalan 14 kali pertemuan tatap muka dengan silabus sebagai berikut :</p>\r\n<table class=\"wp-block-table\">\r\n<tbody>\r\n<tr>\r\n<td>Per</td>\r\n<td>Materi</td>\r\n<td>Tugas</td>\r\n</tr>\r\n<tr>\r\n<td>1</td>\r\n<td>Overview Penjelasan Silabus</td>\r\n<td>Soal Jawab</td>\r\n</tr>\r\n<tr>\r\n<td>2</td>\r\n<td>Pengertian, Tahapan dan Pilar Era Industri 4.0</td>\r\n<td>Soal Jawab</td>\r\n</tr>\r\n<tr>\r\n<td>3</td>\r\n<td>Prinsip, dan pendapat Ahli</td>\r\n<td>Soal Jawab</td>\r\n</tr>\r\n<tr>\r\n<td>4</td>\r\n<td>Analisis SWOT dan Making Indonesia 4.0</td>\r\n<td>Soal Jawab</td>\r\n</tr>\r\n<tr>\r\n<td>5</td>\r\n<td>Sejarah dan definisi IoT</td>\r\n<td>Soal Jawab</td>\r\n</tr>\r\n<tr>\r\n<td>6</td>\r\n<td>Paradigma&nbsp;dan Model IoT</td>\r\n<td>Soal Jawab</td>\r\n</tr>\r\n<tr>\r\n<td>7</td>\r\n<td>Referensi Model dan kebutuhan IoT</td>\r\n<td>Soal Jawab</td>\r\n</tr>\r\n<tr>\r\n<td>8</td>\r\n<td>Apilkasi dan Manfaat IoT</td>\r\n<td>Soal Jawab</td>\r\n</tr>\r\n<tr>\r\n<td>9</td>\r\n<td>Evaluasi</td>\r\n<td>Ujian</td>\r\n</tr>\r\n<tr>\r\n<td>10</td>\r\n<td>Perangkat IoT : AIDC</td>\r\n<td>Soal Jawab</td>\r\n</tr>\r\n<tr>\r\n<td>11</td>\r\n<td>Perangkat IoT : Smartcard</td>\r\n<td>Soal Jawab</td>\r\n</tr>\r\n<tr>\r\n<td>12</td>\r\n<td>Perangkat IoT : Mikrokontroller</td>\r\n<td>Soal Jawab</td>\r\n</tr>\r\n<tr>\r\n<td>13</td>\r\n<td>Perangkat IoT : Sensor IoT</td>\r\n<td>Soal Jawab</td>\r\n</tr>\r\n<tr>\r\n<td>14</td>\r\n<td>StartUp bidang IoT</td>\r\n<td>Soal Jawab</td>\r\n</tr>\r\n<tr>\r\n<td>15</td>\r\n<td>HKI&nbsp;bidang IoT</td>\r\n<td>Soal Jawab</td>\r\n</tr>\r\n<tr>\r\n<td>16</td>\r\n<td>Evaluasi</td>\r\n<td>Ujian</td>\r\n</tr>\r\n</tbody>\r\n</table>\r\n<p>Kekeliruan didalam buku ini sepenuhnya ada di penulis. Untuk perbaikan-perbaikan dalam bentuk saran dan kritik membangun dari pembaca sangat diharapkan .</p>', 'Pengantar Teknologi Internet Of Things (IoT)', '2019-12-01', 'Yudho Yudha Yudhanto , Abdul Azis', 'Published', '2020-02-21 17:24:49', 'Ikhsan Habbibu Rochman', 'pengantar-teknologi-internet-of-things--iot-', 'Pengantar Teknologi Internet Of Things (IoT)', 0, '2023-06-07 10:26:49', '2023-06-08 20:44:53'),
(25, 'Panduan Aplikasi Virtual Reality (VR)', 'd1ffc6a7-48d4-422b-a7a3-74e385bf2b42.jpeg', '<p><img class=\"img-fluid w-100\" style=\"object-fit: cover;\" src=\"http://localhost/d3ti/public/storage/images/1686133687.jpg\" alt=\"\" width=\"768\" height=\"768\"></p>\r\n<p>Penulis&nbsp;<strong><a href=\"http://rumahstudio.com/\">Yudho Yudhanto</a></strong>, Anggi Sulistiawan Penerbit Elexmedia (ISBN : 978-623-00-2984-4) Halaman: 201&nbsp; Kertas: book paper 55 | Dimensi: 15,5 X 24 cm</p>\r\n<p><strong>Multimedia adalah kata magic yang membuat teknologi yang terlihat rumit dan sulit menjadi menarik, lebih mudah bahkan membuat ketagihan karena kenyamanan. Saat ini kita sudah sampai di teknologi multimedia Imersif, sebuah cara untuk menggabungkan dunia nyata dengan dunia digital. Nah, buku ini hadir untuk para pemula yang ingin mengetahui seluk beluk teknologi Imersif, lebih khusus kepada VR (Virtual Reality).</strong></p>\r\n<p>Membaca buku ini memang tidak akan langsung menjadi pintar. Tetap seru karena memberikan rangsangan kepada pembaca untuk lebih mengeksplorasi Virtual Reality lebih dalam. Tak hanya sebagai end-user saja tetapi diharapkan menjadi creator bahkan menjadi pebisnis VR, sebuah bisnis berbasis kreatifitas yang dibalut teknologi yang lagi hype. Buku ini dibagi kedalam banyak bab. Sebagai editor, sangat berharap ada kelanjutan tentang buku ini. Terutama tentang bagaimana membuat sebuah produk VR, sehingga pembaca takhanya sebagai pengguna tetapi pemain yang mampu membuat. Setidaknya dengan studi kasus yang sederhana dari awal sampai jadi produk VR.</p>\r\n<p><img class=\"img-fluid w-100\" style=\"object-fit: cover;\" src=\"http://localhost/d3ti/public/storage/images/1686133720.jpg\" alt=\"\" width=\"650\" height=\"992\"></p>\r\n<p>Daftar isi dalam buku ini adalah :</p>\r\n<ul>\r\n<li>Tentang VR</li>\r\n<li>Perangkat VR</li>\r\n<li>Ekosistem dan Model Bisnis VR</li>\r\n<li>Metode Pengembangan VR</li>\r\n<li>Perancangan Aplikasi VR</li>\r\n<li>Pembuatan Aplikasi VR</li>\r\n<li>Pengujian Aplikasi VR</li>\r\n</ul>\r\n<p>Dengan selesainya penyusunan buku ini, penyusun mengucapkan terima kasih kepada seluruh narasumber dan teman-taman tercinta serta semua pihak yang telah memberikan kontribusi dalam penyusunan buku ini. Dan Mohon maaf, karena buku ini pasti ada kekurangan sesuai yang diinginkan pembaca yang budiman semua..</p>\r\n<p>Mohon maaf jika masih banyak kekurangan dalam buku ini dan kami mengucapkan terima kasih kepada siapapun yang telah membuat buku ajar ini terbit.</p>\r\n<p>Semoga Bermanfaat.</p>', 'Panduan Aplikasi Virtual Reality (VR)', '2022-01-01', 'Yudho Yudhanto , Anggi Sulistiawan', 'Published', '2022-01-07 17:26:53', 'Ikhsan Habbibu Rochman', 'panduan-aplikasi-virtual-reality--vr-', 'Panduan Aplikasi Virtual Reality (VR)', 0, '2023-06-07 10:30:32', '2023-06-08 20:44:00');

-- --------------------------------------------------------

--
-- Table structure for table `d3ti_product_categories`
--

CREATE TABLE `d3ti_product_categories` (
  `product_categories_id` int(11) NOT NULL,
  `product_categories_name` varchar(32) NOT NULL,
  `product_categories_description` varchar(255) DEFAULT NULL,
  `product_categories_url` varchar(64) NOT NULL,
  `created_at` date NOT NULL,
  `updated_at` date NOT NULL
) ENGINE=InnoDB DEFAULT CHARSET=utf8mb4 COLLATE=utf8mb4_general_ci;

--
-- Dumping data for table `d3ti_product_categories`
--

INSERT INTO `d3ti_product_categories` (`product_categories_id`, `product_categories_name`, `product_categories_description`, `product_categories_url`, `created_at`, `updated_at`) VALUES
(1, 'Tugas Akhir', '-', 'ta', '2023-04-18', '2023-04-18'),
(5, 'Buku Ajar', '-', 'bukuajar', '2023-06-07', '2023-06-07'),
(6, 'Jurnal & Paper', '-', 'jurnal', '2023-06-07', '2023-06-07'),
(7, 'Produk D3TI', '-', 'produk', '2023-06-21', '2023-06-21');

-- --------------------------------------------------------

--
-- Table structure for table `d3ti_product_categories_link`
--

CREATE TABLE `d3ti_product_categories_link` (
  `product_categories_link_id` int(11) NOT NULL,
  `product_id` int(11) NOT NULL,
  `product_categories_id` int(11) NOT NULL,
  `created_at` date NOT NULL,
  `updated_at` date NOT NULL
) ENGINE=InnoDB DEFAULT CHARSET=utf8mb4 COLLATE=utf8mb4_general_ci;

--
-- Dumping data for table `d3ti_product_categories_link`
--

INSERT INTO `d3ti_product_categories_link` (`product_categories_link_id`, `product_id`, `product_categories_id`, `created_at`, `updated_at`) VALUES
(1, 3, 1, '2023-04-18', '2023-04-18'),
(2, 2, 1, '2023-04-18', '2023-04-18'),
(3, 1, 1, '2023-04-18', '2023-04-18'),
(4, 4, 1, '2023-04-18', '2023-04-18'),
(14, 14, 5, '2023-06-07', '2023-06-07'),
(15, 15, 5, '2023-06-07', '2023-06-07'),
(16, 16, 5, '2023-06-07', '2023-06-07'),
(17, 17, 5, '2023-06-07', '2023-06-07'),
(18, 18, 5, '2023-06-07', '2023-06-07'),
(19, 19, 5, '2023-06-07', '2023-06-07'),
(20, 20, 5, '2023-06-07', '2023-06-07'),
(21, 21, 5, '2023-06-07', '2023-06-07'),
(27, 25, 5, '2023-06-08', '2023-06-08'),
(28, 24, 5, '2023-06-08', '2023-06-08'),
(29, 23, 5, '2023-06-08', '2023-06-08'),
(30, 22, 5, '2023-06-08', '2023-06-08'),
(31, 13, 1, '2023-06-22', '2023-06-22'),
(32, 13, 7, '2023-06-22', '2023-06-22'),
(33, 12, 1, '2023-06-22', '2023-06-22'),
(34, 12, 7, '2023-06-22', '2023-06-22'),
(35, 11, 1, '2023-06-22', '2023-06-22'),
(36, 11, 7, '2023-06-22', '2023-06-22'),
(37, 10, 1, '2023-06-22', '2023-06-22'),
(38, 10, 7, '2023-06-22', '2023-06-22'),
(39, 9, 1, '2023-06-22', '2023-06-22'),
(40, 9, 7, '2023-06-22', '2023-06-22'),
(41, 8, 1, '2023-06-22', '2023-06-22'),
(42, 8, 7, '2023-06-22', '2023-06-22'),
(43, 7, 1, '2023-06-22', '2023-06-22'),
(44, 7, 7, '2023-06-22', '2023-06-22'),
(45, 6, 1, '2023-06-22', '2023-06-22'),
(46, 6, 7, '2023-06-22', '2023-06-22'),
(47, 5, 1, '2023-06-22', '2023-06-22'),
(48, 5, 7, '2023-06-22', '2023-06-22');

-- --------------------------------------------------------

--
-- Table structure for table `d3ti_product_comment`
--

CREATE TABLE `d3ti_product_comment` (
  `product_comment_id` int(11) NOT NULL,
  `product_id` int(11) NOT NULL,
  `product_comment_name` varchar(64) NOT NULL,
  `product_comment_email` varchar(128) NOT NULL,
  `product_comment_value` varchar(255) NOT NULL,
  `product_comment_ip` varchar(30) NOT NULL,
  `product_comment_status` enum('Pending','Approved','Rejected') NOT NULL,
  `created_at` datetime NOT NULL,
  `updated_at` datetime NOT NULL
) ENGINE=InnoDB DEFAULT CHARSET=utf8mb4 COLLATE=utf8mb4_general_ci;

-- --------------------------------------------------------

--
-- Table structure for table `d3ti_product_tags_link`
--

CREATE TABLE `d3ti_product_tags_link` (
  `product_tags_link_id` int(11) NOT NULL,
  `product_id` int(11) NOT NULL,
  `tags_id` int(11) NOT NULL,
  `created_at` date NOT NULL,
  `updated_at` date NOT NULL
) ENGINE=InnoDB DEFAULT CHARSET=utf8mb4 COLLATE=utf8mb4_general_ci;

--
-- Dumping data for table `d3ti_product_tags_link`
--

INSERT INTO `d3ti_product_tags_link` (`product_tags_link_id`, `product_id`, `tags_id`, `created_at`, `updated_at`) VALUES
(1, 3, 2, '2023-04-18', '2023-04-18'),
(2, 2, 1, '2023-04-18', '2023-04-18'),
(3, 1, 1, '2023-04-18', '2023-04-18'),
(4, 4, 1, '2023-04-18', '2023-04-18'),
(41, 14, 2, '2023-06-07', '2023-06-07'),
(42, 15, 1, '2023-06-07', '2023-06-07'),
(43, 15, 2, '2023-06-07', '2023-06-07'),
(44, 16, 1, '2023-06-07', '2023-06-07'),
(45, 16, 2, '2023-06-07', '2023-06-07'),
(46, 17, 1, '2023-06-07', '2023-06-07'),
(47, 17, 2, '2023-06-07', '2023-06-07'),
(48, 18, 1, '2023-06-07', '2023-06-07'),
(49, 19, 1, '2023-06-07', '2023-06-07'),
(50, 19, 2, '2023-06-07', '2023-06-07'),
(51, 20, 1, '2023-06-07', '2023-06-07'),
(52, 20, 2, '2023-06-07', '2023-06-07'),
(53, 21, 1, '2023-06-07', '2023-06-07'),
(54, 21, 2, '2023-06-07', '2023-06-07'),
(66, 25, 2, '2023-06-08', '2023-06-08'),
(67, 24, 1, '2023-06-08', '2023-06-08'),
(68, 24, 2, '2023-06-08', '2023-06-08'),
(69, 23, 1, '2023-06-08', '2023-06-08'),
(70, 23, 2, '2023-06-08', '2023-06-08'),
(71, 22, 1, '2023-06-08', '2023-06-08'),
(72, 22, 2, '2023-06-08', '2023-06-08'),
(73, 13, 1, '2023-06-22', '2023-06-22'),
(74, 13, 2, '2023-06-22', '2023-06-22'),
(75, 13, 3, '2023-06-22', '2023-06-22'),
(76, 13, 4, '2023-06-22', '2023-06-22'),
(77, 12, 1, '2023-06-22', '2023-06-22'),
(78, 12, 2, '2023-06-22', '2023-06-22'),
(79, 12, 3, '2023-06-22', '2023-06-22'),
(80, 12, 4, '2023-06-22', '2023-06-22'),
(81, 11, 1, '2023-06-22', '2023-06-22'),
(82, 11, 2, '2023-06-22', '2023-06-22'),
(83, 11, 3, '2023-06-22', '2023-06-22'),
(84, 11, 4, '2023-06-22', '2023-06-22'),
(85, 10, 1, '2023-06-22', '2023-06-22'),
(86, 10, 2, '2023-06-22', '2023-06-22'),
(87, 10, 3, '2023-06-22', '2023-06-22'),
(88, 10, 4, '2023-06-22', '2023-06-22'),
(89, 9, 1, '2023-06-22', '2023-06-22'),
(90, 9, 2, '2023-06-22', '2023-06-22'),
(91, 9, 3, '2023-06-22', '2023-06-22'),
(92, 9, 4, '2023-06-22', '2023-06-22'),
(93, 8, 1, '2023-06-22', '2023-06-22'),
(94, 8, 2, '2023-06-22', '2023-06-22'),
(95, 8, 3, '2023-06-22', '2023-06-22'),
(96, 8, 4, '2023-06-22', '2023-06-22'),
(97, 7, 1, '2023-06-22', '2023-06-22'),
(98, 7, 2, '2023-06-22', '2023-06-22'),
(99, 7, 3, '2023-06-22', '2023-06-22'),
(100, 7, 4, '2023-06-22', '2023-06-22'),
(101, 6, 1, '2023-06-22', '2023-06-22'),
(102, 6, 2, '2023-06-22', '2023-06-22'),
(103, 6, 3, '2023-06-22', '2023-06-22'),
(104, 6, 4, '2023-06-22', '2023-06-22'),
(105, 5, 1, '2023-06-22', '2023-06-22'),
(106, 5, 2, '2023-06-22', '2023-06-22'),
(107, 5, 3, '2023-06-22', '2023-06-22'),
(108, 5, 4, '2023-06-22', '2023-06-22');

-- --------------------------------------------------------

--
-- Table structure for table `d3ti_role`
--

CREATE TABLE `d3ti_role` (
  `role_id` int(11) NOT NULL,
  `role_name` varchar(20) NOT NULL,
  `role_description` varchar(255) NOT NULL,
  `created_at` date NOT NULL,
  `updated_at` date NOT NULL
) ENGINE=InnoDB DEFAULT CHARSET=utf8mb4 COLLATE=utf8mb4_general_ci;

--
-- Dumping data for table `d3ti_role`
--

INSERT INTO `d3ti_role` (`role_id`, `role_name`, `role_description`, `created_at`, `updated_at`) VALUES
(1, 'Superadmin', 'The top-level administrator with full control over the CMS', '2023-04-03', '2023-04-03'),
(2, 'Admin', 'Responsible for managing and moderating content and activities within the CMS', '2023-04-03', '2023-04-03'),
(3, 'Caprodi', 'Head of Study Program', '2023-04-04', '2023-04-04'),
(4, 'Head of Devision', 'Lecturer who doubles as a division of final assignments, student affairs, and industrial internships', '2023-06-14', '2023-06-14'),
(5, 'Departement Heads', 'Lecturer who doubles as head of lab, curriculum and GKM', '2023-06-14', '2023-06-14'),
(6, 'Lecturer', 'Lecturer', '2023-04-04', '2023-04-04'),
(7, 'Organization', 'Represents a student group or organization on campus', '2023-04-04', '2023-04-04');

-- --------------------------------------------------------

--
-- Table structure for table `d3ti_role_permission`
--

CREATE TABLE `d3ti_role_permission` (
  `role_permission_id` int(11) NOT NULL,
  `role_permission_name` enum('access_post','write_post','publish_post','delete_post','review_post','access_event','write_event','publish_event','delete_event','review_event','access_product','write_product','publish_product','delete_product','review_product','access_user','add_user','edit_user') NOT NULL,
  `role_id` int(11) NOT NULL,
  `role_permission_is_granted` enum('0','1') NOT NULL,
  `created_at` date DEFAULT NULL,
  `updated_at` date DEFAULT NULL
) ENGINE=InnoDB DEFAULT CHARSET=utf8mb4 COLLATE=utf8mb4_general_ci;

--
-- Dumping data for table `d3ti_role_permission`
--

INSERT INTO `d3ti_role_permission` (`role_permission_id`, `role_permission_name`, `role_id`, `role_permission_is_granted`, `created_at`, `updated_at`) VALUES
(1, 'access_post', 1, '1', '2023-04-04', '2023-04-04'),
(2, 'write_post', 1, '1', '2023-04-04', '2023-04-04'),
(3, 'publish_post', 1, '1', '2023-04-04', '2023-04-04'),
(4, 'delete_post', 1, '1', '2023-04-04', '2023-04-04'),
(5, 'review_post', 1, '1', '2023-04-04', '2023-04-04'),
(6, 'access_event', 1, '1', '2023-04-04', '2023-04-04'),
(7, 'write_event', 1, '1', '2023-04-04', '2023-04-04'),
(8, 'publish_event', 1, '1', '2023-04-04', '2023-04-04'),
(9, 'delete_event', 1, '1', '2023-04-04', '2023-04-04'),
(10, 'review_event', 1, '1', '2023-04-04', '2023-04-04'),
(11, 'access_product', 1, '1', '2023-04-04', '2023-04-04'),
(12, 'write_product', 1, '1', '2023-04-04', '2023-04-04'),
(13, 'publish_product', 1, '1', '2023-04-04', '2023-04-04'),
(14, 'delete_product', 1, '1', '2023-04-04', '2023-04-04'),
(15, 'review_product', 1, '1', '2023-04-04', '2023-04-04'),
(16, 'access_user', 1, '1', '2023-04-04', '2023-04-04'),
(17, 'add_user', 1, '1', '2023-04-04', '2023-04-04'),
(18, 'access_post', 2, '1', '2023-04-04', '2023-04-04'),
(19, 'write_post', 2, '1', '2023-04-04', '2023-04-04'),
(20, 'publish_post', 2, '1', '2023-04-04', '2023-04-04'),
(21, 'delete_post', 2, '1', '2023-04-04', '2023-04-04'),
(22, 'review_post', 2, '1', '2023-04-04', '2023-04-04'),
(23, 'access_event', 2, '1', '2023-04-04', '2023-04-04'),
(24, 'write_event', 2, '1', '2023-04-04', '2023-04-04'),
(25, 'publish_event', 2, '1', '2023-04-04', '2023-04-04'),
(26, 'delete_event', 2, '1', '2023-04-04', '2023-04-04'),
(27, 'review_event', 2, '1', '2023-04-04', '2023-04-04'),
(28, 'access_product', 2, '1', '2023-04-04', '2023-04-04'),
(29, 'write_product', 2, '1', '2023-04-04', '2023-04-04'),
(30, 'publish_product', 2, '1', '2023-04-04', '2023-04-04'),
(31, 'delete_product', 2, '1', '2023-04-04', '2023-04-04'),
(32, 'review_product', 2, '1', '2023-04-04', '2023-04-04'),
(33, 'access_user', 2, '0', '2023-04-04', '2023-04-04'),
(34, 'add_user', 2, '0', '2023-04-04', '2023-04-04'),
(35, 'access_post', 3, '1', '2023-04-04', '2023-04-04'),
(36, 'write_post', 3, '1', '2023-04-04', '2023-04-04'),
(37, 'publish_post', 3, '1', '2023-04-04', '2023-04-04'),
(38, 'delete_post', 3, '0', '2023-04-04', '2023-04-04'),
(39, 'review_post', 3, '0', '2023-04-04', '2023-04-04'),
(40, 'access_event', 3, '1', '2023-04-04', '2023-04-04'),
(41, 'write_event', 3, '1', '2023-04-04', '2023-04-04'),
(42, 'publish_event', 3, '1', '2023-04-04', '2023-04-04'),
(43, 'delete_event', 3, '0', '2023-04-04', '2023-04-04'),
(44, 'review_event', 3, '0', '2023-04-04', '2023-04-04'),
(45, 'access_product', 3, '1', '2023-04-04', '2023-04-04'),
(46, 'write_product', 3, '1', '2023-04-04', '2023-04-04'),
(47, 'publish_product', 3, '1', '2023-04-04', '2023-04-04'),
(48, 'delete_product', 3, '0', '2023-04-04', '2023-04-04'),
(49, 'review_product', 3, '0', '2023-04-04', '2023-04-04'),
(50, 'access_user', 3, '0', '2023-04-04', '2023-04-04'),
(51, 'add_user', 3, '0', '2023-04-04', '2023-04-04'),
(52, 'access_post', 6, '1', '2023-04-04', '2023-04-04'),
(53, 'write_post', 6, '1', '2023-04-04', '2023-04-04'),
(54, 'publish_post', 6, '0', '2023-04-04', '2023-04-04'),
(55, 'delete_post', 6, '0', '2023-04-04', '2023-04-04'),
(56, 'review_post', 6, '0', '2023-04-04', '2023-04-04'),
(57, 'access_event', 6, '1', '2023-04-04', '2023-04-04'),
(58, 'write_event', 6, '1', '2023-04-04', '2023-04-04'),
(59, 'publish_event', 6, '0', '2023-04-04', '2023-04-04'),
(60, 'delete_event', 6, '0', '2023-04-04', '2023-04-04'),
(61, 'review_event', 6, '0', '2023-04-04', '2023-04-04'),
(62, 'access_product', 6, '1', '2023-04-04', '2023-04-04'),
(63, 'write_product', 6, '1', '2023-04-04', '2023-04-04'),
(64, 'publish_product', 6, '0', '2023-04-04', '2023-04-04'),
(65, 'delete_product', 6, '0', '2023-04-04', '2023-04-04'),
(66, 'review_product', 6, '0', '2023-04-04', '2023-04-04'),
(67, 'access_user', 6, '0', '2023-04-04', '2023-04-04'),
(68, 'add_user', 6, '0', '2023-04-04', '2023-04-04'),
(69, 'access_post', 7, '1', '2023-04-04', '2023-04-04'),
(70, 'write_post', 7, '1', '2023-04-04', '2023-04-04'),
(71, 'publish_post', 7, '0', '2023-04-04', '2023-04-04'),
(72, 'delete_post', 7, '0', '2023-04-04', '2023-04-04'),
(73, 'review_post', 7, '0', '2023-04-04', '2023-04-04'),
(74, 'access_event', 7, '1', '2023-04-04', '2023-04-04'),
(75, 'write_event', 7, '1', '2023-04-04', '2023-04-04'),
(76, 'publish_event', 7, '0', '2023-04-04', '2023-04-04'),
(77, 'delete_event', 7, '0', '2023-04-04', '2023-04-04'),
(78, 'review_event', 7, '0', '2023-04-04', '2023-04-04'),
(79, 'access_product', 7, '0', '2023-04-04', '2023-04-04'),
(80, 'write_product', 7, '0', '2023-04-04', '2023-04-04'),
(81, 'publish_product', 7, '0', '2023-04-04', '2023-04-04'),
(82, 'delete_product', 7, '0', '2023-04-04', '2023-04-04'),
(83, 'review_product', 7, '0', '2023-04-04', '2023-04-04'),
(84, 'access_user', 7, '0', '2023-04-04', '2023-04-04'),
(85, 'add_user', 7, '0', '2023-04-04', '2023-04-04'),
(86, 'edit_user', 1, '1', NULL, NULL),
(87, 'edit_user', 2, '1', NULL, NULL),
(88, 'edit_user', 3, '0', NULL, NULL),
(89, 'edit_user', 6, '0', NULL, NULL),
(90, 'edit_user', 7, '0', NULL, NULL),
(97, 'access_post', 5, '1', NULL, NULL),
(98, 'write_post', 5, '1', NULL, NULL),
(99, 'publish_post', 5, '0', NULL, NULL),
(100, 'delete_post', 5, '0', NULL, NULL),
(101, 'review_post', 5, '0', NULL, NULL),
(102, 'access_event', 5, '1', NULL, NULL),
(103, 'write_event', 5, '1', NULL, NULL),
(104, 'publish_event', 5, '0', NULL, NULL),
(105, 'delete_event', 5, '0', NULL, NULL),
(106, 'review_event', 5, '0', NULL, NULL),
(107, 'access_product', 5, '1', NULL, NULL),
(108, 'write_product', 5, '1', NULL, NULL),
(109, 'publish_product', 5, '0', NULL, NULL),
(110, 'delete_product', 5, '0', NULL, NULL),
(111, 'review_product', 5, '0', NULL, NULL),
(112, 'access_user', 5, '0', NULL, NULL),
(113, 'add_user', 5, '0', NULL, NULL),
(114, 'edit_user', 5, '1', NULL, NULL),
(115, 'access_post', 4, '1', NULL, NULL),
(116, 'write_post', 4, '1', NULL, NULL),
(117, 'publish_post', 4, '1', NULL, NULL),
(118, 'delete_post', 4, '1', NULL, NULL),
(119, 'review_post', 4, '1', NULL, NULL),
(120, 'access_event', 4, '1', NULL, NULL),
(121, 'write_event', 4, '1', NULL, NULL),
(122, 'publish_event', 4, '1', NULL, NULL),
(123, 'delete_event', 4, '1', NULL, NULL),
(124, 'review_event', 4, '1', NULL, NULL),
(125, 'access_product', 4, '1', NULL, NULL),
(126, 'write_product', 4, '1', NULL, NULL),
(127, 'publish_product', 4, '1', NULL, NULL),
(128, 'delete_product', 4, '1', NULL, NULL),
(129, 'review_product', 4, '1', NULL, NULL),
(130, 'access_user', 4, '1', NULL, NULL),
(131, 'add_user', 4, '1', NULL, NULL),
(132, 'edit_user', 4, '1', NULL, NULL);

-- --------------------------------------------------------

--
-- Table structure for table `d3ti_tags`
--

CREATE TABLE `d3ti_tags` (
  `tags_id` int(11) NOT NULL,
  `tags_name` varchar(32) NOT NULL,
  `tags_description` varchar(255) NOT NULL,
  `created_at` date NOT NULL,
  `updated_at` date NOT NULL
) ENGINE=InnoDB DEFAULT CHARSET=utf8mb4 COLLATE=utf8mb4_general_ci;

--
-- Dumping data for table `d3ti_tags`
--

INSERT INTO `d3ti_tags` (`tags_id`, `tags_name`, `tags_description`, `created_at`, `updated_at`) VALUES
(1, 'D3TI', '-', '2023-03-30', '2023-04-11'),
(2, 'Teknik Infomartika', '-', '2023-03-30', '2023-03-30'),
(3, 'Universitas Sebelas Maret', '-', '2023-04-02', '2023-04-02'),
(4, 'Diploma', '-', '2023-04-02', '2023-04-11');

-- --------------------------------------------------------

--
-- Table structure for table `d3ti_user`
--

CREATE TABLE `d3ti_user` (
  `user_id` int(11) NOT NULL,
  `user_name` varchar(64) NOT NULL,
  `user_username` varchar(32) NOT NULL,
  `user_email` varchar(64) NOT NULL,
  `password` varchar(255) NOT NULL,
  `user_bio` varchar(255) NOT NULL,
  `user_phone` varchar(20) NOT NULL,
  `user_role` int(11) NOT NULL,
  `user_picture` varchar(255) DEFAULT NULL,
  `created_at` date NOT NULL,
  `updated_at` date NOT NULL
) ENGINE=InnoDB DEFAULT CHARSET=utf8mb4 COLLATE=utf8mb4_general_ci;

--
-- Dumping data for table `d3ti_user`
--

INSERT INTO `d3ti_user` (`user_id`, `user_name`, `user_username`, `user_email`, `password`, `user_bio`, `user_phone`, `user_role`, `user_picture`, `created_at`, `updated_at`) VALUES
(1, 'Fitrah Firdaus', 'chirush', 'fitrahf87@gmail.com', '$2y$10$Hix5Dldxw.67kPK.ivl2YOE7EdRJ6HeyjmwtBJQ4DWxKd6LdBcdHS', 'Mahasiswa D3 Teknik Informatika Semester 4', '089501027942', 1, '605c1af7-22ec-4de6-825a-d3bd95a29b80.jpeg', '2023-04-02', '2023-06-22'),
(2, 'Kheichiro', 'kheichiro', 'kheichiro@gmail.com', '$2y$10$dZOar/8PWWJu48UL41HOoOxEkE1XlGN/hxp1pPNsqvq1L83TXos.u', '-', '089501027942', 2, '3bd3a6b9-a7ab-41c2-b4ca-dd2af9a65abe.jpeg', '2023-04-02', '2023-06-07'),
(3, 'Humas D3TI-UNS', 'humasd3ti', 'humasd3ti@uns.ac.id', '$2y$10$rSvcLQsUHgTEKTp6/cjfQexpysus7u4Fvm7vhdemyNdhoharnkvJK', '-', '0', 1, NULL, '2023-04-11', '2023-04-11'),
(4, 'Eko Harry Pratisto, S.T., M.Info.Tech., Ph.D.', 'ekoharry', 'ekoharry@staff.uns.ac.id', '$2y$10$6pJS3M7wzxjDhYpEJ3QQ4.BwkWhUpkWU0B0ddydOSz6AOJ7p4CZcG', '-', '0', 3, '42bb80a8-6c57-4ae6-ab67-b0819e93b0d6.jpeg', '2023-06-07', '2023-06-22'),
(5, 'Deandra Falih Andito', 'dean', 'fandraandito@gmail.com', '$2y$10$EQgU/wtgYOW5sew/yuQQge1hRgrEQgKdnOqNFqP23LtW8I9xZn.L.', '-', '085123456789', 1, 'd3977016-ffb4-431e-a426-0f981dbb943a.jpeg', '2023-05-31', '2023-06-08'),
(6, 'Hartatik, S.Si., M.Si.', 'hartatik119', 'hartatik119@staff.uns.ac.id', '$2y$10$MZYbuJTqh.yd6L.rWL/LNeorioPBNmZVl97FEJtri/QUWjgDgXIma', '-', '0', 6, 'e05b1a0e-27f3-42c3-ab0b-1a5f6e7438ef.jpeg', '2023-06-07', '2023-06-07'),
(7, 'Ikhsan Habbibu Rochman', 'icun', 'cahtempen@gmail.com', '$2y$10$nKn23HsQxPXvie9FRqpGIOFsLIEF2LqwRd3SY7WkAughLZcX/Utwm', '-', '085876042008', 1, NULL, '2023-06-07', '2023-06-07'),
(8, 'Mohammad Asrie Safi’i S.Si., M.Kom.', 'safiie99', 'safiie99@staff.uns.ac.id', '$2y$10$C2DiK7TAWKdQ7/NzFQ7c4uz0NTvqCQ59SSAUlc9FhHvix5OoDqnOO', '-', '0', 5, '78b4b5d1-af3d-49c2-b253-88230ab98ea5.jpeg', '2023-06-07', '2023-06-14'),
(9, 'Abdul Aziz, S.Kom., M.Cs.', 'aaziz', 'aaziz@staff.uns.ac.id', '$2y$10$mxX2SYMhitdbkWpBOGfZ2.tWI4dUAt1BZVHRbP8YkeuA203WvuIb.', '-', '0', 6, 'f97a82ba-fba6-4311-a46e-18da79500cba.jpeg', '2023-06-07', '2023-06-07'),
(10, 'Fendi Aji Purnomo, S.SI., M.Eng.', 'fendi_aji', 'fendi_aji@staff.uns.ac.id', '$2y$10$SR8rk4s.5703.Xdq1gtwYOGUs9XCHpHoYqpfVJI86.X4sQcdJnlEO', '-', '0', 6, 'd1610250-8e63-4af2-b8fe-86bcc87e0afb.jpeg', '2023-06-07', '2023-06-07'),
(11, 'Rudi Hartono, S.Si., M.Eng.', 'rudi.hartono', 'rudi.hartono@staff.uns.ac.id', '$2y$10$P2TSbJSuG6S94NVgnBnVN.5vcIg.nEWvWNV0XcCcMTtFvNggBIYQC', '-', '0', 6, 'a3133bda-a8f6-4806-b32d-8c686963c5cf.jpeg', '2023-06-07', '2023-06-07'),
(13, 'Berliana Kusuma Riasti, S.T., M.Eng.', 'berliana', 'berliana@staff.uns.ac.id', '$2y$10$TJrQXMtU3bypquMPKrBH1.9XuZCyFX9F9hYHAIiLQ8a7qgh2J2dma', '-', '0', 6, '24d87b42-0137-4d9b-9099-360b91322138.jpeg', '2023-06-07', '2023-06-07'),
(14, 'Agus Purbayu, S.Si.,M.Kom.', 'bayoe', 'bayoe@staff.uns.ac.id', '$2y$10$Pb6JGn0oGHjJ6oVvILZnOuQ7qz5Cybq4tx2XiedLenuWygTxXhFwi', '-', '0', 4, '80cfdb7e-9218-41dc-b745-50a31be583a0.jpeg', '2023-06-07', '2023-06-14'),
(15, 'Sahirul Alim Tri Bawono, S.Kom., M.Eng.', 'sahirul', 'sahirul@staff.uns.ac.id', '$2y$10$krls9xeDedUPpl/Wc.8vEeSaJqSpUV1W43u.wbwsYo069I4PpBj2q', '-', '0', 6, '6973d2ee-e799-4a26-a8f1-c23cfe14aed2.jpeg', '2023-06-07', '2023-06-07'),
(16, 'Nanang Maulana Yoeseph, S.Si., M.Cs.', 'nanang.my', 'nanang.my@staff.uns.ac.id', '$2y$10$0EAnMaoST4eSjyaUM/z3TeyqOlf62WZQK/SqTb3YAPoeE0yEzKlKC', '-', '0', 5, 'b2835172-89a2-4a7c-8194-89a943c14c0f.jpeg', '2023-06-07', '2023-06-14'),
(17, 'Ovide Decroly Wisnu Ardhi, S.T., M.Eng.', 'ovide', 'ovide@staff.uns.ac.id', '$2y$10$Vt/BZairvtWmNvZajl57peTRoxCWcBf0jyGgpgIRmh8HEY0wkzh0G', '-', '0', 6, 'daf0662c-c48c-467a-862b-defe6c1682d0.jpeg', '2023-06-07', '2023-06-07'),
(19, 'Yudho Yudhanto, S.Kom., M.Kom.', 'yyudhanto', 'yyudhanto@staff.uns.ac.id', '$2y$10$71BypmpCPnGSOaOH5OAsvOIT9LtakMkSSdQlv9GZu/KBr.NUzUTQi', '-', '0', 6, 'b794d5bc-843c-4aff-9b7b-1e78aa9f250e.jpeg', '2023-06-07', '2023-06-07'),
(20, 'Nurul Firdaus, S.Kom., M.Info.Tech.', 'nurul.firdaus', 'nurul.firdaus@staff.uns.ac.id', '$2y$10$JX./w1tFCCPQdBUbQMGD5eQDwRvbnXHv98q7CpAA5arQ.NbFEhfYW', '-', '0', 5, '9ba8484b-b3fd-4230-81f0-ad83daa9955c.jpeg', '2023-06-07', '2023-06-14'),
(21, 'Fiddin Yusfida A’La, S.T., M.Eng.', 'fiddin', 'fiddin@staff.uns.ac.id', '$2y$10$lpzK.IxrRjB4Jynd1hNW/eHAilGMjcR9O2B47MN4y.NgKS.R7CjRS', '-', '0', 4, '3e6e3a7e-60e5-40af-9862-191ca76c6df2.jpeg', '2023-06-07', '2023-06-14'),
(22, 'Taufiqurrakhman Nur Hidayat, S.Kom., M.Cs.', 'taufiqurrakhman.nh', 'taufiqurrakhman.nh@staff.uns.ac.id', '$2y$10$hFiza.0yP7lUH7OqQmu/cOxUT8S5mCq2/gHtpQeyDybL6.3i7d49m', '-', '0', 4, 'ffed68be-652a-44a6-9ab7-7aaf1d124f85.jpeg', '2023-06-07', '2023-06-14'),
(23, 'Mohamad Wijdan Arif', 'wijdan', 'mohamadwijdan@student.uns.ac.id', '$2y$10$.TGB4euY2X8Htr3PCFWU7O.c8z6om3cQJiSFN8YetPLwdJuOCSCYu', '-', '0', 1, NULL, '2023-06-08', '2023-06-08');

-- --------------------------------------------------------

--
-- Table structure for table `d3ti_youtube`
--

CREATE TABLE `d3ti_youtube` (
  `youtube_id` int(11) NOT NULL,
  `youtube_video_id` varchar(255) NOT NULL,
  `youtube_title` varchar(255) NOT NULL,
  `youtube_show` enum('0','1') NOT NULL,
  `created_at` date NOT NULL,
  `updated_at` date NOT NULL
) ENGINE=InnoDB DEFAULT CHARSET=utf8mb4 COLLATE=utf8mb4_general_ci;

--
-- Dumping data for table `d3ti_youtube`
--

INSERT INTO `d3ti_youtube` (`youtube_id`, `youtube_video_id`, `youtube_title`, `youtube_show`, `created_at`, `updated_at`) VALUES
(1, '6kJskfqDvpI', 'BINCANG PRAKTISI IT 2020 SEASON #3', '1', '2023-05-17', '2023-05-17'),
(2, 'k2aLyRgFI1M', 'SIF 2020 - Seminar IT Nasional Data Science &quot;Career Tracks in Becoming Data Scientist Nowdays&quot;', '1', '2023-05-17', '2023-05-17'),
(3, '6hZ41vKjqhQ', 'SIF 2020 - Seminar IT Nasional Digital Design &quot;Freelancing in Digital Design&amp;Generating Creativity&quot;', '1', '2023-05-17', '2023-05-17'),
(4, 'adhqTNOue4U', 'SIF 2020 - Seminar IT Nasional Software Engineering &quot;Studi Abroad Software Engineering Life-Cycle&quot;', '1', '2023-05-17', '2023-05-17'),
(5, '0Ns8OveuxaU', 'SIF 2020 - Seminar IT Nasional Game Development &quot;Introducing to Game Development&quot;', '1', '2023-05-17', '2023-05-17'),
(6, 'NKR5rMiZuZE', 'SIF 2020 - Workshop IT Nasional Game Development &quot;Introducing to Game Development&quot;', '1', '2023-05-17', '2023-05-17'),
(7, 'T58fVrIcin0', 'SIF 2020 - Kupas Tuntas &amp; Review Produk #1', '1', '2023-05-17', '2023-05-17'),
(8, 'bRydc2AArIk', 'SIF 2020 - Kupas Tuntas &amp; Review Produk #2', '1', '2023-05-17', '2023-05-17'),
(9, '-XS0lu2WodY', 'SIF 2020 - Webinar: &quot;Create Your Own Personal Branding With Linkedin&quot;', '1', '2023-05-17', '2023-05-17'),
(10, '9lWW-Q4g57U', 'prodi D3TI bersinergi dengan IDUKA menuju prestasi internasional', '1', '2023-05-17', '2023-05-17'),
(11, 'u3SNFb268jY', 'Kuliah Industri dan Peluang Beasiswa PT. SPE &quot;“Modern Android App Architecture”.&quot;', '1', '2023-05-17', '2023-06-13'),
(12, 'Geq8Um267eI', 'Workshop on Writing and Publishing Scientific Articles in International Conference', '1', '2023-05-17', '2023-06-13'),
(13, 'rgx7Iabzn68', 'APICS 2022 UNS - Day 1', '1', '2023-05-17', '2023-06-13'),
(14, 'bCLQsTzWLpM', 'APICS 2022 UNS  - Day 2  -  Session 1', '1', '2023-05-17', '2023-06-13'),
(15, 'NrhK7OB2Fxg', 'APICS 2022 Day 2 - Session 2', '1', '2023-05-17', '2023-05-17'),
(16, '5nLQr1PEjjE', 'APICS International Conference (23-24 August, 2022)', '1', '2023-05-17', '2023-06-13'),
(17, 'WkTFBpQj21k', 'Video Profil Program Studi D3 Teknik Informatika (D3TI) Sekolah Vokasi (SV) UNS', '1', '2023-05-17', '2023-05-17'),
(18, 'dYBd7VKmpFk', 'Red Hat Academy with D3 Teknik Informatika UNS 2022', '1', '2023-05-17', '2023-05-17'),
(19, 'NnDARAA9Fbk', 'D3TI with LPPM UNS di INARI Expo 2022 BRIN', '1', '2023-05-17', '2023-05-17'),
(20, 'Rv3Nj4x-WJ4', '(WEBINAR NASIONAL) Implementasi Kurikulum Berbasis IDUKA by Ibu Hartatik, S.Si, M.Si, M.Kom -', '1', '2023-05-17', '2023-06-21');

-- --------------------------------------------------------

--
-- Table structure for table `personal_access_tokens`
--

CREATE TABLE `personal_access_tokens` (
  `id` bigint(20) UNSIGNED NOT NULL,
  `tokenable_type` varchar(255) NOT NULL,
  `tokenable_id` bigint(20) UNSIGNED NOT NULL,
  `name` varchar(255) NOT NULL,
  `token` varchar(64) NOT NULL,
  `abilities` text DEFAULT NULL,
  `last_used_at` timestamp NULL DEFAULT NULL,
  `expires_at` timestamp NULL DEFAULT NULL,
  `created_at` timestamp NULL DEFAULT NULL,
  `updated_at` timestamp NULL DEFAULT NULL
) ENGINE=InnoDB DEFAULT CHARSET=utf8mb4 COLLATE=utf8mb4_unicode_ci;

--
-- Dumping data for table `personal_access_tokens`
--

INSERT INTO `personal_access_tokens` (`id`, `tokenable_type`, `tokenable_id`, `name`, `token`, `abilities`, `last_used_at`, `expires_at`, `created_at`, `updated_at`) VALUES
(88, 'App\\Models\\User', 2, 'Token Sanctum', '83bef8769212f78c086f90fbab8d3470505b28a1c4b379396d0f06d2d711ea4f', '[\"*\"]', '2023-05-06 15:52:17', NULL, '2023-05-06 15:52:12', '2023-05-06 15:52:17'),
(93, 'App\\Models\\User', 4, 'Token Sanctum', 'c2e1e25a1c91b184b236ac200091509e21b847a163dc664e9f431639a3ea5754', '[\"*\"]', '2023-05-12 19:39:23', NULL, '2023-05-12 19:37:56', '2023-05-12 19:39:23'),
(183, 'App\\Models\\User', 1000, 'Token Sanctum', 'f2f6f4664a1785a39a8881a918dab5c258dccc627ed9263ec80f6fdc0166e228', '[\"*\"]', '2023-06-08 00:17:07', NULL, '2023-06-08 00:16:40', '2023-06-08 00:17:07'),
(189, 'App\\Models\\User', 3, 'Token Sanctum', '449b6061837c6abc157ed280cc81ec6979a7b0fcbecd6e7618140e1f3294d00d', '[\"*\"]', '2023-06-10 08:30:57', NULL, '2023-06-10 08:30:42', '2023-06-10 08:30:57'),
(224, 'App\\Models\\User', 23, 'Token Sanctum', '919a74158362f50ae020a7b92c20f98b6e68abc64a842ddaa94d7a4da2ff5e10', '[\"*\"]', '2023-06-21 23:50:23', NULL, '2023-06-21 23:50:15', '2023-06-21 23:50:23'),
(226, 'App\\Models\\User', 1, 'Token Sanctum', 'a9080a7cf071d7dfca37c563dd17d6798a975d83c8ec5aeb2687abe1748b521e', '[\"*\"]', '2023-06-22 02:39:41', NULL, '2023-06-22 02:39:37', '2023-06-22 02:39:41'),
(227, 'App\\Models\\User', 7, 'Token Sanctum', 'edf1d1032ec5cba0099f91c14738025607ccd8cafbe885ab03e1275b6c3cdf7c', '[\"*\"]', '2023-06-22 03:30:06', NULL, '2023-06-22 03:30:05', '2023-06-22 03:30:06'),
(228, 'App\\Models\\User', 5, 'Token Sanctum', '62fc8092b3d1f6e4fd47cf325e3a20c6a8693fb6a57b59d8379f93300de4236f', '[\"*\"]', '2023-06-22 06:55:06', NULL, '2023-06-22 04:41:40', '2023-06-22 06:55:06');

--
-- Indexes for dumped tables
--

--
-- Indexes for table `d3ti_daily_view`
--
ALTER TABLE `d3ti_daily_view`
  ADD PRIMARY KEY (`daily_view_id`);

--
-- Indexes for table `d3ti_event`
--
ALTER TABLE `d3ti_event`
  ADD PRIMARY KEY (`event_id`),
  ADD UNIQUE KEY `post_link` (`event_link`),
  ADD KEY `post_author` (`event_author`);

--
-- Indexes for table `d3ti_event_comment`
--
ALTER TABLE `d3ti_event_comment`
  ADD PRIMARY KEY (`event_comment_id`),
  ADD KEY `event_id` (`event_id`);

--
-- Indexes for table `d3ti_event_tags_link`
--
ALTER TABLE `d3ti_event_tags_link`
  ADD PRIMARY KEY (`event_tags_link_id`),
  ADD KEY `tags_id` (`tags_id`),
  ADD KEY `event_id` (`event_id`);

--
-- Indexes for table `d3ti_options`
--
ALTER TABLE `d3ti_options`
  ADD PRIMARY KEY (`d3ti_options_id`);

--
-- Indexes for table `d3ti_post`
--
ALTER TABLE `d3ti_post`
  ADD PRIMARY KEY (`post_id`),
  ADD UNIQUE KEY `post_link` (`post_link`),
  ADD KEY `post_author` (`post_author`);

--
-- Indexes for table `d3ti_post_categories`
--
ALTER TABLE `d3ti_post_categories`
  ADD PRIMARY KEY (`post_categories_id`);

--
-- Indexes for table `d3ti_post_categories_link`
--
ALTER TABLE `d3ti_post_categories_link`
  ADD PRIMARY KEY (`post_categories_link_id`),
  ADD KEY `d3ti_post_categories_link_ibfk_1` (`post_categories_id`),
  ADD KEY `d3ti_post_categories_link_ibfk_2` (`post_id`);

--
-- Indexes for table `d3ti_post_comment`
--
ALTER TABLE `d3ti_post_comment`
  ADD PRIMARY KEY (`post_comment_id`),
  ADD KEY `post_id` (`post_id`);

--
-- Indexes for table `d3ti_post_tags_link`
--
ALTER TABLE `d3ti_post_tags_link`
  ADD PRIMARY KEY (`post_tags_link_id`),
  ADD KEY `post_id` (`post_id`),
  ADD KEY `post_tags_id` (`tags_id`);

--
-- Indexes for table `d3ti_product`
--
ALTER TABLE `d3ti_product`
  ADD PRIMARY KEY (`product_id`),
  ADD UNIQUE KEY `product_link` (`product_link`),
  ADD KEY `product_author` (`product_author`);

--
-- Indexes for table `d3ti_product_categories`
--
ALTER TABLE `d3ti_product_categories`
  ADD PRIMARY KEY (`product_categories_id`);

--
-- Indexes for table `d3ti_product_categories_link`
--
ALTER TABLE `d3ti_product_categories_link`
  ADD PRIMARY KEY (`product_categories_link_id`),
  ADD KEY `d3ti_post_categories_link_ibfk_1` (`product_categories_id`),
  ADD KEY `product_id` (`product_id`);

--
-- Indexes for table `d3ti_product_comment`
--
ALTER TABLE `d3ti_product_comment`
  ADD PRIMARY KEY (`product_comment_id`),
  ADD KEY `post_id` (`product_id`);

--
-- Indexes for table `d3ti_product_tags_link`
--
ALTER TABLE `d3ti_product_tags_link`
  ADD PRIMARY KEY (`product_tags_link_id`),
  ADD KEY `product_id` (`product_id`),
  ADD KEY `tags_id` (`tags_id`);

--
-- Indexes for table `d3ti_role`
--
ALTER TABLE `d3ti_role`
  ADD PRIMARY KEY (`role_id`);

--
-- Indexes for table `d3ti_role_permission`
--
ALTER TABLE `d3ti_role_permission`
  ADD PRIMARY KEY (`role_permission_id`),
  ADD KEY `d3ti_role_permission_ibfk_1` (`role_id`),
  ADD KEY `role_id` (`role_id`);

--
-- Indexes for table `d3ti_tags`
--
ALTER TABLE `d3ti_tags`
  ADD PRIMARY KEY (`tags_id`);

--
-- Indexes for table `d3ti_user`
--
ALTER TABLE `d3ti_user`
  ADD PRIMARY KEY (`user_id`),
  ADD KEY `user_role` (`user_role`),
  ADD KEY `user_name` (`user_name`);

--
-- Indexes for table `d3ti_youtube`
--
ALTER TABLE `d3ti_youtube`
  ADD PRIMARY KEY (`youtube_id`);

--
-- Indexes for table `personal_access_tokens`
--
ALTER TABLE `personal_access_tokens`
  ADD PRIMARY KEY (`id`),
  ADD UNIQUE KEY `personal_access_tokens_token_unique` (`token`),
  ADD KEY `personal_access_tokens_tokenable_type_tokenable_id_index` (`tokenable_type`,`tokenable_id`);

--
-- AUTO_INCREMENT for dumped tables
--

--
-- AUTO_INCREMENT for table `d3ti_daily_view`
--
ALTER TABLE `d3ti_daily_view`
  MODIFY `daily_view_id` int(11) NOT NULL AUTO_INCREMENT, AUTO_INCREMENT=26;

--
-- AUTO_INCREMENT for table `d3ti_event`
--
ALTER TABLE `d3ti_event`
  MODIFY `event_id` int(11) NOT NULL AUTO_INCREMENT, AUTO_INCREMENT=35;

--
-- AUTO_INCREMENT for table `d3ti_event_comment`
--
ALTER TABLE `d3ti_event_comment`
  MODIFY `event_comment_id` int(11) NOT NULL AUTO_INCREMENT, AUTO_INCREMENT=7;

--
-- AUTO_INCREMENT for table `d3ti_event_tags_link`
--
ALTER TABLE `d3ti_event_tags_link`
  MODIFY `event_tags_link_id` int(11) NOT NULL AUTO_INCREMENT, AUTO_INCREMENT=128;

--
-- AUTO_INCREMENT for table `d3ti_options`
--
ALTER TABLE `d3ti_options`
  MODIFY `d3ti_options_id` int(11) NOT NULL AUTO_INCREMENT, AUTO_INCREMENT=7;

--
-- AUTO_INCREMENT for table `d3ti_post`
--
ALTER TABLE `d3ti_post`
  MODIFY `post_id` int(11) NOT NULL AUTO_INCREMENT, AUTO_INCREMENT=120;

--
-- AUTO_INCREMENT for table `d3ti_post_categories`
--
ALTER TABLE `d3ti_post_categories`
  MODIFY `post_categories_id` int(11) NOT NULL AUTO_INCREMENT, AUTO_INCREMENT=33;

--
-- AUTO_INCREMENT for table `d3ti_post_categories_link`
--
ALTER TABLE `d3ti_post_categories_link`
  MODIFY `post_categories_link_id` int(11) NOT NULL AUTO_INCREMENT, AUTO_INCREMENT=521;

--
-- AUTO_INCREMENT for table `d3ti_post_comment`
--
ALTER TABLE `d3ti_post_comment`
  MODIFY `post_comment_id` int(11) NOT NULL AUTO_INCREMENT, AUTO_INCREMENT=14;

--
-- AUTO_INCREMENT for table `d3ti_post_tags_link`
--
ALTER TABLE `d3ti_post_tags_link`
  MODIFY `post_tags_link_id` int(11) NOT NULL AUTO_INCREMENT, AUTO_INCREMENT=690;

--
-- AUTO_INCREMENT for table `d3ti_product`
--
ALTER TABLE `d3ti_product`
  MODIFY `product_id` int(11) NOT NULL AUTO_INCREMENT, AUTO_INCREMENT=26;

--
-- AUTO_INCREMENT for table `d3ti_product_categories`
--
ALTER TABLE `d3ti_product_categories`
  MODIFY `product_categories_id` int(11) NOT NULL AUTO_INCREMENT, AUTO_INCREMENT=8;

--
-- AUTO_INCREMENT for table `d3ti_product_categories_link`
--
ALTER TABLE `d3ti_product_categories_link`
  MODIFY `product_categories_link_id` int(11) NOT NULL AUTO_INCREMENT, AUTO_INCREMENT=49;

--
-- AUTO_INCREMENT for table `d3ti_product_comment`
--
ALTER TABLE `d3ti_product_comment`
  MODIFY `product_comment_id` int(11) NOT NULL AUTO_INCREMENT, AUTO_INCREMENT=6;

--
-- AUTO_INCREMENT for table `d3ti_product_tags_link`
--
ALTER TABLE `d3ti_product_tags_link`
  MODIFY `product_tags_link_id` int(11) NOT NULL AUTO_INCREMENT, AUTO_INCREMENT=109;

--
-- AUTO_INCREMENT for table `d3ti_role`
--
ALTER TABLE `d3ti_role`
  MODIFY `role_id` int(11) NOT NULL AUTO_INCREMENT, AUTO_INCREMENT=80;

--
-- AUTO_INCREMENT for table `d3ti_role_permission`
--
ALTER TABLE `d3ti_role_permission`
  MODIFY `role_permission_id` int(11) NOT NULL AUTO_INCREMENT, AUTO_INCREMENT=133;

--
-- AUTO_INCREMENT for table `d3ti_tags`
--
ALTER TABLE `d3ti_tags`
  MODIFY `tags_id` int(11) NOT NULL AUTO_INCREMENT, AUTO_INCREMENT=17;

--
-- AUTO_INCREMENT for table `d3ti_user`
--
ALTER TABLE `d3ti_user`
  MODIFY `user_id` int(11) NOT NULL AUTO_INCREMENT, AUTO_INCREMENT=25;

--
-- AUTO_INCREMENT for table `d3ti_youtube`
--
ALTER TABLE `d3ti_youtube`
  MODIFY `youtube_id` int(11) NOT NULL AUTO_INCREMENT, AUTO_INCREMENT=5518;

--
-- AUTO_INCREMENT for table `personal_access_tokens`
--
ALTER TABLE `personal_access_tokens`
  MODIFY `id` bigint(20) UNSIGNED NOT NULL AUTO_INCREMENT, AUTO_INCREMENT=229;

--
-- Constraints for dumped tables
--

--
-- Constraints for table `d3ti_event`
--
ALTER TABLE `d3ti_event`
  ADD CONSTRAINT `d3ti_event_ibfk_1` FOREIGN KEY (`event_author`) REFERENCES `d3ti_user` (`user_name`) ON DELETE CASCADE ON UPDATE CASCADE;

--
-- Constraints for table `d3ti_event_comment`
--
ALTER TABLE `d3ti_event_comment`
  ADD CONSTRAINT `d3ti_event_comment_ibfk_1` FOREIGN KEY (`event_id`) REFERENCES `d3ti_event` (`event_id`) ON DELETE CASCADE ON UPDATE CASCADE;

--
-- Constraints for table `d3ti_event_tags_link`
--
ALTER TABLE `d3ti_event_tags_link`
  ADD CONSTRAINT `d3ti_event_tags_link_ibfk_1` FOREIGN KEY (`event_id`) REFERENCES `d3ti_event` (`event_id`) ON DELETE CASCADE ON UPDATE CASCADE,
  ADD CONSTRAINT `d3ti_event_tags_link_ibfk_2` FOREIGN KEY (`tags_id`) REFERENCES `d3ti_tags` (`tags_id`) ON DELETE CASCADE ON UPDATE CASCADE;

--
-- Constraints for table `d3ti_post`
--
ALTER TABLE `d3ti_post`
  ADD CONSTRAINT `d3ti_post_ibfk_1` FOREIGN KEY (`post_author`) REFERENCES `d3ti_user` (`user_name`) ON DELETE CASCADE ON UPDATE CASCADE;

--
-- Constraints for table `d3ti_post_categories_link`
--
ALTER TABLE `d3ti_post_categories_link`
  ADD CONSTRAINT `d3ti_post_categories_link_ibfk_1` FOREIGN KEY (`post_categories_id`) REFERENCES `d3ti_post_categories` (`post_categories_id`) ON DELETE CASCADE ON UPDATE CASCADE,
  ADD CONSTRAINT `d3ti_post_categories_link_ibfk_2` FOREIGN KEY (`post_id`) REFERENCES `d3ti_post` (`post_id`) ON DELETE CASCADE ON UPDATE CASCADE;

--
-- Constraints for table `d3ti_post_comment`
--
ALTER TABLE `d3ti_post_comment`
  ADD CONSTRAINT `d3ti_post_comment_ibfk_1` FOREIGN KEY (`post_id`) REFERENCES `d3ti_post` (`post_id`) ON DELETE CASCADE ON UPDATE CASCADE;

--
-- Constraints for table `d3ti_post_tags_link`
--
ALTER TABLE `d3ti_post_tags_link`
  ADD CONSTRAINT `d3ti_post_tags_link_ibfk_1` FOREIGN KEY (`post_id`) REFERENCES `d3ti_post` (`post_id`) ON DELETE CASCADE ON UPDATE CASCADE,
  ADD CONSTRAINT `d3ti_post_tags_link_ibfk_2` FOREIGN KEY (`tags_id`) REFERENCES `d3ti_tags` (`tags_id`) ON DELETE CASCADE ON UPDATE CASCADE;

--
-- Constraints for table `d3ti_product`
--
ALTER TABLE `d3ti_product`
  ADD CONSTRAINT `d3ti_product_ibfk_1` FOREIGN KEY (`product_author`) REFERENCES `d3ti_user` (`user_name`) ON DELETE CASCADE ON UPDATE CASCADE;

--
-- Constraints for table `d3ti_product_categories_link`
--
ALTER TABLE `d3ti_product_categories_link`
  ADD CONSTRAINT `d3ti_product_categories_link_ibfk_1` FOREIGN KEY (`product_categories_id`) REFERENCES `d3ti_product_categories` (`product_categories_id`) ON DELETE CASCADE ON UPDATE CASCADE,
  ADD CONSTRAINT `d3ti_product_categories_link_ibfk_2` FOREIGN KEY (`product_id`) REFERENCES `d3ti_product` (`product_id`) ON DELETE CASCADE ON UPDATE CASCADE;

--
-- Constraints for table `d3ti_product_comment`
--
ALTER TABLE `d3ti_product_comment`
  ADD CONSTRAINT `d3ti_product_comment_ibfk_1` FOREIGN KEY (`product_id`) REFERENCES `d3ti_product` (`product_id`) ON DELETE CASCADE ON UPDATE CASCADE;

--
-- Constraints for table `d3ti_product_tags_link`
--
ALTER TABLE `d3ti_product_tags_link`
  ADD CONSTRAINT `d3ti_product_tags_link_ibfk_1` FOREIGN KEY (`product_id`) REFERENCES `d3ti_product` (`product_id`) ON DELETE CASCADE ON UPDATE CASCADE,
  ADD CONSTRAINT `d3ti_product_tags_link_ibfk_2` FOREIGN KEY (`tags_id`) REFERENCES `d3ti_tags` (`tags_id`) ON DELETE CASCADE ON UPDATE CASCADE;

--
-- Constraints for table `d3ti_role_permission`
--
ALTER TABLE `d3ti_role_permission`
  ADD CONSTRAINT `d3ti_role_permission_ibfk_1` FOREIGN KEY (`role_id`) REFERENCES `d3ti_role` (`role_id`) ON DELETE CASCADE ON UPDATE CASCADE;

--
-- Constraints for table `d3ti_user`
--
ALTER TABLE `d3ti_user`
  ADD CONSTRAINT `d3ti_user_ibfk_1` FOREIGN KEY (`user_role`) REFERENCES `d3ti_role` (`role_id`) ON DELETE CASCADE ON UPDATE CASCADE;
COMMIT;

/*!40101 SET CHARACTER_SET_CLIENT=@OLD_CHARACTER_SET_CLIENT */;
/*!40101 SET CHARACTER_SET_RESULTS=@OLD_CHARACTER_SET_RESULTS */;
/*!40101 SET COLLATION_CONNECTION=@OLD_COLLATION_CONNECTION */;
